
PLAY [verify] ******************************************************************

TASK [Gathering Facts] *********************************************************
ok: [localhost]

TASK [/stigforge/roles/cs9_stig : StigForge apply cs9_stig profile stig] *******
included: /stigforge/roles/cs9_stig/tasks/stig.yml for localhost

TASK [/stigforge/roles/cs9_stig : Gather the package facts] ********************
ok: [localhost]

TASK [/stigforge/roles/cs9_stig : Ensure aide is installed] ********************
skipping: [localhost]

TASK [/stigforge/roles/cs9_stig : Build and Test AIDE Database - Ensure AIDE Is Installed] ***
skipping: [localhost] => (item=aide) 
skipping: [localhost]

TASK [/stigforge/roles/cs9_stig : Configure AIDE to Verify the Audit Tools - Ensure AIDE is Installed] ***
skipping: [localhost] => (item=aide) 
skipping: [localhost]

TASK [/stigforge/roles/cs9_stig : Configure Notification of Post-AIDE Scan Details - Ensure AIDE is installed] ***
skipping: [localhost] => (item=aide) 
skipping: [localhost]

TASK [/stigforge/roles/cs9_stig : Configure AIDE to Use FIPS 140-2 for Validating Hashes - Ensure aide is installed] ***
skipping: [localhost]

TASK [/stigforge/roles/cs9_stig : Ensure crypto-policies is installed] *********
ok: [localhost]

TASK [/stigforge/roles/cs9_stig : Ensure System Cryptographic Policy Is Not Overridden - Ensure crypto-policies-scripts package is installed] ***
skipping: [localhost]

TASK [/stigforge/roles/cs9_stig : Ensure sudo is installed] ********************
skipping: [localhost]

TASK [/stigforge/roles/cs9_stig : Ensure gnutls-utils is installed] ************
skipping: [localhost]

TASK [/stigforge/roles/cs9_stig : Ensure nss-tools is installed] ***************
skipping: [localhost]

TASK [/stigforge/roles/cs9_stig : Ensure rng-tools is installed] ***************
skipping: [localhost]

TASK [/stigforge/roles/cs9_stig : Uninstall gssproxy Package: Ensure gssproxy is removed] ***
ok: [localhost]

TASK [/stigforge/roles/cs9_stig : Uninstall iprutils Package: Ensure iprutils is removed] ***
ok: [localhost]

TASK [/stigforge/roles/cs9_stig : Uninstall tuned Package: Ensure tuned is removed] ***
ok: [localhost]

TASK [/stigforge/roles/cs9_stig : Ensure dnf-plugins-core is installed] ********
changed: [localhost]

TASK [/stigforge/roles/cs9_stig : Lock Accounts Must Persist - Ensure necessary SELinux packages are installed] ***
skipping: [localhost] => (item=python3-libselinux) 
skipping: [localhost] => (item=python3-policycoreutils) 
skipping: [localhost] => (item=policycoreutils-python-utils) 
skipping: [localhost]

TASK [/stigforge/roles/cs9_stig : Ensure rsyslog-gnutls is installed] **********
skipping: [localhost]

TASK [/stigforge/roles/cs9_stig : Ensure rsyslog is installed] *****************
skipping: [localhost]

TASK [/stigforge/roles/cs9_stig : Ensure libreswan is installed] ***************
skipping: [localhost]

TASK [/stigforge/roles/cs9_stig : Deactivate Wireless Network Interfaces - Ensure NetworkManager is installed] ***
skipping: [localhost] => (item=NetworkManager) 
skipping: [localhost]

TASK [/stigforge/roles/cs9_stig : Ensure policycoreutils-python-utils is installed] ***
skipping: [localhost]

TASK [/stigforge/roles/cs9_stig : Ensure policycoreutils is installed] *********
skipping: [localhost]

TASK [/stigforge/roles/cs9_stig : Ensure fapolicyd is installed] ***************
skipping: [localhost]

TASK [/stigforge/roles/cs9_stig : Uninstall vsftpd Package: Ensure vsftpd is removed] ***
ok: [localhost]

TASK [/stigforge/roles/cs9_stig : Ensure postfix is installed] *****************
skipping: [localhost]

TASK [/stigforge/roles/cs9_stig : Ensure s-nail is installed] ******************
skipping: [localhost]

TASK [/stigforge/roles/cs9_stig : Uninstall Sendmail Package: Ensure sendmail is removed] ***
skipping: [localhost]

TASK [/stigforge/roles/cs9_stig : Uninstall nfs-utils Package: Ensure nfs-utils is removed] ***
ok: [localhost]

TASK [/stigforge/roles/cs9_stig : Ensure chrony is installed] ******************
skipping: [localhost]

TASK [/stigforge/roles/cs9_stig : Uninstall telnet-server Package: Ensure telnet-server is removed] ***
ok: [localhost]

TASK [/stigforge/roles/cs9_stig : Uninstall tftp-server Package: Ensure tftp-server is removed] ***
ok: [localhost]

TASK [/stigforge/roles/cs9_stig : Ensure openssh-clients is installed] *********
skipping: [localhost]

TASK [/stigforge/roles/cs9_stig : Ensure openssh-server is installed] **********
skipping: [localhost]

TASK [/stigforge/roles/cs9_stig : Enable SSH Server firewalld Firewall Exception - Ensure firewalld and NetworkManager packages are installed] ***
skipping: [localhost] => (item=firewalld) 
skipping: [localhost] => (item=NetworkManager) 
skipping: [localhost]

TASK [/stigforge/roles/cs9_stig : Ensure usbguard is installed] ****************
skipping: [localhost]

TASK [/stigforge/roles/cs9_stig : Ensure audispd-plugins is installed] *********
skipping: [localhost]

TASK [/stigforge/roles/cs9_stig : Ensure audit is installed] *******************
skipping: [localhost]

TASK [/stigforge/roles/cs9_stig : Gather the package facts] ********************
ok: [localhost]

TASK [/stigforge/roles/cs9_stig : Disable debug-shell SystemD Service - Collect systemd Services Present in the System] ***
skipping: [localhost]

TASK [/stigforge/roles/cs9_stig : Disable debug-shell SystemD Service - Ensure debug-shell.service is Masked] ***
skipping: [localhost]

TASK [/stigforge/roles/cs9_stig : Unit Socket Exists - debug-shell.socket] *****
skipping: [localhost]

TASK [/stigforge/roles/cs9_stig : Disable debug-shell SystemD Service - Disable Socket debug-shell] ***
skipping: [localhost]

TASK [/stigforge/roles/cs9_stig : Enable rsyslog Service - Enable Service rsyslog] ***
skipping: [localhost]

TASK [/stigforge/roles/cs9_stig : Enable systemd-journald Service - Enable Service systemd-journald] ***
skipping: [localhost]

TASK [/stigforge/roles/cs9_stig : Disable the Automounter - Collect systemd Services Present in the System] ***
skipping: [localhost]

TASK [/stigforge/roles/cs9_stig : Disable the Automounter - Ensure autofs.service is Masked] ***
skipping: [localhost]

TASK [/stigforge/roles/cs9_stig : Unit Socket Exists - autofs.socket] **********
skipping: [localhost]

TASK [/stigforge/roles/cs9_stig : Disable the Automounter - Disable Socket autofs] ***
skipping: [localhost]

TASK [/stigforge/roles/cs9_stig : Disable KDump Kernel Crash Analyzer (kdump) - Collect systemd Services Present in the System] ***
skipping: [localhost]

TASK [/stigforge/roles/cs9_stig : Disable KDump Kernel Crash Analyzer (kdump) - Ensure kdump.service is Masked] ***
skipping: [localhost]

TASK [/stigforge/roles/cs9_stig : Unit Socket Exists - kdump.socket] ***********
skipping: [localhost]

TASK [/stigforge/roles/cs9_stig : Disable KDump Kernel Crash Analyzer (kdump) - Disable Socket kdump] ***
skipping: [localhost]

TASK [/stigforge/roles/cs9_stig : Enable the File Access Policy Service - Enable Service fapolicyd] ***
skipping: [localhost]

TASK [/stigforge/roles/cs9_stig : The Chronyd service is enabled - Enable Service chronyd] ***
skipping: [localhost]

TASK [/stigforge/roles/cs9_stig : Enable the OpenSSH Service - Enable Service sshd] ***
skipping: [localhost]

TASK [/stigforge/roles/cs9_stig : Enable the USBGuard Service - Enable Service usbguard] ***
skipping: [localhost]

TASK [/stigforge/roles/cs9_stig : Enable auditd Service - Enable Service auditd] ***
skipping: [localhost]

TASK [/stigforge/roles/cs9_stig : Gather the service facts] ********************
skipping: [localhost]

TASK [/stigforge/roles/cs9_stig : Build and Test AIDE Database - Check Whether the Stock AIDE Database Exists] ***
skipping: [localhost]

TASK [/stigforge/roles/cs9_stig : Build and Test AIDE Database - Build and Test AIDE Database] ***
skipping: [localhost]

TASK [/stigforge/roles/cs9_stig : Build and Test AIDE Database - Stage AIDE Database] ***
skipping: [localhost]

TASK [/stigforge/roles/cs9_stig : Set "Configure AIDE to Verify the Audit Tools - audit_tools fact"] ***
skipping: [localhost]

TASK [/stigforge/roles/cs9_stig : Configure AIDE to Verify the Audit Tools - Ensure Existing AIDE Configuration for Audit Tools are Correct] ***
skipping: [localhost]

TASK [/stigforge/roles/cs9_stig : Configure AIDE to Verify the Audit Tools - Configure AIDE to Properly Protect Audit Tools] ***
skipping: [localhost]

TASK [/stigforge/roles/cs9_stig : Configure Notification of Post-AIDE Scan Details - Setup Cron Tab] ***
skipping: [localhost]

TASK [/stigforge/roles/cs9_stig : Configure AIDE to Use FIPS 140-2 for Validating Hashes - Set-fact aide config file and forbidden hashes] ***
skipping: [localhost]

TASK [/stigforge/roles/cs9_stig : Configure AIDE to Use FIPS 140-2 for Validating Hashes - Remove forbidden hashes] ***
skipping: [localhost]

TASK [/stigforge/roles/cs9_stig : Configure AIDE to Use FIPS 140-2 for Validating Hashes - Set sha512] ***
skipping: [localhost]

TASK [/stigforge/roles/cs9_stig : Get rules groups] ****************************
skipping: [localhost]

TASK [/stigforge/roles/cs9_stig : Ensure the acl rule is present when aide is installed.] ***
skipping: [localhost]

TASK [/stigforge/roles/cs9_stig : Ensure the acl attribute is present on selection lines with direct attributes] ***
skipping: [localhost]

TASK [/stigforge/roles/cs9_stig : Get rules groups] ****************************
skipping: [localhost]

TASK [/stigforge/roles/cs9_stig : Ensure the xattrs rule is present when aide is installed.] ***
skipping: [localhost]

TASK [/stigforge/roles/cs9_stig : Ensure the xattrs attribute is present on selection lines with direct attributes] ***
skipping: [localhost]

TASK [/stigforge/roles/cs9_stig : Set the file_audit_tools_group_ownership_newgroup variable if represented by gid] ***
skipping: [localhost]

TASK [/stigforge/roles/cs9_stig : Test for existence /sbin/auditctl] ***********
skipping: [localhost]

TASK [/stigforge/roles/cs9_stig : Ensure group owner on /sbin/auditctl] ********
skipping: [localhost]

TASK [/stigforge/roles/cs9_stig : Test for existence /sbin/aureport] ***********
skipping: [localhost]

TASK [/stigforge/roles/cs9_stig : Ensure group owner on /sbin/aureport] ********
skipping: [localhost]

TASK [/stigforge/roles/cs9_stig : Test for existence /sbin/ausearch] ***********
skipping: [localhost]

TASK [/stigforge/roles/cs9_stig : Ensure group owner on /sbin/ausearch] ********
skipping: [localhost]

TASK [/stigforge/roles/cs9_stig : Test for existence /sbin/autrace] ************
skipping: [localhost]

TASK [/stigforge/roles/cs9_stig : Ensure group owner on /sbin/autrace] *********
skipping: [localhost]

TASK [/stigforge/roles/cs9_stig : Test for existence /sbin/auditd] *************
skipping: [localhost]

TASK [/stigforge/roles/cs9_stig : Ensure group owner on /sbin/auditd] **********
skipping: [localhost]

TASK [/stigforge/roles/cs9_stig : Test for existence /sbin/rsyslogd] ***********
skipping: [localhost]

TASK [/stigforge/roles/cs9_stig : Ensure group owner on /sbin/rsyslogd] ********
skipping: [localhost]

TASK [/stigforge/roles/cs9_stig : Test for existence /sbin/augenrules] *********
skipping: [localhost]

TASK [/stigforge/roles/cs9_stig : Ensure group owner on /sbin/augenrules] ******
skipping: [localhost]

TASK [/stigforge/roles/cs9_stig : Set the file_audit_tools_ownership_newown variable if represented by uid] ***
skipping: [localhost]

TASK [/stigforge/roles/cs9_stig : Test for existence /sbin/auditctl] ***********
skipping: [localhost]

TASK [/stigforge/roles/cs9_stig : Ensure owner on /sbin/auditctl] **************
skipping: [localhost]

TASK [/stigforge/roles/cs9_stig : Test for existence /sbin/aureport] ***********
skipping: [localhost]

TASK [/stigforge/roles/cs9_stig : Ensure owner on /sbin/aureport] **************
skipping: [localhost]

TASK [/stigforge/roles/cs9_stig : Test for existence /sbin/ausearch] ***********
skipping: [localhost]

TASK [/stigforge/roles/cs9_stig : Ensure owner on /sbin/ausearch] **************
skipping: [localhost]

TASK [/stigforge/roles/cs9_stig : Test for existence /sbin/autrace] ************
skipping: [localhost]

TASK [/stigforge/roles/cs9_stig : Ensure owner on /sbin/autrace] ***************
skipping: [localhost]

TASK [/stigforge/roles/cs9_stig : Test for existence /sbin/auditd] *************
skipping: [localhost]

TASK [/stigforge/roles/cs9_stig : Ensure owner on /sbin/auditd] ****************
skipping: [localhost]

TASK [/stigforge/roles/cs9_stig : Test for existence /sbin/rsyslogd] ***********
skipping: [localhost]

TASK [/stigforge/roles/cs9_stig : Ensure owner on /sbin/rsyslogd] **************
skipping: [localhost]

TASK [/stigforge/roles/cs9_stig : Test for existence /sbin/augenrules] *********
skipping: [localhost]

TASK [/stigforge/roles/cs9_stig : Ensure owner on /sbin/augenrules] ************
skipping: [localhost]

TASK [/stigforge/roles/cs9_stig : Test for existence /sbin/auditctl] ***********
skipping: [localhost]

TASK [/stigforge/roles/cs9_stig : Ensure permission u-s,g-ws,o-wt on /sbin/auditctl] ***
skipping: [localhost]

TASK [/stigforge/roles/cs9_stig : Test for existence /sbin/aureport] ***********
skipping: [localhost]

TASK [/stigforge/roles/cs9_stig : Ensure permission u-s,g-ws,o-wt on /sbin/aureport] ***
skipping: [localhost]

TASK [/stigforge/roles/cs9_stig : Test for existence /sbin/ausearch] ***********
skipping: [localhost]

TASK [/stigforge/roles/cs9_stig : Ensure permission u-s,g-ws,o-wt on /sbin/ausearch] ***
skipping: [localhost]

TASK [/stigforge/roles/cs9_stig : Test for existence /sbin/autrace] ************
skipping: [localhost]

TASK [/stigforge/roles/cs9_stig : Ensure permission u-s,g-ws,o-wt on /sbin/autrace] ***
skipping: [localhost]

TASK [/stigforge/roles/cs9_stig : Test for existence /sbin/auditd] *************
skipping: [localhost]

TASK [/stigforge/roles/cs9_stig : Ensure permission u-s,g-ws,o-wt on /sbin/auditd] ***
skipping: [localhost]

TASK [/stigforge/roles/cs9_stig : Test for existence /sbin/rsyslogd] ***********
skipping: [localhost]

TASK [/stigforge/roles/cs9_stig : Ensure permission u-s,g-ws,o-wt on /sbin/rsyslogd] ***
skipping: [localhost]

TASK [/stigforge/roles/cs9_stig : Test for existence /sbin/augenrules] *********
skipping: [localhost]

TASK [/stigforge/roles/cs9_stig : Ensure permission u-s,g-ws,o-wt on /sbin/augenrules] ***
skipping: [localhost]

TASK [/stigforge/roles/cs9_stig : Implement STIG Sub Crypto Policy - Create custom crypto policy - cipher] ***
skipping: [localhost]

TASK [/stigforge/roles/cs9_stig : Implement STIG Sub Crypto Policy - Create custom crypto policy - mac] ***
skipping: [localhost]

TASK [/stigforge/roles/cs9_stig : Implement STIG Sub Crypto Policy - Check current crypto policy] ***
skipping: [localhost]

TASK [/stigforge/roles/cs9_stig : Implement STIG Sub Crypto Policy - Update crypto-policies] ***
skipping: [localhost]

TASK [/stigforge/roles/cs9_stig : Configure BIND to use System Crypto Policy - Check BIND configuration file exists] ***
skipping: [localhost]

TASK [/stigforge/roles/cs9_stig : Configure BIND to use System Crypto Policy - Aborting remediation, file not found] ***
skipping: [localhost]

TASK [/stigforge/roles/cs9_stig : Configure BIND to use System Crypto Policy - Insert crypto-policy into BIND config] ***
skipping: [localhost]

TASK [/stigforge/roles/cs9_stig : Configure System Cryptography Policy - Check current crypto policy (runtime)] ***
ok: [localhost]

TASK [/stigforge/roles/cs9_stig : Configure System Cryptography Policy - Get mtime of /etc/crypto-policies/config] ***
ok: [localhost]

TASK [/stigforge/roles/cs9_stig : Configure System Cryptography Policy - Get mtime of /etc/crypto-policies/state/current] ***
ok: [localhost]

TASK [/stigforge/roles/cs9_stig : Configure System Cryptography Policy - Check existence of /etc/crypto-policies/back-ends/nss.config] ***
ok: [localhost]

TASK [/stigforge/roles/cs9_stig : Configure System Cryptography Policy - Verify that Crypto Policy is Set (runtime)] ***
fatal: [localhost]: FAILED! => {"changed": true, "cmd": ["/usr/bin/update-crypto-policies", "--set", "FIPS:STIG"], "delta": "0:00:00.035732", "end": "2026-09-12 13:01:03.641750", "msg": "non-zero return code", "rc": 1, "start": "2026-09-12 13:01:03.606018", "stderr": "Warning: Using 'update-crypto-policies --set FIPS' is not sufficient for\n         FIPS compliance.\n         Use 'fips-mode-setup --enable' command instead.\nUnknown policy `STIG`: file `STIG.pmod` not found in (., policies/modules, /etc/crypto-policies/policies/modules, /usr/share/crypto-policies/policies/modules)", "stderr_lines": ["Warning: Using 'update-crypto-policies --set FIPS' is not sufficient for", "         FIPS compliance.", "         Use 'fips-mode-setup --enable' command instead.", "Unknown policy `STIG`: file `STIG.pmod` not found in (., policies/modules, /etc/crypto-policies/policies/modules, /usr/share/crypto-policies/policies/modules)"], "stdout": "", "stdout_lines": []}

TASK [/stigforge/roles/cs9_stig : StigForge: continue after error in 'Configure System Cryptography Policy - Verify that Crypto Policy is Set (runtime)' (OpenSCAP is the score gate)] ***
ok: [localhost] => {
    "msg": "StigForge: 'Configure System Cryptography Policy - Verify that Crypto Policy is Set (runtime)' raised an error (module or templating) and was skipped; continuing so later rules still run. OpenSCAP evaluates the resulting system state independently."
}

TASK [/stigforge/roles/cs9_stig : Configure Libreswan to use System Crypto Policy] ***
skipping: [localhost]

TASK [/stigforge/roles/cs9_stig : Ensure System Cryptographic Policy Is Not Overridden - Check if crypto policy is overridden] ***
skipping: [localhost]

TASK [/stigforge/roles/cs9_stig : Ensure System Cryptographic Policy Is Not Overridden - Re-apply crypto policy] ***
skipping: [localhost]

TASK [/stigforge/roles/cs9_stig : Make sure that the dconf databases are up-to-date with regards to respective keyfiles - Get database modification time for distro] ***
skipping: [localhost]

TASK [/stigforge/roles/cs9_stig : Make sure that the dconf databases are up-to-date with regards to respective keyfiles - Get keyfiles for distro] ***
skipping: [localhost]

TASK [/stigforge/roles/cs9_stig : Make sure that the dconf databases are up-to-date with regards to respective keyfiles - Run dconf update for distro] ***
skipping: [localhost]

TASK [/stigforge/roles/cs9_stig : Make sure that the dconf databases are up-to-date with regards to respective keyfiles - Get database modification time for local] ***
skipping: [localhost]

TASK [/stigforge/roles/cs9_stig : Make sure that the dconf databases are up-to-date with regards to respective keyfiles - Get keyfiles for local] ***
skipping: [localhost]

TASK [/stigforge/roles/cs9_stig : Make sure that the dconf databases are up-to-date with regards to respective keyfiles - Run dconf update for local] ***
skipping: [localhost]

TASK [/stigforge/roles/cs9_stig : Disable the GNOME3 Login Restart and Shutdown Buttons] ***
skipping: [localhost]

TASK [/stigforge/roles/cs9_stig : Prevent user modification of GNOME disablement of Login Restart and Shutdown Buttons] ***
skipping: [localhost]

TASK [/stigforge/roles/cs9_stig : Dconf Update] ********************************
skipping: [localhost]

TASK [/stigforge/roles/cs9_stig : Disable the GNOME3 Login User List] **********
skipping: [localhost]

TASK [/stigforge/roles/cs9_stig : Prevent user modification of GNOME3 disablement of Login User List] ***
skipping: [localhost]

TASK [/stigforge/roles/cs9_stig : Dconf Update] ********************************
skipping: [localhost]

TASK [/stigforge/roles/cs9_stig : Detect if removal-action can be found on /etc/dconf/db/local.d/] ***
skipping: [localhost]

TASK [/stigforge/roles/cs9_stig : Configure removal-action - default file] *****
skipping: [localhost]

TASK [/stigforge/roles/cs9_stig : Configure removal-action - existing files] ***
skipping: [localhost]

TASK [/stigforge/roles/cs9_stig : Detect if lock for removal-action can be found on /etc/dconf/db/local.d/] ***
skipping: [localhost]

TASK [/stigforge/roles/cs9_stig : Prevent user modification removal-action - default file] ***
skipping: [localhost]

TASK [/stigforge/roles/cs9_stig : Prevent user modification removal-action - existing files] ***
skipping: [localhost]

TASK [/stigforge/roles/cs9_stig : Dconf Update - removal-action] ***************
skipping: [localhost]

TASK [/stigforge/roles/cs9_stig : Disable GDM Automatic Login] *****************
skipping: [localhost]

TASK [/stigforge/roles/cs9_stig : Disable GNOME3 Automounting - automount-open] ***
skipping: [localhost]

TASK [/stigforge/roles/cs9_stig : Prevent user modification of GNOME3 Automounting - automount-open] ***
skipping: [localhost]

TASK [/stigforge/roles/cs9_stig : Dconf Update] ********************************
skipping: [localhost]

TASK [/stigforge/roles/cs9_stig : Disable GNOME3 Automounting - autorun-never] ***
skipping: [localhost]

TASK [/stigforge/roles/cs9_stig : Prevent user modification of GNOME3 Automounting - autorun-never] ***
skipping: [localhost]

TASK [/stigforge/roles/cs9_stig : Dconf Update] ********************************
skipping: [localhost]

TASK [/stigforge/roles/cs9_stig : Set GNOME3 Screensaver Lock Delay After Activation Period] ***
skipping: [localhost]

TASK [/stigforge/roles/cs9_stig : Dconf Update] ********************************
skipping: [localhost]

TASK [/stigforge/roles/cs9_stig : Enable GNOME3 Screensaver Lock After Idle Period - Enable GNOME3 Screensaver Lock After Idle Period] ***
skipping: [localhost]

TASK [/stigforge/roles/cs9_stig : Enable GNOME3 Screensaver Lock After Idle Period - Prevent user modification of GNOME lock-enabled] ***
skipping: [localhost]

TASK [/stigforge/roles/cs9_stig : Enable GNOME3 Screensaver Lock After Idle Period - Enable GNOME3 Screensaver Lock After Idle Period] ***
skipping: [localhost]

TASK [/stigforge/roles/cs9_stig : Enable GNOME3 Screensaver Lock After Idle Period - Prevent user modification of GNOME disable-lock-screen] ***
skipping: [localhost]

TASK [/stigforge/roles/cs9_stig : Enable GNOME3 Screensaver Lock After Idle Period - Check GNOME3 screenserver disable-lock-screen false] ***
skipping: [localhost]

TASK [/stigforge/roles/cs9_stig : Enable GNOME3 Screensaver Lock After Idle Period - Update GNOME3 screenserver disable-lock-screen false] ***
skipping: [localhost]

TASK [/stigforge/roles/cs9_stig : Enable GNOME3 Screensaver Lock After Idle Period - Update dconf database for non-SLES systems] ***
skipping: [localhost]

TASK [/stigforge/roles/cs9_stig : Enable GNOME3 Screensaver Lock After Idle Period - Update dconf database for SLES systems] ***
skipping: [localhost]

TASK [/stigforge/roles/cs9_stig : Implement Blank Screensaver] *****************
skipping: [localhost]

TASK [/stigforge/roles/cs9_stig : Prevent user modification of GNOME picture-uri] ***
skipping: [localhost]

TASK [/stigforge/roles/cs9_stig : Dconf Update] ********************************
skipping: [localhost]

TASK [/stigforge/roles/cs9_stig : Prevent user modification of GNOME lock-delay] ***
skipping: [localhost]

TASK [/stigforge/roles/cs9_stig : Dconf Update] ********************************
skipping: [localhost]

TASK [/stigforge/roles/cs9_stig : Disable Ctrl-Alt-Del Reboot Key Sequence in GNOME3] ***
skipping: [localhost]

TASK [/stigforge/roles/cs9_stig : Prevent user modification of GNOME disablement of Ctrl-Alt-Del] ***
skipping: [localhost]

TASK [/stigforge/roles/cs9_stig : Dconf Update] ********************************
skipping: [localhost]

TASK [/stigforge/roles/cs9_stig : Find /etc/sudoers.d/ files] ******************
skipping: [localhost]

TASK [/stigforge/roles/cs9_stig : Remove lines containing !authenticate from sudoers files] ***
skipping: [localhost]

TASK [/stigforge/roles/cs9_stig : Find out if /etc/sudoers.d/* files contain Defaults targetpw to be deduplicated] ***
skipping: [localhost]

TASK [/stigforge/roles/cs9_stig : Remove found occurrences of Defaults targetpw from /etc/sudoers.d/* files] ***
skipping: [localhost]

TASK [/stigforge/roles/cs9_stig : Find out if /etc/sudoers.d/* files contain Defaults rootpw to be deduplicated] ***
skipping: [localhost]

TASK [/stigforge/roles/cs9_stig : Remove found occurrences of Defaults rootpw from /etc/sudoers.d/* files] ***
skipping: [localhost]

TASK [/stigforge/roles/cs9_stig : Find out if /etc/sudoers.d/* files contain Defaults runaspw to be deduplicated] ***
skipping: [localhost]

TASK [/stigforge/roles/cs9_stig : Remove found occurrences of Defaults runaspw from /etc/sudoers.d/* files] ***
skipping: [localhost]

TASK [/stigforge/roles/cs9_stig : Remove any occurrences of Defaults targetpw in /etc/sudoers] ***
skipping: [localhost]

TASK [/stigforge/roles/cs9_stig : Remove any occurrences of Defaults rootpw in /etc/sudoers] ***
skipping: [localhost]

TASK [/stigforge/roles/cs9_stig : Remove any occurrences of Defaults runaspw in /etc/sudoers] ***
skipping: [localhost]

TASK [/stigforge/roles/cs9_stig : Check for duplicate values] ******************
skipping: [localhost]

TASK [/stigforge/roles/cs9_stig : Deduplicate values from /etc/sudoers] ********
skipping: [localhost]

TASK [/stigforge/roles/cs9_stig : Insert correct line into /etc/sudoers] *******
skipping: [localhost]

TASK [/stigforge/roles/cs9_stig : Check for duplicate values] ******************
skipping: [localhost]

TASK [/stigforge/roles/cs9_stig : Deduplicate values from /etc/sudoers] ********
skipping: [localhost]

TASK [/stigforge/roles/cs9_stig : Insert correct line into /etc/sudoers] *******
skipping: [localhost]

TASK [/stigforge/roles/cs9_stig : Check for duplicate values] ******************
skipping: [localhost]

TASK [/stigforge/roles/cs9_stig : Deduplicate values from /etc/sudoers] ********
skipping: [localhost]

TASK [/stigforge/roles/cs9_stig : Insert correct line into /etc/sudoers] *******
skipping: [localhost]

TASK [/stigforge/roles/cs9_stig : Ensure dnf Removes Previous Package Versions - Ensure DNF Removes Previous Package Versions] ***
changed: [localhost]

TASK [/stigforge/roles/cs9_stig : Find all repository files] *******************
ok: [localhost]

TASK [/stigforge/roles/cs9_stig : Find EPEL repository IDs by name] ************
ok: [localhost] => (item={'path': '/etc/yum.repos.d/centos-addons.repo', 'mode': '0644', 'isdir': False, 'ischr': False, 'isblk': False, 'isreg': True, 'isfifo': False, 'islnk': False, 'issock': False, 'uid': 0, 'gid': 0, 'size': 4245, 'inode': 19298617, 'dev': 93, 'nlink': 1, 'atime': 1780675495.0, 'mtime': 1780675495.0, 'ctime': 1788943484.750915, 'gr_name': 'root', 'pw_name': 'root', 'wusr': True, 'rusr': True, 'xusr': False, 'wgrp': False, 'rgrp': True, 'xgrp': False, 'woth': False, 'roth': True, 'xoth': False, 'isuid': False, 'isgid': False})
ok: [localhost] => (item={'path': '/etc/yum.repos.d/centos.repo', 'mode': '0644', 'isdir': False, 'ischr': False, 'isblk': False, 'isreg': True, 'isfifo': False, 'islnk': False, 'issock': False, 'uid': 0, 'gid': 0, 'size': 2600, 'inode': 19298618, 'dev': 93, 'nlink': 1, 'atime': 1780675495.0, 'mtime': 1780675495.0, 'ctime': 1788943484.7509801, 'gr_name': 'root', 'pw_name': 'root', 'wusr': True, 'rusr': True, 'xusr': False, 'wgrp': False, 'rgrp': True, 'xgrp': False, 'woth': False, 'roth': True, 'xoth': False, 'isuid': False, 'isgid': False})

TASK [/stigforge/roles/cs9_stig : Disable EPEL repositories using dnf/yum config-manager] ***
skipping: [localhost]

TASK [/stigforge/roles/cs9_stig : Ensure GPG check is globally activated] ******
ok: [localhost]

TASK [/stigforge/roles/cs9_stig : Check stats of dnf] **************************
ok: [localhost]

TASK [/stigforge/roles/cs9_stig : Check if config file of dnf is a symlink] ****
skipping: [localhost]

TASK [/stigforge/roles/cs9_stig : Ensure GPG check Enabled for Local Packages (dnf)] ***
changed: [localhost]

TASK [/stigforge/roles/cs9_stig : Grep for dnf repo section names] *************
ok: [localhost]

TASK [/stigforge/roles/cs9_stig : Set gpgcheck=1 for each dnf repo] ************
ok: [localhost] => (item=['/etc/yum.repos.d/centos-addons.repo', 'highavailability'])
ok: [localhost] => (item=['/etc/yum.repos.d/centos-addons.repo', 'highavailability-debuginfo'])
ok: [localhost] => (item=['/etc/yum.repos.d/centos-addons.repo', 'highavailability-source'])
ok: [localhost] => (item=['/etc/yum.repos.d/centos-addons.repo', 'nfv'])
ok: [localhost] => (item=['/etc/yum.repos.d/centos-addons.repo', 'nfv-debuginfo'])
ok: [localhost] => (item=['/etc/yum.repos.d/centos-addons.repo', 'nfv-source'])
ok: [localhost] => (item=['/etc/yum.repos.d/centos-addons.repo', 'rt'])
ok: [localhost] => (item=['/etc/yum.repos.d/centos-addons.repo', 'rt-debuginfo'])
ok: [localhost] => (item=['/etc/yum.repos.d/centos-addons.repo', 'rt-source'])
ok: [localhost] => (item=['/etc/yum.repos.d/centos-addons.repo', 'resilientstorage'])
ok: [localhost] => (item=['/etc/yum.repos.d/centos-addons.repo', 'resilientstorage-debuginfo'])
ok: [localhost] => (item=['/etc/yum.repos.d/centos-addons.repo', 'resilientstorage-source'])
ok: [localhost] => (item=['/etc/yum.repos.d/centos-addons.repo', 'extras-common'])
ok: [localhost] => (item=['/etc/yum.repos.d/centos-addons.repo', 'extras-common-source'])
ok: [localhost] => (item=['/etc/yum.repos.d/centos.repo', 'baseos'])
ok: [localhost] => (item=['/etc/yum.repos.d/centos.repo', 'baseos-debuginfo'])
ok: [localhost] => (item=['/etc/yum.repos.d/centos.repo', 'baseos-source'])
ok: [localhost] => (item=['/etc/yum.repos.d/centos.repo', 'appstream'])
ok: [localhost] => (item=['/etc/yum.repos.d/centos.repo', 'appstream-debuginfo'])
ok: [localhost] => (item=['/etc/yum.repos.d/centos.repo', 'appstream-source'])
ok: [localhost] => (item=['/etc/yum.repos.d/centos.repo', 'crb'])
ok: [localhost] => (item=['/etc/yum.repos.d/centos.repo', 'crb-debuginfo'])
ok: [localhost] => (item=['/etc/yum.repos.d/centos.repo', 'crb-source'])

TASK [/stigforge/roles/cs9_stig : Ensure Red Hat GPG Key Installed: Read permission of GPG key directory] ***
ok: [localhost]

TASK [/stigforge/roles/cs9_stig : Ensure Red Hat GPG Key Installed: Read signatures in GPG key] ***
ok: [localhost]

TASK [/stigforge/roles/cs9_stig : Ensure Red Hat GPG Key Installed: Set Fact - Installed GPG Fingerprints] ***
ok: [localhost]

TASK [/stigforge/roles/cs9_stig : Ensure Red Hat GPG Key Installed: Set Fact - Valid fingerprints] ***
ok: [localhost]

TASK [/stigforge/roles/cs9_stig : Ensure Red Hat GPG Key Installed: Import RedHat GPG key] ***
skipping: [localhost]

TASK [/stigforge/roles/cs9_stig : Enable authselect - Check Current authselect Profile] ***
skipping: [localhost]

TASK [/stigforge/roles/cs9_stig : Enable authselect - Try to Select an authselect Profile] ***
skipping: [localhost]

TASK [/stigforge/roles/cs9_stig : Enable authselect - Verify If pam Has Been Altered] ***
skipping: [localhost]

TASK [/stigforge/roles/cs9_stig : Enable authselect - Informative Message Based on authselect Integrity Check] ***
skipping: [localhost]

TASK [/stigforge/roles/cs9_stig : Enable authselect - Force authselect Profile Selection] ***
skipping: [localhost]

TASK [/stigforge/roles/cs9_stig : Modify the System Login Banner - Ensure Correct Banner] ***
skipping: [localhost]

TASK [/stigforge/roles/cs9_stig : Enable GNOME3 Login Warning Banner] **********
skipping: [localhost]

TASK [/stigforge/roles/cs9_stig : Prevent user modification of GNOME banner-message-enabled] ***
skipping: [localhost]

TASK [/stigforge/roles/cs9_stig : Dconf Update] ********************************
skipping: [localhost]

TASK [/stigforge/roles/cs9_stig : Set the GNOME3 Login Warning Banner Text] ****
skipping: [localhost] => (item=distro.d) 
skipping: [localhost] => (item=distro.d/locks) 
skipping: [localhost]

TASK [/stigforge/roles/cs9_stig : Set the GNOME3 Login Warning Banner Text] ****
skipping: [localhost] => (item=00-security-settings) 
skipping: [localhost] => (item=locks/00-security-settings-lock) 
skipping: [localhost]

TASK [/stigforge/roles/cs9_stig : Set the GNOME3 Login Warning Banner Text] ****
skipping: [localhost]

TASK [/stigforge/roles/cs9_stig : Prevent user modification of the GNOME3 Login Warning Banner Text] ***
skipping: [localhost]

TASK [/stigforge/roles/cs9_stig : Dconf Update] ********************************
skipping: [localhost]

TASK [/stigforge/roles/cs9_stig : Check for pam_succeed_if entry] **************
skipping: [localhost]

TASK [/stigforge/roles/cs9_stig : Configure the Use of the pam_faillock.so Module in the /etc/pam.d/password-auth File. - Get current authselect profile] ***
skipping: [localhost]

TASK [/stigforge/roles/cs9_stig : Configure the Use of the pam_faillock.so Module in the /etc/pam.d/password-auth File. - Force reselect authselect profile] ***
skipping: [localhost]

TASK [/stigforge/roles/cs9_stig : Configure the Use of the pam_faillock.so Module in the /etc/pam.d/password-auth File. - Check if system relies on authselect tool] ***
skipping: [localhost]

TASK [/stigforge/roles/cs9_stig : Configure the Use of the pam_faillock.so Module in the /etc/pam.d/password-auth File. - Check integrity of authselect current profile] ***
skipping: [localhost]

TASK [/stigforge/roles/cs9_stig : Configure the Use of the pam_faillock.so Module in the /etc/pam.d/password-auth File. - Informative message based on the authselect integrity check result] ***
skipping: [localhost]

TASK [/stigforge/roles/cs9_stig : Configure the Use of the pam_faillock.so Module in the /etc/pam.d/password-auth File. - Get authselect current features] ***
skipping: [localhost]

TASK [/stigforge/roles/cs9_stig : Configure the Use of the pam_faillock.so Module in the /etc/pam.d/password-auth File. - Ensure "with-faillock" feature is enabled using authselect tool] ***
skipping: [localhost]

TASK [/stigforge/roles/cs9_stig : Configure the Use of the pam_faillock.so Module in the /etc/pam.d/password-auth File. - Ensure authselect changes are applied] ***
skipping: [localhost]

TASK [/stigforge/roles/cs9_stig : Configure the Use of the pam_faillock.so Module in the /etc/pam.d/password-auth File. - Check if pam_faillock.so is already enabled] ***
skipping: [localhost]

TASK [/stigforge/roles/cs9_stig : Configure the Use of the pam_faillock.so Module in the /etc/pam.d/password-auth File. - Enable pam_faillock.so preauth editing PAM files] ***
skipping: [localhost] => (item=/etc/pam.d/system-auth) 
skipping: [localhost] => (item=/etc/pam.d/password-auth) 
skipping: [localhost]

TASK [/stigforge/roles/cs9_stig : Configure the Use of the pam_faillock.so Module in the /etc/pam.d/password-auth File. - Enable pam_faillock.so authfail editing PAM files] ***
skipping: [localhost] => (item=/etc/pam.d/system-auth) 
skipping: [localhost] => (item=/etc/pam.d/password-auth) 
skipping: [localhost]

TASK [/stigforge/roles/cs9_stig : Configure the Use of the pam_faillock.so Module in the /etc/pam.d/password-auth File. - Enable pam_faillock.so account section editing PAM files] ***
skipping: [localhost] => (item=/etc/pam.d/system-auth) 
skipping: [localhost] => (item=/etc/pam.d/password-auth) 
skipping: [localhost]

TASK [/stigforge/roles/cs9_stig : Configure the Use of the pam_faillock.so Module in the /etc/pam.d/system-auth File. - Check if system relies on authselect tool] ***
skipping: [localhost]

TASK [/stigforge/roles/cs9_stig : Configure the Use of the pam_faillock.so Module in the /etc/pam.d/system-auth File. - Check integrity of authselect current profile] ***
skipping: [localhost]

TASK [/stigforge/roles/cs9_stig : Configure the Use of the pam_faillock.so Module in the /etc/pam.d/system-auth File. - Informative message based on the authselect integrity check result] ***
skipping: [localhost]

TASK [/stigforge/roles/cs9_stig : Configure the Use of the pam_faillock.so Module in the /etc/pam.d/system-auth File. - Get authselect current features] ***
skipping: [localhost]

TASK [/stigforge/roles/cs9_stig : Configure the Use of the pam_faillock.so Module in the /etc/pam.d/system-auth File. - Ensure "with-faillock" feature is enabled using authselect tool] ***
skipping: [localhost]

TASK [/stigforge/roles/cs9_stig : Configure the Use of the pam_faillock.so Module in the /etc/pam.d/system-auth File. - Ensure authselect changes are applied] ***
skipping: [localhost]

TASK [/stigforge/roles/cs9_stig : Configure the Use of the pam_faillock.so Module in the /etc/pam.d/system-auth File. - Check if pam_faillock.so is already enabled] ***
skipping: [localhost]

TASK [/stigforge/roles/cs9_stig : Configure the Use of the pam_faillock.so Module in the /etc/pam.d/system-auth File. - Enable pam_faillock.so preauth editing PAM files] ***
skipping: [localhost] => (item=/etc/pam.d/system-auth) 
skipping: [localhost] => (item=/etc/pam.d/password-auth) 
skipping: [localhost]

TASK [/stigforge/roles/cs9_stig : Configure the Use of the pam_faillock.so Module in the /etc/pam.d/system-auth File. - Enable pam_faillock.so authfail editing PAM files] ***
skipping: [localhost] => (item=/etc/pam.d/system-auth) 
skipping: [localhost] => (item=/etc/pam.d/password-auth) 
skipping: [localhost]

TASK [/stigforge/roles/cs9_stig : Configure the Use of the pam_faillock.so Module in the /etc/pam.d/system-auth File. - Enable pam_faillock.so account section editing PAM files] ***
skipping: [localhost] => (item=/etc/pam.d/system-auth) 
skipping: [localhost] => (item=/etc/pam.d/password-auth) 
skipping: [localhost]

TASK [/stigforge/roles/cs9_stig : An SELinux Context must be configured for the pam_faillock.so records directory - Get directories from faillock] ***
skipping: [localhost] => (item=/etc/security/faillock.conf) 
skipping: [localhost] => (item=/etc/pam.d/system-auth) 
skipping: [localhost] => (item=/etc/pam.d/password-auth) 
skipping: [localhost]

TASK [/stigforge/roles/cs9_stig : An SELinux Context must be configured for the pam_faillock.so records directory - Create a list directories from faillock] ***
skipping: [localhost]

TASK [/stigforge/roles/cs9_stig : An SELinux Context must be configured for the pam_faillock.so records directory - Create directories for faillock] ***
skipping: [localhost]

TASK [/stigforge/roles/cs9_stig : An SELinux Context must be configured for the pam_faillock.so records directory - Get SELinux context for faillock directories] ***
skipping: [localhost]

TASK [/stigforge/roles/cs9_stig : An SELinux Context must be configured for the pam_faillock.so records directory - Set up SELinux context for faillock] ***
skipping: [localhost]

TASK [/stigforge/roles/cs9_stig : An SELinux Context must be configured for the pam_faillock.so records directory - Restore SELinux context] ***
skipping: [localhost]

TASK [/stigforge/roles/cs9_stig : An SELinux Context must be configured for the pam_faillock.so records directory - Verify pam_faillock.so configuration] ***
skipping: [localhost]

TASK [/stigforge/roles/cs9_stig : Account Lockouts Must Be Logged - Check if system relies on authselect tool] ***
skipping: [localhost]

TASK [/stigforge/roles/cs9_stig : Account Lockouts Must Be Logged - Check integrity of authselect current profile] ***
skipping: [localhost]

TASK [/stigforge/roles/cs9_stig : Account Lockouts Must Be Logged - Informative message based on the authselect integrity check result] ***
skipping: [localhost]

TASK [/stigforge/roles/cs9_stig : Account Lockouts Must Be Logged - Get authselect current features] ***
skipping: [localhost]

TASK [/stigforge/roles/cs9_stig : Account Lockouts Must Be Logged - Ensure "with-faillock" feature is enabled using authselect tool] ***
skipping: [localhost]

TASK [/stigforge/roles/cs9_stig : Account Lockouts Must Be Logged - Ensure authselect changes are applied] ***
skipping: [localhost]

TASK [/stigforge/roles/cs9_stig : Account Lockouts Must Be Logged - Check if pam_faillock.so is already enabled] ***
skipping: [localhost]

TASK [/stigforge/roles/cs9_stig : Account Lockouts Must Be Logged - Enable pam_faillock.so preauth editing PAM files] ***
skipping: [localhost] => (item=/etc/pam.d/system-auth) 
skipping: [localhost] => (item=/etc/pam.d/password-auth) 
skipping: [localhost]

TASK [/stigforge/roles/cs9_stig : Account Lockouts Must Be Logged - Enable pam_faillock.so authfail editing PAM files] ***
skipping: [localhost] => (item=/etc/pam.d/system-auth) 
skipping: [localhost] => (item=/etc/pam.d/password-auth) 
skipping: [localhost]

TASK [/stigforge/roles/cs9_stig : Account Lockouts Must Be Logged - Enable pam_faillock.so account section editing PAM files] ***
skipping: [localhost] => (item=/etc/pam.d/system-auth) 
skipping: [localhost] => (item=/etc/pam.d/password-auth) 
skipping: [localhost]

TASK [/stigforge/roles/cs9_stig : Account Lockouts Must Be Logged - Check the presence of /etc/security/faillock.conf file] ***
skipping: [localhost]

TASK [/stigforge/roles/cs9_stig : Account Lockouts Must Be Logged - Ensure the pam_faillock.so audit parameter in /etc/security/faillock.conf] ***
skipping: [localhost]

TASK [/stigforge/roles/cs9_stig : Account Lockouts Must Be Logged - Check if /etc/pam.d/system-auth file is present] ***
skipping: [localhost]

TASK [/stigforge/roles/cs9_stig : Account Lockouts Must Be Logged - Define the PAM file to be edited as a local fact] ***
skipping: [localhost]

TASK [/stigforge/roles/cs9_stig : Account Lockouts Must Be Logged - Check if system relies on authselect tool] ***
skipping: [localhost]

TASK [/stigforge/roles/cs9_stig : Account Lockouts Must Be Logged - Check integrity of authselect current profile] ***
skipping: [localhost]

TASK [/stigforge/roles/cs9_stig : Account Lockouts Must Be Logged - Informative message based on the authselect integrity check result] ***
skipping: [localhost]

TASK [/stigforge/roles/cs9_stig : Account Lockouts Must Be Logged - Get authselect current profile] ***
skipping: [localhost]

TASK [/stigforge/roles/cs9_stig : Account Lockouts Must Be Logged - Define the current authselect profile as a local fact] ***
skipping: [localhost]

TASK [/stigforge/roles/cs9_stig : Account Lockouts Must Be Logged - Define the new authselect custom profile as a local fact] ***
skipping: [localhost]

TASK [/stigforge/roles/cs9_stig : Account Lockouts Must Be Logged - Get authselect current features to also enable them in the custom profile] ***
skipping: [localhost]

TASK [/stigforge/roles/cs9_stig : Account Lockouts Must Be Logged - Check if any custom profile with the same name was already created] ***
skipping: [localhost]

TASK [/stigforge/roles/cs9_stig : Account Lockouts Must Be Logged - Create an authselect custom profile based on the current profile] ***
skipping: [localhost]

TASK [/stigforge/roles/cs9_stig : Account Lockouts Must Be Logged - Create an authselect custom profile based on sssd profile] ***
skipping: [localhost]

TASK [/stigforge/roles/cs9_stig : Account Lockouts Must Be Logged - Ensure authselect changes are applied] ***
skipping: [localhost]

TASK [/stigforge/roles/cs9_stig : Account Lockouts Must Be Logged - Ensure the authselect custom profile is selected] ***
skipping: [localhost]

TASK [/stigforge/roles/cs9_stig : Account Lockouts Must Be Logged - Restore the authselect features in the custom profile] ***
skipping: [localhost]

TASK [/stigforge/roles/cs9_stig : Account Lockouts Must Be Logged - Ensure authselect changes are applied] ***
skipping: [localhost]

TASK [/stigforge/roles/cs9_stig : Account Lockouts Must Be Logged - Change the PAM file to be edited according to the custom authselect profile] ***
skipping: [localhost]

TASK [/stigforge/roles/cs9_stig : Account Lockouts Must Be Logged - Define a fact for control already filtered in case filters are used] ***
skipping: [localhost]

TASK [/stigforge/roles/cs9_stig : Account Lockouts Must Be Logged - Check if {{ pam_file_path }} file is present] ***
skipping: [localhost]

TASK [/stigforge/roles/cs9_stig : Account Lockouts Must Be Logged - Ensure the "audit" option from "pam_faillock.so" is not present in {{ pam_file_path }}] ***
skipping: [localhost]

TASK [/stigforge/roles/cs9_stig : Account Lockouts Must Be Logged - Ensure authselect changes are applied] ***
skipping: [localhost]

TASK [/stigforge/roles/cs9_stig : Account Lockouts Must Be Logged - Check if /etc/pam.d/password-auth file is present] ***
skipping: [localhost]

TASK [/stigforge/roles/cs9_stig : Account Lockouts Must Be Logged - Define the PAM file to be edited as a local fact] ***
skipping: [localhost]

TASK [/stigforge/roles/cs9_stig : Account Lockouts Must Be Logged - Check if system relies on authselect tool] ***
skipping: [localhost]

TASK [/stigforge/roles/cs9_stig : Account Lockouts Must Be Logged - Check integrity of authselect current profile] ***
skipping: [localhost]

TASK [/stigforge/roles/cs9_stig : Account Lockouts Must Be Logged - Informative message based on the authselect integrity check result] ***
skipping: [localhost]

TASK [/stigforge/roles/cs9_stig : Account Lockouts Must Be Logged - Get authselect current profile] ***
skipping: [localhost]

TASK [/stigforge/roles/cs9_stig : Account Lockouts Must Be Logged - Define the current authselect profile as a local fact] ***
skipping: [localhost]

TASK [/stigforge/roles/cs9_stig : Account Lockouts Must Be Logged - Define the new authselect custom profile as a local fact] ***
skipping: [localhost]

TASK [/stigforge/roles/cs9_stig : Account Lockouts Must Be Logged - Get authselect current features to also enable them in the custom profile] ***
skipping: [localhost]

TASK [/stigforge/roles/cs9_stig : Account Lockouts Must Be Logged - Check if any custom profile with the same name was already created] ***
skipping: [localhost]

TASK [/stigforge/roles/cs9_stig : Account Lockouts Must Be Logged - Create an authselect custom profile based on the current profile] ***
skipping: [localhost]

TASK [/stigforge/roles/cs9_stig : Account Lockouts Must Be Logged - Create an authselect custom profile based on sssd profile] ***
skipping: [localhost]

TASK [/stigforge/roles/cs9_stig : Account Lockouts Must Be Logged - Ensure authselect changes are applied] ***
skipping: [localhost]

TASK [/stigforge/roles/cs9_stig : Account Lockouts Must Be Logged - Ensure the authselect custom profile is selected] ***
skipping: [localhost]

TASK [/stigforge/roles/cs9_stig : Account Lockouts Must Be Logged - Restore the authselect features in the custom profile] ***
skipping: [localhost]

TASK [/stigforge/roles/cs9_stig : Account Lockouts Must Be Logged - Ensure authselect changes are applied] ***
skipping: [localhost]

TASK [/stigforge/roles/cs9_stig : Account Lockouts Must Be Logged - Change the PAM file to be edited according to the custom authselect profile] ***
skipping: [localhost]

TASK [/stigforge/roles/cs9_stig : Account Lockouts Must Be Logged - Define a fact for control already filtered in case filters are used] ***
skipping: [localhost]

TASK [/stigforge/roles/cs9_stig : Account Lockouts Must Be Logged - Check if {{ pam_file_path }} file is present] ***
skipping: [localhost]

TASK [/stigforge/roles/cs9_stig : Account Lockouts Must Be Logged - Ensure the "audit" option from "pam_faillock.so" is not present in {{ pam_file_path }}] ***
skipping: [localhost]

TASK [/stigforge/roles/cs9_stig : Account Lockouts Must Be Logged - Ensure authselect changes are applied] ***
skipping: [localhost]

TASK [/stigforge/roles/cs9_stig : Account Lockouts Must Be Logged - Check if pam_faillock.so audit parameter is already enabled in pam files] ***
skipping: [localhost]

TASK [/stigforge/roles/cs9_stig : Account Lockouts Must Be Logged - Ensure the inclusion of pam_faillock.so preauth audit parameter in auth section] ***
skipping: [localhost] => (item=/etc/pam.d/system-auth) 
skipping: [localhost] => (item=/etc/pam.d/password-auth) 
skipping: [localhost]

TASK [/stigforge/roles/cs9_stig : Lock Accounts After Failed Password Attempts - Check if system relies on authselect tool] ***
skipping: [localhost]

TASK [/stigforge/roles/cs9_stig : Lock Accounts After Failed Password Attempts - Check integrity of authselect current profile] ***
skipping: [localhost]

TASK [/stigforge/roles/cs9_stig : Lock Accounts After Failed Password Attempts - Informative message based on the authselect integrity check result] ***
skipping: [localhost]

TASK [/stigforge/roles/cs9_stig : Lock Accounts After Failed Password Attempts - Get authselect current features] ***
skipping: [localhost]

TASK [/stigforge/roles/cs9_stig : Lock Accounts After Failed Password Attempts - Ensure "with-faillock" feature is enabled using authselect tool] ***
skipping: [localhost]

TASK [/stigforge/roles/cs9_stig : Lock Accounts After Failed Password Attempts - Ensure authselect changes are applied] ***
skipping: [localhost]

TASK [/stigforge/roles/cs9_stig : Lock Accounts After Failed Password Attempts - Check if pam_faillock.so is already enabled] ***
skipping: [localhost]

TASK [/stigforge/roles/cs9_stig : Lock Accounts After Failed Password Attempts - Enable pam_faillock.so preauth editing PAM files] ***
skipping: [localhost] => (item=/etc/pam.d/system-auth) 
skipping: [localhost] => (item=/etc/pam.d/password-auth) 
skipping: [localhost]

TASK [/stigforge/roles/cs9_stig : Lock Accounts After Failed Password Attempts - Enable pam_faillock.so authfail editing PAM files] ***
skipping: [localhost] => (item=/etc/pam.d/system-auth) 
skipping: [localhost] => (item=/etc/pam.d/password-auth) 
skipping: [localhost]

TASK [/stigforge/roles/cs9_stig : Lock Accounts After Failed Password Attempts - Enable pam_faillock.so account section editing PAM files] ***
skipping: [localhost] => (item=/etc/pam.d/system-auth) 
skipping: [localhost] => (item=/etc/pam.d/password-auth) 
skipping: [localhost]

TASK [/stigforge/roles/cs9_stig : Lock Accounts After Failed Password Attempts - Check the presence of /etc/security/faillock.conf file] ***
skipping: [localhost]

TASK [/stigforge/roles/cs9_stig : Lock Accounts After Failed Password Attempts - Ensure the pam_faillock.so deny parameter in /etc/security/faillock.conf] ***
skipping: [localhost]

TASK [/stigforge/roles/cs9_stig : Lock Accounts After Failed Password Attempts - Check if /etc/pam.d/system-auth file is present] ***
skipping: [localhost]

TASK [/stigforge/roles/cs9_stig : Lock Accounts After Failed Password Attempts - Define the PAM file to be edited as a local fact] ***
skipping: [localhost]

TASK [/stigforge/roles/cs9_stig : Lock Accounts After Failed Password Attempts - Check if system relies on authselect tool] ***
skipping: [localhost]

TASK [/stigforge/roles/cs9_stig : Lock Accounts After Failed Password Attempts - Check integrity of authselect current profile] ***
skipping: [localhost]

TASK [/stigforge/roles/cs9_stig : Lock Accounts After Failed Password Attempts - Informative message based on the authselect integrity check result] ***
skipping: [localhost]

TASK [/stigforge/roles/cs9_stig : Lock Accounts After Failed Password Attempts - Get authselect current profile] ***
skipping: [localhost]

TASK [/stigforge/roles/cs9_stig : Lock Accounts After Failed Password Attempts - Define the current authselect profile as a local fact] ***
skipping: [localhost]

TASK [/stigforge/roles/cs9_stig : Lock Accounts After Failed Password Attempts - Define the new authselect custom profile as a local fact] ***
skipping: [localhost]

TASK [/stigforge/roles/cs9_stig : Lock Accounts After Failed Password Attempts - Get authselect current features to also enable them in the custom profile] ***
skipping: [localhost]

TASK [/stigforge/roles/cs9_stig : Lock Accounts After Failed Password Attempts - Check if any custom profile with the same name was already created] ***
skipping: [localhost]

TASK [/stigforge/roles/cs9_stig : Lock Accounts After Failed Password Attempts - Create an authselect custom profile based on the current profile] ***
skipping: [localhost]

TASK [/stigforge/roles/cs9_stig : Lock Accounts After Failed Password Attempts - Create an authselect custom profile based on sssd profile] ***
skipping: [localhost]

TASK [/stigforge/roles/cs9_stig : Lock Accounts After Failed Password Attempts - Ensure authselect changes are applied] ***
skipping: [localhost]

TASK [/stigforge/roles/cs9_stig : Lock Accounts After Failed Password Attempts - Ensure the authselect custom profile is selected] ***
skipping: [localhost]

TASK [/stigforge/roles/cs9_stig : Lock Accounts After Failed Password Attempts - Restore the authselect features in the custom profile] ***
skipping: [localhost]

TASK [/stigforge/roles/cs9_stig : Lock Accounts After Failed Password Attempts - Ensure authselect changes are applied] ***
skipping: [localhost]

TASK [/stigforge/roles/cs9_stig : Lock Accounts After Failed Password Attempts - Change the PAM file to be edited according to the custom authselect profile] ***
skipping: [localhost]

TASK [/stigforge/roles/cs9_stig : Lock Accounts After Failed Password Attempts - Define a fact for control already filtered in case filters are used] ***
skipping: [localhost]

TASK [/stigforge/roles/cs9_stig : Lock Accounts After Failed Password Attempts - Check if {{ pam_file_path }} file is present] ***
skipping: [localhost]

TASK [/stigforge/roles/cs9_stig : Lock Accounts After Failed Password Attempts - Ensure the "deny" option from "pam_faillock.so" is not present in {{ pam_file_path }}] ***
skipping: [localhost]

TASK [/stigforge/roles/cs9_stig : Lock Accounts After Failed Password Attempts - Ensure authselect changes are applied] ***
skipping: [localhost]

TASK [/stigforge/roles/cs9_stig : Lock Accounts After Failed Password Attempts - Check if /etc/pam.d/password-auth file is present] ***
skipping: [localhost]

TASK [/stigforge/roles/cs9_stig : Lock Accounts After Failed Password Attempts - Define the PAM file to be edited as a local fact] ***
skipping: [localhost]

TASK [/stigforge/roles/cs9_stig : Lock Accounts After Failed Password Attempts - Check if system relies on authselect tool] ***
skipping: [localhost]

TASK [/stigforge/roles/cs9_stig : Lock Accounts After Failed Password Attempts - Check integrity of authselect current profile] ***
skipping: [localhost]

TASK [/stigforge/roles/cs9_stig : Lock Accounts After Failed Password Attempts - Informative message based on the authselect integrity check result] ***
skipping: [localhost]

TASK [/stigforge/roles/cs9_stig : Lock Accounts After Failed Password Attempts - Get authselect current profile] ***
skipping: [localhost]

TASK [/stigforge/roles/cs9_stig : Lock Accounts After Failed Password Attempts - Define the current authselect profile as a local fact] ***
skipping: [localhost]

TASK [/stigforge/roles/cs9_stig : Lock Accounts After Failed Password Attempts - Define the new authselect custom profile as a local fact] ***
skipping: [localhost]

TASK [/stigforge/roles/cs9_stig : Lock Accounts After Failed Password Attempts - Get authselect current features to also enable them in the custom profile] ***
skipping: [localhost]

TASK [/stigforge/roles/cs9_stig : Lock Accounts After Failed Password Attempts - Check if any custom profile with the same name was already created] ***
skipping: [localhost]

TASK [/stigforge/roles/cs9_stig : Lock Accounts After Failed Password Attempts - Create an authselect custom profile based on the current profile] ***
skipping: [localhost]

TASK [/stigforge/roles/cs9_stig : Lock Accounts After Failed Password Attempts - Create an authselect custom profile based on sssd profile] ***
skipping: [localhost]

TASK [/stigforge/roles/cs9_stig : Lock Accounts After Failed Password Attempts - Ensure authselect changes are applied] ***
skipping: [localhost]

TASK [/stigforge/roles/cs9_stig : Lock Accounts After Failed Password Attempts - Ensure the authselect custom profile is selected] ***
skipping: [localhost]

TASK [/stigforge/roles/cs9_stig : Lock Accounts After Failed Password Attempts - Restore the authselect features in the custom profile] ***
skipping: [localhost]

TASK [/stigforge/roles/cs9_stig : Lock Accounts After Failed Password Attempts - Ensure authselect changes are applied] ***
skipping: [localhost]

TASK [/stigforge/roles/cs9_stig : Lock Accounts After Failed Password Attempts - Change the PAM file to be edited according to the custom authselect profile] ***
skipping: [localhost]

TASK [/stigforge/roles/cs9_stig : Lock Accounts After Failed Password Attempts - Define a fact for control already filtered in case filters are used] ***
skipping: [localhost]

TASK [/stigforge/roles/cs9_stig : Lock Accounts After Failed Password Attempts - Check if {{ pam_file_path }} file is present] ***
skipping: [localhost]

TASK [/stigforge/roles/cs9_stig : Lock Accounts After Failed Password Attempts - Ensure the "deny" option from "pam_faillock.so" is not present in {{ pam_file_path }}] ***
skipping: [localhost]

TASK [/stigforge/roles/cs9_stig : Lock Accounts After Failed Password Attempts - Ensure authselect changes are applied] ***
skipping: [localhost]

TASK [/stigforge/roles/cs9_stig : Lock Accounts After Failed Password Attempts - Check if pam_faillock.so deny parameter is already enabled in pam files] ***
skipping: [localhost]

TASK [/stigforge/roles/cs9_stig : Lock Accounts After Failed Password Attempts - Ensure the inclusion of pam_faillock.so preauth deny parameter in auth section] ***
skipping: [localhost] => (item=/etc/pam.d/system-auth) 
skipping: [localhost] => (item=/etc/pam.d/password-auth) 
skipping: [localhost]

TASK [/stigforge/roles/cs9_stig : Lock Accounts After Failed Password Attempts - Ensure the inclusion of pam_faillock.so authfail deny parameter in auth section] ***
skipping: [localhost] => (item=/etc/pam.d/system-auth) 
skipping: [localhost] => (item=/etc/pam.d/password-auth) 
skipping: [localhost]

TASK [/stigforge/roles/cs9_stig : Lock Accounts After Failed Password Attempts - Ensure the desired value for pam_faillock.so preauth deny parameter in auth section] ***
skipping: [localhost] => (item=/etc/pam.d/system-auth) 
skipping: [localhost] => (item=/etc/pam.d/password-auth) 
skipping: [localhost]

TASK [/stigforge/roles/cs9_stig : Lock Accounts After Failed Password Attempts - Ensure the desired value for pam_faillock.so authfail deny parameter in auth section] ***
skipping: [localhost] => (item=/etc/pam.d/system-auth) 
skipping: [localhost] => (item=/etc/pam.d/password-auth) 
skipping: [localhost]

TASK [/stigforge/roles/cs9_stig : Configure the root Account for Failed Password Attempts - Check if system relies on authselect tool] ***
skipping: [localhost]

TASK [/stigforge/roles/cs9_stig : Configure the root Account for Failed Password Attempts - Check integrity of authselect current profile] ***
skipping: [localhost]

TASK [/stigforge/roles/cs9_stig : Configure the root Account for Failed Password Attempts - Informative message based on the authselect integrity check result] ***
skipping: [localhost]

TASK [/stigforge/roles/cs9_stig : Configure the root Account for Failed Password Attempts - Get authselect current features] ***
skipping: [localhost]

TASK [/stigforge/roles/cs9_stig : Configure the root Account for Failed Password Attempts - Ensure "with-faillock" feature is enabled using authselect tool] ***
skipping: [localhost]

TASK [/stigforge/roles/cs9_stig : Configure the root Account for Failed Password Attempts - Ensure authselect changes are applied] ***
skipping: [localhost]

TASK [/stigforge/roles/cs9_stig : Configure the root Account for Failed Password Attempts - Check if pam_faillock.so is already enabled] ***
skipping: [localhost]

TASK [/stigforge/roles/cs9_stig : Configure the root Account for Failed Password Attempts - Enable pam_faillock.so preauth editing PAM files] ***
skipping: [localhost] => (item=/etc/pam.d/system-auth) 
skipping: [localhost] => (item=/etc/pam.d/password-auth) 
skipping: [localhost]

TASK [/stigforge/roles/cs9_stig : Configure the root Account for Failed Password Attempts - Enable pam_faillock.so authfail editing PAM files] ***
skipping: [localhost] => (item=/etc/pam.d/system-auth) 
skipping: [localhost] => (item=/etc/pam.d/password-auth) 
skipping: [localhost]

TASK [/stigforge/roles/cs9_stig : Configure the root Account for Failed Password Attempts - Enable pam_faillock.so account section editing PAM files] ***
skipping: [localhost] => (item=/etc/pam.d/system-auth) 
skipping: [localhost] => (item=/etc/pam.d/password-auth) 
skipping: [localhost]

TASK [/stigforge/roles/cs9_stig : Configure the root Account for Failed Password Attempts - Check the presence of /etc/security/faillock.conf file] ***
skipping: [localhost]

TASK [/stigforge/roles/cs9_stig : Configure the root Account for Failed Password Attempts - Ensure the pam_faillock.so even_deny_root parameter in /etc/security/faillock.conf] ***
skipping: [localhost]

TASK [/stigforge/roles/cs9_stig : Configure the root Account for Failed Password Attempts - Check if /etc/pam.d/system-auth file is present] ***
skipping: [localhost]

TASK [/stigforge/roles/cs9_stig : Configure the root Account for Failed Password Attempts - Define the PAM file to be edited as a local fact] ***
skipping: [localhost]

TASK [/stigforge/roles/cs9_stig : Configure the root Account for Failed Password Attempts - Check if system relies on authselect tool] ***
skipping: [localhost]

TASK [/stigforge/roles/cs9_stig : Configure the root Account for Failed Password Attempts - Check integrity of authselect current profile] ***
skipping: [localhost]

TASK [/stigforge/roles/cs9_stig : Configure the root Account for Failed Password Attempts - Informative message based on the authselect integrity check result] ***
skipping: [localhost]

TASK [/stigforge/roles/cs9_stig : Configure the root Account for Failed Password Attempts - Get authselect current profile] ***
skipping: [localhost]

TASK [/stigforge/roles/cs9_stig : Configure the root Account for Failed Password Attempts - Define the current authselect profile as a local fact] ***
skipping: [localhost]

TASK [/stigforge/roles/cs9_stig : Configure the root Account for Failed Password Attempts - Define the new authselect custom profile as a local fact] ***
skipping: [localhost]

TASK [/stigforge/roles/cs9_stig : Configure the root Account for Failed Password Attempts - Get authselect current features to also enable them in the custom profile] ***
skipping: [localhost]

TASK [/stigforge/roles/cs9_stig : Configure the root Account for Failed Password Attempts - Check if any custom profile with the same name was already created] ***
skipping: [localhost]

TASK [/stigforge/roles/cs9_stig : Configure the root Account for Failed Password Attempts - Create an authselect custom profile based on the current profile] ***
skipping: [localhost]

TASK [/stigforge/roles/cs9_stig : Configure the root Account for Failed Password Attempts - Create an authselect custom profile based on sssd profile] ***
skipping: [localhost]

TASK [/stigforge/roles/cs9_stig : Configure the root Account for Failed Password Attempts - Ensure authselect changes are applied] ***
skipping: [localhost]

TASK [/stigforge/roles/cs9_stig : Configure the root Account for Failed Password Attempts - Ensure the authselect custom profile is selected] ***
skipping: [localhost]

TASK [/stigforge/roles/cs9_stig : Configure the root Account for Failed Password Attempts - Restore the authselect features in the custom profile] ***
skipping: [localhost]

TASK [/stigforge/roles/cs9_stig : Configure the root Account for Failed Password Attempts - Ensure authselect changes are applied] ***
skipping: [localhost]

TASK [/stigforge/roles/cs9_stig : Configure the root Account for Failed Password Attempts - Change the PAM file to be edited according to the custom authselect profile] ***
skipping: [localhost]

TASK [/stigforge/roles/cs9_stig : Configure the root Account for Failed Password Attempts - Define a fact for control already filtered in case filters are used] ***
skipping: [localhost]

TASK [/stigforge/roles/cs9_stig : Configure the root Account for Failed Password Attempts - Check if {{ pam_file_path }} file is present] ***
skipping: [localhost]

TASK [/stigforge/roles/cs9_stig : Configure the root Account for Failed Password Attempts - Ensure the "even_deny_root" option from "pam_faillock.so" is not present in {{ pam_file_path }}] ***
skipping: [localhost]

TASK [/stigforge/roles/cs9_stig : Configure the root Account for Failed Password Attempts - Ensure authselect changes are applied] ***
skipping: [localhost]

TASK [/stigforge/roles/cs9_stig : Configure the root Account for Failed Password Attempts - Check if /etc/pam.d/password-auth file is present] ***
skipping: [localhost]

TASK [/stigforge/roles/cs9_stig : Configure the root Account for Failed Password Attempts - Define the PAM file to be edited as a local fact] ***
skipping: [localhost]

TASK [/stigforge/roles/cs9_stig : Configure the root Account for Failed Password Attempts - Check if system relies on authselect tool] ***
skipping: [localhost]

TASK [/stigforge/roles/cs9_stig : Configure the root Account for Failed Password Attempts - Check integrity of authselect current profile] ***
skipping: [localhost]

TASK [/stigforge/roles/cs9_stig : Configure the root Account for Failed Password Attempts - Informative message based on the authselect integrity check result] ***
skipping: [localhost]

TASK [/stigforge/roles/cs9_stig : Configure the root Account for Failed Password Attempts - Get authselect current profile] ***
skipping: [localhost]

TASK [/stigforge/roles/cs9_stig : Configure the root Account for Failed Password Attempts - Define the current authselect profile as a local fact] ***
skipping: [localhost]

TASK [/stigforge/roles/cs9_stig : Configure the root Account for Failed Password Attempts - Define the new authselect custom profile as a local fact] ***
skipping: [localhost]

TASK [/stigforge/roles/cs9_stig : Configure the root Account for Failed Password Attempts - Get authselect current features to also enable them in the custom profile] ***
skipping: [localhost]

TASK [/stigforge/roles/cs9_stig : Configure the root Account for Failed Password Attempts - Check if any custom profile with the same name was already created] ***
skipping: [localhost]

TASK [/stigforge/roles/cs9_stig : Configure the root Account for Failed Password Attempts - Create an authselect custom profile based on the current profile] ***
skipping: [localhost]

TASK [/stigforge/roles/cs9_stig : Configure the root Account for Failed Password Attempts - Create an authselect custom profile based on sssd profile] ***
skipping: [localhost]

TASK [/stigforge/roles/cs9_stig : Configure the root Account for Failed Password Attempts - Ensure authselect changes are applied] ***
skipping: [localhost]

TASK [/stigforge/roles/cs9_stig : Configure the root Account for Failed Password Attempts - Ensure the authselect custom profile is selected] ***
skipping: [localhost]

TASK [/stigforge/roles/cs9_stig : Configure the root Account for Failed Password Attempts - Restore the authselect features in the custom profile] ***
skipping: [localhost]

TASK [/stigforge/roles/cs9_stig : Configure the root Account for Failed Password Attempts - Ensure authselect changes are applied] ***
skipping: [localhost]

TASK [/stigforge/roles/cs9_stig : Configure the root Account for Failed Password Attempts - Change the PAM file to be edited according to the custom authselect profile] ***
skipping: [localhost]

TASK [/stigforge/roles/cs9_stig : Configure the root Account for Failed Password Attempts - Define a fact for control already filtered in case filters are used] ***
skipping: [localhost]

TASK [/stigforge/roles/cs9_stig : Configure the root Account for Failed Password Attempts - Check if {{ pam_file_path }} file is present] ***
skipping: [localhost]

TASK [/stigforge/roles/cs9_stig : Configure the root Account for Failed Password Attempts - Ensure the "even_deny_root" option from "pam_faillock.so" is not present in {{ pam_file_path }}] ***
skipping: [localhost]

TASK [/stigforge/roles/cs9_stig : Configure the root Account for Failed Password Attempts - Ensure authselect changes are applied] ***
skipping: [localhost]

TASK [/stigforge/roles/cs9_stig : Configure the root Account for Failed Password Attempts - Check if pam_faillock.so even_deny_root parameter is already enabled in pam files] ***
skipping: [localhost]

TASK [/stigforge/roles/cs9_stig : Configure the root Account for Failed Password Attempts - Ensure the inclusion of pam_faillock.so preauth even_deny_root parameter in auth section] ***
skipping: [localhost] => (item=/etc/pam.d/system-auth) 
skipping: [localhost] => (item=/etc/pam.d/password-auth) 
skipping: [localhost]

TASK [/stigforge/roles/cs9_stig : Configure the root Account for Failed Password Attempts - Ensure the inclusion of pam_faillock.so authfail even_deny_root parameter in auth section] ***
skipping: [localhost] => (item=/etc/pam.d/system-auth) 
skipping: [localhost] => (item=/etc/pam.d/password-auth) 
skipping: [localhost]

TASK [/stigforge/roles/cs9_stig : Lock Accounts Must Persist - Check if system relies on authselect tool] ***
skipping: [localhost]

TASK [/stigforge/roles/cs9_stig : Lock Accounts Must Persist - Check integrity of authselect current profile] ***
skipping: [localhost]

TASK [/stigforge/roles/cs9_stig : Lock Accounts Must Persist - Informative message based on the authselect integrity check result] ***
skipping: [localhost]

TASK [/stigforge/roles/cs9_stig : Lock Accounts Must Persist - Get authselect current features] ***
skipping: [localhost]

TASK [/stigforge/roles/cs9_stig : Lock Accounts Must Persist - Ensure "with-faillock" feature is enabled using authselect tool] ***
skipping: [localhost]

TASK [/stigforge/roles/cs9_stig : Lock Accounts Must Persist - Ensure authselect changes are applied] ***
skipping: [localhost]

TASK [/stigforge/roles/cs9_stig : Lock Accounts Must Persist - Check if pam_faillock.so is already enabled] ***
skipping: [localhost]

TASK [/stigforge/roles/cs9_stig : Lock Accounts Must Persist - Enable pam_faillock.so preauth editing PAM files] ***
skipping: [localhost] => (item=/etc/pam.d/system-auth) 
skipping: [localhost] => (item=/etc/pam.d/password-auth) 
skipping: [localhost]

TASK [/stigforge/roles/cs9_stig : Lock Accounts Must Persist - Enable pam_faillock.so authfail editing PAM files] ***
skipping: [localhost] => (item=/etc/pam.d/system-auth) 
skipping: [localhost] => (item=/etc/pam.d/password-auth) 
skipping: [localhost]

TASK [/stigforge/roles/cs9_stig : Lock Accounts Must Persist - Enable pam_faillock.so account section editing PAM files] ***
skipping: [localhost] => (item=/etc/pam.d/system-auth) 
skipping: [localhost] => (item=/etc/pam.d/password-auth) 
skipping: [localhost]

TASK [/stigforge/roles/cs9_stig : Lock Accounts Must Persist - Check the presence of /etc/security/faillock.conf file] ***
skipping: [localhost]

TASK [/stigforge/roles/cs9_stig : Lock Accounts Must Persist - Ensure the pam_faillock.so dir parameter in /etc/security/faillock.conf] ***
skipping: [localhost]

TASK [/stigforge/roles/cs9_stig : Lock Accounts Must Persist - Check if /etc/pam.d/system-auth file is present] ***
skipping: [localhost]

TASK [/stigforge/roles/cs9_stig : Lock Accounts Must Persist - Define the PAM file to be edited as a local fact] ***
skipping: [localhost]

TASK [/stigforge/roles/cs9_stig : Lock Accounts Must Persist - Check if system relies on authselect tool] ***
skipping: [localhost]

TASK [/stigforge/roles/cs9_stig : Lock Accounts Must Persist - Check integrity of authselect current profile] ***
skipping: [localhost]

TASK [/stigforge/roles/cs9_stig : Lock Accounts Must Persist - Informative message based on the authselect integrity check result] ***
skipping: [localhost]

TASK [/stigforge/roles/cs9_stig : Lock Accounts Must Persist - Get authselect current profile] ***
skipping: [localhost]

TASK [/stigforge/roles/cs9_stig : Lock Accounts Must Persist - Define the current authselect profile as a local fact] ***
skipping: [localhost]

TASK [/stigforge/roles/cs9_stig : Lock Accounts Must Persist - Define the new authselect custom profile as a local fact] ***
skipping: [localhost]

TASK [/stigforge/roles/cs9_stig : Lock Accounts Must Persist - Get authselect current features to also enable them in the custom profile] ***
skipping: [localhost]

TASK [/stigforge/roles/cs9_stig : Lock Accounts Must Persist - Check if any custom profile with the same name was already created] ***
skipping: [localhost]

TASK [/stigforge/roles/cs9_stig : Lock Accounts Must Persist - Create an authselect custom profile based on the current profile] ***
skipping: [localhost]

TASK [/stigforge/roles/cs9_stig : Lock Accounts Must Persist - Create an authselect custom profile based on sssd profile] ***
skipping: [localhost]

TASK [/stigforge/roles/cs9_stig : Lock Accounts Must Persist - Ensure authselect changes are applied] ***
skipping: [localhost]

TASK [/stigforge/roles/cs9_stig : Lock Accounts Must Persist - Ensure the authselect custom profile is selected] ***
skipping: [localhost]

TASK [/stigforge/roles/cs9_stig : Lock Accounts Must Persist - Restore the authselect features in the custom profile] ***
skipping: [localhost]

TASK [/stigforge/roles/cs9_stig : Lock Accounts Must Persist - Ensure authselect changes are applied] ***
skipping: [localhost]

TASK [/stigforge/roles/cs9_stig : Lock Accounts Must Persist - Change the PAM file to be edited according to the custom authselect profile] ***
skipping: [localhost]

TASK [/stigforge/roles/cs9_stig : Lock Accounts Must Persist - Define a fact for control already filtered in case filters are used] ***
skipping: [localhost]

TASK [/stigforge/roles/cs9_stig : Lock Accounts Must Persist - Check if {{ pam_file_path }} file is present] ***
skipping: [localhost]

TASK [/stigforge/roles/cs9_stig : Lock Accounts Must Persist - Ensure the "dir" option from "pam_faillock.so" is not present in {{ pam_file_path }}] ***
skipping: [localhost]

TASK [/stigforge/roles/cs9_stig : Lock Accounts Must Persist - Ensure authselect changes are applied] ***
skipping: [localhost]

TASK [/stigforge/roles/cs9_stig : Lock Accounts Must Persist - Check if /etc/pam.d/password-auth file is present] ***
skipping: [localhost]

TASK [/stigforge/roles/cs9_stig : Lock Accounts Must Persist - Define the PAM file to be edited as a local fact] ***
skipping: [localhost]

TASK [/stigforge/roles/cs9_stig : Lock Accounts Must Persist - Check if system relies on authselect tool] ***
skipping: [localhost]

TASK [/stigforge/roles/cs9_stig : Lock Accounts Must Persist - Check integrity of authselect current profile] ***
skipping: [localhost]

TASK [/stigforge/roles/cs9_stig : Lock Accounts Must Persist - Informative message based on the authselect integrity check result] ***
skipping: [localhost]

TASK [/stigforge/roles/cs9_stig : Lock Accounts Must Persist - Get authselect current profile] ***
skipping: [localhost]

TASK [/stigforge/roles/cs9_stig : Lock Accounts Must Persist - Define the current authselect profile as a local fact] ***
skipping: [localhost]

TASK [/stigforge/roles/cs9_stig : Lock Accounts Must Persist - Define the new authselect custom profile as a local fact] ***
skipping: [localhost]

TASK [/stigforge/roles/cs9_stig : Lock Accounts Must Persist - Get authselect current features to also enable them in the custom profile] ***
skipping: [localhost]

TASK [/stigforge/roles/cs9_stig : Lock Accounts Must Persist - Check if any custom profile with the same name was already created] ***
skipping: [localhost]

TASK [/stigforge/roles/cs9_stig : Lock Accounts Must Persist - Create an authselect custom profile based on the current profile] ***
skipping: [localhost]

TASK [/stigforge/roles/cs9_stig : Lock Accounts Must Persist - Create an authselect custom profile based on sssd profile] ***
skipping: [localhost]

TASK [/stigforge/roles/cs9_stig : Lock Accounts Must Persist - Ensure authselect changes are applied] ***
skipping: [localhost]

TASK [/stigforge/roles/cs9_stig : Lock Accounts Must Persist - Ensure the authselect custom profile is selected] ***
skipping: [localhost]

TASK [/stigforge/roles/cs9_stig : Lock Accounts Must Persist - Restore the authselect features in the custom profile] ***
skipping: [localhost]

TASK [/stigforge/roles/cs9_stig : Lock Accounts Must Persist - Ensure authselect changes are applied] ***
skipping: [localhost]

TASK [/stigforge/roles/cs9_stig : Lock Accounts Must Persist - Change the PAM file to be edited according to the custom authselect profile] ***
skipping: [localhost]

TASK [/stigforge/roles/cs9_stig : Lock Accounts Must Persist - Define a fact for control already filtered in case filters are used] ***
skipping: [localhost]

TASK [/stigforge/roles/cs9_stig : Lock Accounts Must Persist - Check if {{ pam_file_path }} file is present] ***
skipping: [localhost]

TASK [/stigforge/roles/cs9_stig : Lock Accounts Must Persist - Ensure the "dir" option from "pam_faillock.so" is not present in {{ pam_file_path }}] ***
skipping: [localhost]

TASK [/stigforge/roles/cs9_stig : Lock Accounts Must Persist - Ensure authselect changes are applied] ***
skipping: [localhost]

TASK [/stigforge/roles/cs9_stig : Lock Accounts Must Persist - Check if pam_faillock.so dir parameter is already enabled in pam files] ***
skipping: [localhost]

TASK [/stigforge/roles/cs9_stig : Lock Accounts Must Persist - Ensure the inclusion of pam_faillock.so preauth dir parameter in auth section] ***
skipping: [localhost] => (item=/etc/pam.d/system-auth) 
skipping: [localhost] => (item=/etc/pam.d/password-auth) 
skipping: [localhost]

TASK [/stigforge/roles/cs9_stig : Lock Accounts Must Persist - Ensure the inclusion of pam_faillock.so authfail dir parameter in auth section] ***
skipping: [localhost] => (item=/etc/pam.d/system-auth) 
skipping: [localhost] => (item=/etc/pam.d/password-auth) 
skipping: [localhost]

TASK [/stigforge/roles/cs9_stig : Lock Accounts Must Persist - Ensure the desired value for pam_faillock.so preauth dir parameter in auth section] ***
skipping: [localhost] => (item=/etc/pam.d/system-auth) 
skipping: [localhost] => (item=/etc/pam.d/password-auth) 
skipping: [localhost]

TASK [/stigforge/roles/cs9_stig : Lock Accounts Must Persist - Ensure the desired value for pam_faillock.so authfail dir parameter in auth section] ***
skipping: [localhost] => (item=/etc/pam.d/system-auth) 
skipping: [localhost] => (item=/etc/pam.d/password-auth) 
skipping: [localhost]

TASK [/stigforge/roles/cs9_stig : Lock Accounts Must Persist - Create the faillock directory if it does not exist] ***
skipping: [localhost]

TASK [/stigforge/roles/cs9_stig : Lock Accounts Must Persist - Get SELinux context for faillock directory] ***
skipping: [localhost]

TASK [/stigforge/roles/cs9_stig : Lock Accounts Must Persist - Ensure SELinux file context is permanently set] ***
skipping: [localhost]

TASK [/stigforge/roles/cs9_stig : Lock Accounts Must Persist - Ensure SELinux file context is applied] ***
skipping: [localhost]

TASK [/stigforge/roles/cs9_stig : Set Interval For Counting Failed Password Attempts - Check if system relies on authselect tool] ***
skipping: [localhost]

TASK [/stigforge/roles/cs9_stig : Set Interval For Counting Failed Password Attempts - Check integrity of authselect current profile] ***
skipping: [localhost]

TASK [/stigforge/roles/cs9_stig : Set Interval For Counting Failed Password Attempts - Informative message based on the authselect integrity check result] ***
skipping: [localhost]

TASK [/stigforge/roles/cs9_stig : Set Interval For Counting Failed Password Attempts - Get authselect current features] ***
skipping: [localhost]

TASK [/stigforge/roles/cs9_stig : Set Interval For Counting Failed Password Attempts - Ensure "with-faillock" feature is enabled using authselect tool] ***
skipping: [localhost]

TASK [/stigforge/roles/cs9_stig : Set Interval For Counting Failed Password Attempts - Ensure authselect changes are applied] ***
skipping: [localhost]

TASK [/stigforge/roles/cs9_stig : Set Interval For Counting Failed Password Attempts - Check if pam_faillock.so is already enabled] ***
skipping: [localhost]

TASK [/stigforge/roles/cs9_stig : Set Interval For Counting Failed Password Attempts - Enable pam_faillock.so preauth editing PAM files] ***
skipping: [localhost] => (item=/etc/pam.d/system-auth) 
skipping: [localhost] => (item=/etc/pam.d/password-auth) 
skipping: [localhost]

TASK [/stigforge/roles/cs9_stig : Set Interval For Counting Failed Password Attempts - Enable pam_faillock.so authfail editing PAM files] ***
skipping: [localhost] => (item=/etc/pam.d/system-auth) 
skipping: [localhost] => (item=/etc/pam.d/password-auth) 
skipping: [localhost]

TASK [/stigforge/roles/cs9_stig : Set Interval For Counting Failed Password Attempts - Enable pam_faillock.so account section editing PAM files] ***
skipping: [localhost] => (item=/etc/pam.d/system-auth) 
skipping: [localhost] => (item=/etc/pam.d/password-auth) 
skipping: [localhost]

TASK [/stigforge/roles/cs9_stig : Set Interval For Counting Failed Password Attempts - Check the presence of /etc/security/faillock.conf file] ***
skipping: [localhost]

TASK [/stigforge/roles/cs9_stig : Set Interval For Counting Failed Password Attempts - Ensure the pam_faillock.so fail_interval parameter in /etc/security/faillock.conf] ***
skipping: [localhost]

TASK [/stigforge/roles/cs9_stig : Set Interval For Counting Failed Password Attempts - Check if /etc/pam.d/system-auth file is present] ***
skipping: [localhost]

TASK [/stigforge/roles/cs9_stig : Set Interval For Counting Failed Password Attempts - Define the PAM file to be edited as a local fact] ***
skipping: [localhost]

TASK [/stigforge/roles/cs9_stig : Set Interval For Counting Failed Password Attempts - Check if system relies on authselect tool] ***
skipping: [localhost]

TASK [/stigforge/roles/cs9_stig : Set Interval For Counting Failed Password Attempts - Check integrity of authselect current profile] ***
skipping: [localhost]

TASK [/stigforge/roles/cs9_stig : Set Interval For Counting Failed Password Attempts - Informative message based on the authselect integrity check result] ***
skipping: [localhost]

TASK [/stigforge/roles/cs9_stig : Set Interval For Counting Failed Password Attempts - Get authselect current profile] ***
skipping: [localhost]

TASK [/stigforge/roles/cs9_stig : Set Interval For Counting Failed Password Attempts - Define the current authselect profile as a local fact] ***
skipping: [localhost]

TASK [/stigforge/roles/cs9_stig : Set Interval For Counting Failed Password Attempts - Define the new authselect custom profile as a local fact] ***
skipping: [localhost]

TASK [/stigforge/roles/cs9_stig : Set Interval For Counting Failed Password Attempts - Get authselect current features to also enable them in the custom profile] ***
skipping: [localhost]

TASK [/stigforge/roles/cs9_stig : Set Interval For Counting Failed Password Attempts - Check if any custom profile with the same name was already created] ***
skipping: [localhost]

TASK [/stigforge/roles/cs9_stig : Set Interval For Counting Failed Password Attempts - Create an authselect custom profile based on the current profile] ***
skipping: [localhost]

TASK [/stigforge/roles/cs9_stig : Set Interval For Counting Failed Password Attempts - Create an authselect custom profile based on sssd profile] ***
skipping: [localhost]

TASK [/stigforge/roles/cs9_stig : Set Interval For Counting Failed Password Attempts - Ensure authselect changes are applied] ***
skipping: [localhost]

TASK [/stigforge/roles/cs9_stig : Set Interval For Counting Failed Password Attempts - Ensure the authselect custom profile is selected] ***
skipping: [localhost]

TASK [/stigforge/roles/cs9_stig : Set Interval For Counting Failed Password Attempts - Restore the authselect features in the custom profile] ***
skipping: [localhost]

TASK [/stigforge/roles/cs9_stig : Set Interval For Counting Failed Password Attempts - Ensure authselect changes are applied] ***
skipping: [localhost]

TASK [/stigforge/roles/cs9_stig : Set Interval For Counting Failed Password Attempts - Change the PAM file to be edited according to the custom authselect profile] ***
skipping: [localhost]

TASK [/stigforge/roles/cs9_stig : Set Interval For Counting Failed Password Attempts - Define a fact for control already filtered in case filters are used] ***
skipping: [localhost]

TASK [/stigforge/roles/cs9_stig : Set Interval For Counting Failed Password Attempts - Check if {{ pam_file_path }} file is present] ***
skipping: [localhost]

TASK [/stigforge/roles/cs9_stig : Set Interval For Counting Failed Password Attempts - Ensure the "fail_interval" option from "pam_faillock.so" is not present in {{ pam_file_path }}] ***
skipping: [localhost]

TASK [/stigforge/roles/cs9_stig : Set Interval For Counting Failed Password Attempts - Ensure authselect changes are applied] ***
skipping: [localhost]

TASK [/stigforge/roles/cs9_stig : Set Interval For Counting Failed Password Attempts - Check if /etc/pam.d/password-auth file is present] ***
skipping: [localhost]

TASK [/stigforge/roles/cs9_stig : Set Interval For Counting Failed Password Attempts - Define the PAM file to be edited as a local fact] ***
skipping: [localhost]

TASK [/stigforge/roles/cs9_stig : Set Interval For Counting Failed Password Attempts - Check if system relies on authselect tool] ***
skipping: [localhost]

TASK [/stigforge/roles/cs9_stig : Set Interval For Counting Failed Password Attempts - Check integrity of authselect current profile] ***
skipping: [localhost]

TASK [/stigforge/roles/cs9_stig : Set Interval For Counting Failed Password Attempts - Informative message based on the authselect integrity check result] ***
skipping: [localhost]

TASK [/stigforge/roles/cs9_stig : Set Interval For Counting Failed Password Attempts - Get authselect current profile] ***
skipping: [localhost]

TASK [/stigforge/roles/cs9_stig : Set Interval For Counting Failed Password Attempts - Define the current authselect profile as a local fact] ***
skipping: [localhost]

TASK [/stigforge/roles/cs9_stig : Set Interval For Counting Failed Password Attempts - Define the new authselect custom profile as a local fact] ***
skipping: [localhost]

TASK [/stigforge/roles/cs9_stig : Set Interval For Counting Failed Password Attempts - Get authselect current features to also enable them in the custom profile] ***
skipping: [localhost]

TASK [/stigforge/roles/cs9_stig : Set Interval For Counting Failed Password Attempts - Check if any custom profile with the same name was already created] ***
skipping: [localhost]

TASK [/stigforge/roles/cs9_stig : Set Interval For Counting Failed Password Attempts - Create an authselect custom profile based on the current profile] ***
skipping: [localhost]

TASK [/stigforge/roles/cs9_stig : Set Interval For Counting Failed Password Attempts - Create an authselect custom profile based on sssd profile] ***
skipping: [localhost]

TASK [/stigforge/roles/cs9_stig : Set Interval For Counting Failed Password Attempts - Ensure authselect changes are applied] ***
skipping: [localhost]

TASK [/stigforge/roles/cs9_stig : Set Interval For Counting Failed Password Attempts - Ensure the authselect custom profile is selected] ***
skipping: [localhost]

TASK [/stigforge/roles/cs9_stig : Set Interval For Counting Failed Password Attempts - Restore the authselect features in the custom profile] ***
skipping: [localhost]

TASK [/stigforge/roles/cs9_stig : Set Interval For Counting Failed Password Attempts - Ensure authselect changes are applied] ***
skipping: [localhost]

TASK [/stigforge/roles/cs9_stig : Set Interval For Counting Failed Password Attempts - Change the PAM file to be edited according to the custom authselect profile] ***
skipping: [localhost]

TASK [/stigforge/roles/cs9_stig : Set Interval For Counting Failed Password Attempts - Define a fact for control already filtered in case filters are used] ***
skipping: [localhost]

TASK [/stigforge/roles/cs9_stig : Set Interval For Counting Failed Password Attempts - Check if {{ pam_file_path }} file is present] ***
skipping: [localhost]

TASK [/stigforge/roles/cs9_stig : Set Interval For Counting Failed Password Attempts - Ensure the "fail_interval" option from "pam_faillock.so" is not present in {{ pam_file_path }}] ***
skipping: [localhost]

TASK [/stigforge/roles/cs9_stig : Set Interval For Counting Failed Password Attempts - Ensure authselect changes are applied] ***
skipping: [localhost]

TASK [/stigforge/roles/cs9_stig : Set Interval For Counting Failed Password Attempts - Check if pam_faillock.so fail_interval parameter is already enabled in pam files] ***
skipping: [localhost]

TASK [/stigforge/roles/cs9_stig : Set Interval For Counting Failed Password Attempts - Ensure the inclusion of pam_faillock.so preauth fail_interval parameter in auth section] ***
skipping: [localhost] => (item=/etc/pam.d/system-auth) 
skipping: [localhost] => (item=/etc/pam.d/password-auth) 
skipping: [localhost]

TASK [/stigforge/roles/cs9_stig : Set Interval For Counting Failed Password Attempts - Ensure the inclusion of pam_faillock.so authfail fail_interval parameter in auth section] ***
skipping: [localhost] => (item=/etc/pam.d/system-auth) 
skipping: [localhost] => (item=/etc/pam.d/password-auth) 
skipping: [localhost]

TASK [/stigforge/roles/cs9_stig : Set Interval For Counting Failed Password Attempts - Ensure the desired value for pam_faillock.so preauth fail_interval parameter in auth section] ***
skipping: [localhost] => (item=/etc/pam.d/system-auth) 
skipping: [localhost] => (item=/etc/pam.d/password-auth) 
skipping: [localhost]

TASK [/stigforge/roles/cs9_stig : Set Interval For Counting Failed Password Attempts - Ensure the desired value for pam_faillock.so authfail fail_interval parameter in auth section] ***
skipping: [localhost] => (item=/etc/pam.d/system-auth) 
skipping: [localhost] => (item=/etc/pam.d/password-auth) 
skipping: [localhost]

TASK [/stigforge/roles/cs9_stig : Set Lockout Time for Failed Password Attempts - Check if system relies on authselect tool] ***
skipping: [localhost]

TASK [/stigforge/roles/cs9_stig : Set Lockout Time for Failed Password Attempts - Check integrity of authselect current profile] ***
skipping: [localhost]

TASK [/stigforge/roles/cs9_stig : Set Lockout Time for Failed Password Attempts - Informative message based on the authselect integrity check result] ***
skipping: [localhost]

TASK [/stigforge/roles/cs9_stig : Set Lockout Time for Failed Password Attempts - Get authselect current features] ***
skipping: [localhost]

TASK [/stigforge/roles/cs9_stig : Set Lockout Time for Failed Password Attempts - Ensure "with-faillock" feature is enabled using authselect tool] ***
skipping: [localhost]

TASK [/stigforge/roles/cs9_stig : Set Lockout Time for Failed Password Attempts - Ensure authselect changes are applied] ***
skipping: [localhost]

TASK [/stigforge/roles/cs9_stig : Set Lockout Time for Failed Password Attempts - Check if pam_faillock.so is already enabled] ***
skipping: [localhost]

TASK [/stigforge/roles/cs9_stig : Set Lockout Time for Failed Password Attempts - Enable pam_faillock.so preauth editing PAM files] ***
skipping: [localhost] => (item=/etc/pam.d/system-auth) 
skipping: [localhost] => (item=/etc/pam.d/password-auth) 
skipping: [localhost]

TASK [/stigforge/roles/cs9_stig : Set Lockout Time for Failed Password Attempts - Enable pam_faillock.so authfail editing PAM files] ***
skipping: [localhost] => (item=/etc/pam.d/system-auth) 
skipping: [localhost] => (item=/etc/pam.d/password-auth) 
skipping: [localhost]

TASK [/stigforge/roles/cs9_stig : Set Lockout Time for Failed Password Attempts - Enable pam_faillock.so account section editing PAM files] ***
skipping: [localhost] => (item=/etc/pam.d/system-auth) 
skipping: [localhost] => (item=/etc/pam.d/password-auth) 
skipping: [localhost]

TASK [/stigforge/roles/cs9_stig : Set Lockout Time for Failed Password Attempts - Check the presence of /etc/security/faillock.conf file] ***
skipping: [localhost]

TASK [/stigforge/roles/cs9_stig : Set Lockout Time for Failed Password Attempts - Ensure the pam_faillock.so unlock_time parameter in /etc/security/faillock.conf] ***
skipping: [localhost]

TASK [/stigforge/roles/cs9_stig : Set Lockout Time for Failed Password Attempts - Check if /etc/pam.d/system-auth file is present] ***
skipping: [localhost]

TASK [/stigforge/roles/cs9_stig : Set Lockout Time for Failed Password Attempts - Define the PAM file to be edited as a local fact] ***
skipping: [localhost]

TASK [/stigforge/roles/cs9_stig : Set Lockout Time for Failed Password Attempts - Check if system relies on authselect tool] ***
skipping: [localhost]

TASK [/stigforge/roles/cs9_stig : Set Lockout Time for Failed Password Attempts - Check integrity of authselect current profile] ***
skipping: [localhost]

TASK [/stigforge/roles/cs9_stig : Set Lockout Time for Failed Password Attempts - Informative message based on the authselect integrity check result] ***
skipping: [localhost]

TASK [/stigforge/roles/cs9_stig : Set Lockout Time for Failed Password Attempts - Get authselect current profile] ***
skipping: [localhost]

TASK [/stigforge/roles/cs9_stig : Set Lockout Time for Failed Password Attempts - Define the current authselect profile as a local fact] ***
skipping: [localhost]

TASK [/stigforge/roles/cs9_stig : Set Lockout Time for Failed Password Attempts - Define the new authselect custom profile as a local fact] ***
skipping: [localhost]

TASK [/stigforge/roles/cs9_stig : Set Lockout Time for Failed Password Attempts - Get authselect current features to also enable them in the custom profile] ***
skipping: [localhost]

TASK [/stigforge/roles/cs9_stig : Set Lockout Time for Failed Password Attempts - Check if any custom profile with the same name was already created] ***
skipping: [localhost]

TASK [/stigforge/roles/cs9_stig : Set Lockout Time for Failed Password Attempts - Create an authselect custom profile based on the current profile] ***
skipping: [localhost]

TASK [/stigforge/roles/cs9_stig : Set Lockout Time for Failed Password Attempts - Create an authselect custom profile based on sssd profile] ***
skipping: [localhost]

TASK [/stigforge/roles/cs9_stig : Set Lockout Time for Failed Password Attempts - Ensure authselect changes are applied] ***
skipping: [localhost]

TASK [/stigforge/roles/cs9_stig : Set Lockout Time for Failed Password Attempts - Ensure the authselect custom profile is selected] ***
skipping: [localhost]

TASK [/stigforge/roles/cs9_stig : Set Lockout Time for Failed Password Attempts - Restore the authselect features in the custom profile] ***
skipping: [localhost]

TASK [/stigforge/roles/cs9_stig : Set Lockout Time for Failed Password Attempts - Ensure authselect changes are applied] ***
skipping: [localhost]

TASK [/stigforge/roles/cs9_stig : Set Lockout Time for Failed Password Attempts - Change the PAM file to be edited according to the custom authselect profile] ***
skipping: [localhost]

TASK [/stigforge/roles/cs9_stig : Set Lockout Time for Failed Password Attempts - Define a fact for control already filtered in case filters are used] ***
skipping: [localhost]

TASK [/stigforge/roles/cs9_stig : Set Lockout Time for Failed Password Attempts - Check if {{ pam_file_path }} file is present] ***
skipping: [localhost]

TASK [/stigforge/roles/cs9_stig : Set Lockout Time for Failed Password Attempts - Ensure the "unlock_time" option from "pam_faillock.so" is not present in {{ pam_file_path }}] ***
skipping: [localhost]

TASK [/stigforge/roles/cs9_stig : Set Lockout Time for Failed Password Attempts - Ensure authselect changes are applied] ***
skipping: [localhost]

TASK [/stigforge/roles/cs9_stig : Set Lockout Time for Failed Password Attempts - Check if /etc/pam.d/password-auth file is present] ***
skipping: [localhost]

TASK [/stigforge/roles/cs9_stig : Set Lockout Time for Failed Password Attempts - Define the PAM file to be edited as a local fact] ***
skipping: [localhost]

TASK [/stigforge/roles/cs9_stig : Set Lockout Time for Failed Password Attempts - Check if system relies on authselect tool] ***
skipping: [localhost]

TASK [/stigforge/roles/cs9_stig : Set Lockout Time for Failed Password Attempts - Check integrity of authselect current profile] ***
skipping: [localhost]

TASK [/stigforge/roles/cs9_stig : Set Lockout Time for Failed Password Attempts - Informative message based on the authselect integrity check result] ***
skipping: [localhost]

TASK [/stigforge/roles/cs9_stig : Set Lockout Time for Failed Password Attempts - Get authselect current profile] ***
skipping: [localhost]

TASK [/stigforge/roles/cs9_stig : Set Lockout Time for Failed Password Attempts - Define the current authselect profile as a local fact] ***
skipping: [localhost]

TASK [/stigforge/roles/cs9_stig : Set Lockout Time for Failed Password Attempts - Define the new authselect custom profile as a local fact] ***
skipping: [localhost]

TASK [/stigforge/roles/cs9_stig : Set Lockout Time for Failed Password Attempts - Get authselect current features to also enable them in the custom profile] ***
skipping: [localhost]

TASK [/stigforge/roles/cs9_stig : Set Lockout Time for Failed Password Attempts - Check if any custom profile with the same name was already created] ***
skipping: [localhost]

TASK [/stigforge/roles/cs9_stig : Set Lockout Time for Failed Password Attempts - Create an authselect custom profile based on the current profile] ***
skipping: [localhost]

TASK [/stigforge/roles/cs9_stig : Set Lockout Time for Failed Password Attempts - Create an authselect custom profile based on sssd profile] ***
skipping: [localhost]

TASK [/stigforge/roles/cs9_stig : Set Lockout Time for Failed Password Attempts - Ensure authselect changes are applied] ***
skipping: [localhost]

TASK [/stigforge/roles/cs9_stig : Set Lockout Time for Failed Password Attempts - Ensure the authselect custom profile is selected] ***
skipping: [localhost]

TASK [/stigforge/roles/cs9_stig : Set Lockout Time for Failed Password Attempts - Restore the authselect features in the custom profile] ***
skipping: [localhost]

TASK [/stigforge/roles/cs9_stig : Set Lockout Time for Failed Password Attempts - Ensure authselect changes are applied] ***
skipping: [localhost]

TASK [/stigforge/roles/cs9_stig : Set Lockout Time for Failed Password Attempts - Change the PAM file to be edited according to the custom authselect profile] ***
skipping: [localhost]

TASK [/stigforge/roles/cs9_stig : Set Lockout Time for Failed Password Attempts - Define a fact for control already filtered in case filters are used] ***
skipping: [localhost]

TASK [/stigforge/roles/cs9_stig : Set Lockout Time for Failed Password Attempts - Check if {{ pam_file_path }} file is present] ***
skipping: [localhost]

TASK [/stigforge/roles/cs9_stig : Set Lockout Time for Failed Password Attempts - Ensure the "unlock_time" option from "pam_faillock.so" is not present in {{ pam_file_path }}] ***
skipping: [localhost]

TASK [/stigforge/roles/cs9_stig : Set Lockout Time for Failed Password Attempts - Ensure authselect changes are applied] ***
skipping: [localhost]

TASK [/stigforge/roles/cs9_stig : Set Lockout Time for Failed Password Attempts - Check if pam_faillock.so unlock_time parameter is already enabled in pam files] ***
skipping: [localhost]

TASK [/stigforge/roles/cs9_stig : Set Lockout Time for Failed Password Attempts - Ensure the inclusion of pam_faillock.so preauth unlock_time parameter in auth section] ***
skipping: [localhost] => (item=/etc/pam.d/system-auth) 
skipping: [localhost] => (item=/etc/pam.d/password-auth) 
skipping: [localhost]

TASK [/stigforge/roles/cs9_stig : Set Lockout Time for Failed Password Attempts - Ensure the inclusion of pam_faillock.so authfail unlock_time parameter in auth section] ***
skipping: [localhost] => (item=/etc/pam.d/system-auth) 
skipping: [localhost] => (item=/etc/pam.d/password-auth) 
skipping: [localhost]

TASK [/stigforge/roles/cs9_stig : Set Lockout Time for Failed Password Attempts - Ensure the desired value for pam_faillock.so preauth unlock_time parameter in auth section] ***
skipping: [localhost] => (item=/etc/pam.d/system-auth) 
skipping: [localhost] => (item=/etc/pam.d/password-auth) 
skipping: [localhost]

TASK [/stigforge/roles/cs9_stig : Set Lockout Time for Failed Password Attempts - Ensure the desired value for pam_faillock.so authfail unlock_time parameter in auth section] ***
skipping: [localhost] => (item=/etc/pam.d/system-auth) 
skipping: [localhost] => (item=/etc/pam.d/password-auth) 
skipping: [localhost]

TASK [/stigforge/roles/cs9_stig : Ensure PAM Enforces Password Requirements - Minimum Digit Characters - Find pwquality.conf.d files] ***
skipping: [localhost]

TASK [/stigforge/roles/cs9_stig : Ensure PAM Enforces Password Requirements - Minimum Digit Characters - Ensure dcredit is not set in pwquality.conf.d] ***
skipping: [localhost]

TASK [/stigforge/roles/cs9_stig : Ensure PAM Enforces Password Requirements - Minimum Digit Characters - Ensure PAM variable dcredit is set accordingly] ***
skipping: [localhost]

TASK [/stigforge/roles/cs9_stig : Ensure PAM Enforces Password Requirements - Prevent the Use of Dictionary Words - Find pwquality.conf.d files] ***
skipping: [localhost]

TASK [/stigforge/roles/cs9_stig : Ensure PAM Enforces Password Requirements - Prevent the Use of Dictionary Words - Ensure dictcheck is not set in pwquality.conf.d] ***
skipping: [localhost]

TASK [/stigforge/roles/cs9_stig : Ensure PAM Enforces Password Requirements - Prevent the Use of Dictionary Words - Ensure PAM variable dictcheck is set accordingly] ***
skipping: [localhost]

TASK [/stigforge/roles/cs9_stig : Ensure PAM Enforces Password Requirements - Minimum Different Characters - Find pwquality.conf.d files] ***
skipping: [localhost]

TASK [/stigforge/roles/cs9_stig : Ensure PAM Enforces Password Requirements - Minimum Different Characters - Ensure difok is not set in pwquality.conf.d] ***
skipping: [localhost]

TASK [/stigforge/roles/cs9_stig : Ensure PAM Enforces Password Requirements - Minimum Different Characters - Ensure PAM variable difok is set accordingly] ***
skipping: [localhost]

TASK [/stigforge/roles/cs9_stig : Ensure PAM Enforces Password Requirements - Minimum Lowercase Characters - Find pwquality.conf.d files] ***
skipping: [localhost]

TASK [/stigforge/roles/cs9_stig : Ensure PAM Enforces Password Requirements - Minimum Lowercase Characters - Ensure lcredit is not set in pwquality.conf.d] ***
skipping: [localhost]

TASK [/stigforge/roles/cs9_stig : Ensure PAM Enforces Password Requirements - Minimum Lowercase Characters - Ensure PAM variable lcredit is set accordingly] ***
skipping: [localhost]

TASK [/stigforge/roles/cs9_stig : Ensure PAM Enforces Password Requirements - Maximum Consecutive Repeating Characters from Same Character Class - Find pwquality.conf.d files] ***
skipping: [localhost]

TASK [/stigforge/roles/cs9_stig : Ensure PAM Enforces Password Requirements - Maximum Consecutive Repeating Characters from Same Character Class - Ensure maxclassrepeat is not set in pwquality.conf.d] ***
skipping: [localhost]

TASK [/stigforge/roles/cs9_stig : Ensure PAM Enforces Password Requirements - Maximum Consecutive Repeating Characters from Same Character Class - Ensure PAM variable maxclassrepeat is set accordingly] ***
skipping: [localhost]

TASK [/stigforge/roles/cs9_stig : Set Password Maximum Consecutive Repeating Characters - Find pwquality.conf.d files] ***
skipping: [localhost]

TASK [/stigforge/roles/cs9_stig : Set Password Maximum Consecutive Repeating Characters - Ensure maxrepeat is not set in pwquality.conf.d] ***
skipping: [localhost]

TASK [/stigforge/roles/cs9_stig : Set Password Maximum Consecutive Repeating Characters - Ensure PAM variable maxrepeat is set accordingly] ***
skipping: [localhost]

TASK [/stigforge/roles/cs9_stig : Ensure PAM Enforces Password Requirements - Minimum Different Categories - Find pwquality.conf.d files] ***
skipping: [localhost]

TASK [/stigforge/roles/cs9_stig : Ensure PAM Enforces Password Requirements - Minimum Different Categories - Ensure minclass is not set in pwquality.conf.d] ***
skipping: [localhost]

TASK [/stigforge/roles/cs9_stig : Ensure PAM Enforces Password Requirements - Minimum Different Categories - Ensure PAM variable minclass is set accordingly] ***
skipping: [localhost]

TASK [/stigforge/roles/cs9_stig : Ensure PAM Enforces Password Requirements - Minimum Length - Find pwquality.conf.d files] ***
skipping: [localhost]

TASK [/stigforge/roles/cs9_stig : Ensure PAM Enforces Password Requirements - Minimum Length - Ensure minlen is not set in pwquality.conf.d] ***
skipping: [localhost]

TASK [/stigforge/roles/cs9_stig : Ensure PAM Enforces Password Requirements - Minimum Length - Ensure PAM variable minlen is set accordingly] ***
skipping: [localhost]

TASK [/stigforge/roles/cs9_stig : Ensure PAM Enforces Password Requirements - Minimum Special Characters - Find pwquality.conf.d files] ***
skipping: [localhost]

TASK [/stigforge/roles/cs9_stig : Ensure PAM Enforces Password Requirements - Minimum Special Characters - Ensure ocredit is not set in pwquality.conf.d] ***
skipping: [localhost]

TASK [/stigforge/roles/cs9_stig : Ensure PAM Enforces Password Requirements - Minimum Special Characters - Ensure PAM variable ocredit is set accordingly] ***
skipping: [localhost]

TASK [/stigforge/roles/cs9_stig : Ensure PAM password complexity module is enabled in password-auth - Check if /etc/pam.d/password-auth file is present] ***
skipping: [localhost]

TASK [/stigforge/roles/cs9_stig : Ensure PAM password complexity module is enabled in password-auth - Define the PAM file to be edited as a local fact] ***
skipping: [localhost]

TASK [/stigforge/roles/cs9_stig : Ensure PAM password complexity module is enabled in password-auth - Check if system relies on authselect tool] ***
skipping: [localhost]

TASK [/stigforge/roles/cs9_stig : Ensure PAM password complexity module is enabled in password-auth - Check integrity of authselect current profile] ***
skipping: [localhost]

TASK [/stigforge/roles/cs9_stig : Ensure PAM password complexity module is enabled in password-auth - Informative message based on the authselect integrity check result] ***
skipping: [localhost]

TASK [/stigforge/roles/cs9_stig : Ensure PAM password complexity module is enabled in password-auth - Get authselect current profile] ***
skipping: [localhost]

TASK [/stigforge/roles/cs9_stig : Ensure PAM password complexity module is enabled in password-auth - Define the current authselect profile as a local fact] ***
skipping: [localhost]

TASK [/stigforge/roles/cs9_stig : Ensure PAM password complexity module is enabled in password-auth - Define the new authselect custom profile as a local fact] ***
skipping: [localhost]

TASK [/stigforge/roles/cs9_stig : Ensure PAM password complexity module is enabled in password-auth - Get authselect current features to also enable them in the custom profile] ***
skipping: [localhost]

TASK [/stigforge/roles/cs9_stig : Ensure PAM password complexity module is enabled in password-auth - Check if any custom profile with the same name was already created] ***
skipping: [localhost]

TASK [/stigforge/roles/cs9_stig : Ensure PAM password complexity module is enabled in password-auth - Create an authselect custom profile based on the current profile] ***
skipping: [localhost]

TASK [/stigforge/roles/cs9_stig : Ensure PAM password complexity module is enabled in password-auth - Create an authselect custom profile based on sssd profile] ***
skipping: [localhost]

TASK [/stigforge/roles/cs9_stig : Ensure PAM password complexity module is enabled in password-auth - Ensure authselect changes are applied] ***
skipping: [localhost]

TASK [/stigforge/roles/cs9_stig : Ensure PAM password complexity module is enabled in password-auth - Ensure the authselect custom profile is selected] ***
skipping: [localhost]

TASK [/stigforge/roles/cs9_stig : Ensure PAM password complexity module is enabled in password-auth - Restore the authselect features in the custom profile] ***
skipping: [localhost]

TASK [/stigforge/roles/cs9_stig : Ensure PAM password complexity module is enabled in password-auth - Ensure authselect changes are applied] ***
skipping: [localhost]

TASK [/stigforge/roles/cs9_stig : Ensure PAM password complexity module is enabled in password-auth - Change the PAM file to be edited according to the custom authselect profile] ***
skipping: [localhost]

TASK [/stigforge/roles/cs9_stig : Ensure PAM password complexity module is enabled in password-auth - Define a fact for control already filtered in case filters are used] ***
skipping: [localhost]

TASK [/stigforge/roles/cs9_stig : Ensure PAM password complexity module is enabled in password-auth - Check if expected PAM module line is present in {{ pam_file_path }}] ***
skipping: [localhost]

TASK [/stigforge/roles/cs9_stig : Ensure PAM password complexity module is enabled in password-auth - Check if required PAM module line is present in {{ pam_file_path }} with different control] ***
skipping: [localhost]

TASK [/stigforge/roles/cs9_stig : Ensure PAM password complexity module is enabled in password-auth - Ensure the correct control for the required PAM module line in {{ pam_file_path }}] ***
skipping: [localhost]

TASK [/stigforge/roles/cs9_stig : Ensure PAM password complexity module is enabled in password-auth - Ensure the required PAM module line is included in {{ pam_file_path }}] ***
skipping: [localhost]

TASK [/stigforge/roles/cs9_stig : Ensure PAM password complexity module is enabled in password-auth - Ensure authselect changes are applied] ***
skipping: [localhost]

TASK [/stigforge/roles/cs9_stig : Ensure PAM password complexity module is enabled in password-auth - Ensure authselect changes are applied] ***
skipping: [localhost]

TASK [/stigforge/roles/cs9_stig : Ensure PAM Enforces Password Requirements - Authentication Retry Prompts Permitted Per-Session in /etc/security/pwquality.conf - Find pwquality.conf.d files] ***
skipping: [localhost]

TASK [/stigforge/roles/cs9_stig : Ensure PAM Enforces Password Requirements - Authentication Retry Prompts Permitted Per-Session in /etc/security/pwquality.conf - Ensure retry is not set in pwquality.conf.d] ***
skipping: [localhost]

TASK [/stigforge/roles/cs9_stig : Ensure PAM Enforces Password Requirements - Authentication Retry Prompts Permitted Per-Session in /etc/security/pwquality.conf - Ensure PAM variable retry is set accordingly] ***
skipping: [localhost]

TASK [/stigforge/roles/cs9_stig : Ensure PAM password complexity module is enabled in system-auth - Check if /etc/pam.d/system-auth file is present] ***
skipping: [localhost]

TASK [/stigforge/roles/cs9_stig : Ensure PAM password complexity module is enabled in system-auth - Define the PAM file to be edited as a local fact] ***
skipping: [localhost]

TASK [/stigforge/roles/cs9_stig : Ensure PAM password complexity module is enabled in system-auth - Check if system relies on authselect tool] ***
skipping: [localhost]

TASK [/stigforge/roles/cs9_stig : Ensure PAM password complexity module is enabled in system-auth - Check integrity of authselect current profile] ***
skipping: [localhost]

TASK [/stigforge/roles/cs9_stig : Ensure PAM password complexity module is enabled in system-auth - Informative message based on the authselect integrity check result] ***
skipping: [localhost]

TASK [/stigforge/roles/cs9_stig : Ensure PAM password complexity module is enabled in system-auth - Get authselect current profile] ***
skipping: [localhost]

TASK [/stigforge/roles/cs9_stig : Ensure PAM password complexity module is enabled in system-auth - Define the current authselect profile as a local fact] ***
skipping: [localhost]

TASK [/stigforge/roles/cs9_stig : Ensure PAM password complexity module is enabled in system-auth - Define the new authselect custom profile as a local fact] ***
skipping: [localhost]

TASK [/stigforge/roles/cs9_stig : Ensure PAM password complexity module is enabled in system-auth - Get authselect current features to also enable them in the custom profile] ***
skipping: [localhost]

TASK [/stigforge/roles/cs9_stig : Ensure PAM password complexity module is enabled in system-auth - Check if any custom profile with the same name was already created] ***
skipping: [localhost]

TASK [/stigforge/roles/cs9_stig : Ensure PAM password complexity module is enabled in system-auth - Create an authselect custom profile based on the current profile] ***
skipping: [localhost]

TASK [/stigforge/roles/cs9_stig : Ensure PAM password complexity module is enabled in system-auth - Create an authselect custom profile based on sssd profile] ***
skipping: [localhost]

TASK [/stigforge/roles/cs9_stig : Ensure PAM password complexity module is enabled in system-auth - Ensure authselect changes are applied] ***
skipping: [localhost]

TASK [/stigforge/roles/cs9_stig : Ensure PAM password complexity module is enabled in system-auth - Ensure the authselect custom profile is selected] ***
skipping: [localhost]

TASK [/stigforge/roles/cs9_stig : Ensure PAM password complexity module is enabled in system-auth - Restore the authselect features in the custom profile] ***
skipping: [localhost]

TASK [/stigforge/roles/cs9_stig : Ensure PAM password complexity module is enabled in system-auth - Ensure authselect changes are applied] ***
skipping: [localhost]

TASK [/stigforge/roles/cs9_stig : Ensure PAM password complexity module is enabled in system-auth - Change the PAM file to be edited according to the custom authselect profile] ***
skipping: [localhost]

TASK [/stigforge/roles/cs9_stig : Ensure PAM password complexity module is enabled in system-auth - Define a fact for control already filtered in case filters are used] ***
skipping: [localhost]

TASK [/stigforge/roles/cs9_stig : Ensure PAM password complexity module is enabled in system-auth - Check if expected PAM module line is present in {{ pam_file_path }}] ***
skipping: [localhost]

TASK [/stigforge/roles/cs9_stig : Ensure PAM password complexity module is enabled in system-auth - Check if required PAM module line is present in {{ pam_file_path }} with different control] ***
skipping: [localhost]

TASK [/stigforge/roles/cs9_stig : Ensure PAM password complexity module is enabled in system-auth - Ensure the correct control for the required PAM module line in {{ pam_file_path }}] ***
skipping: [localhost]

TASK [/stigforge/roles/cs9_stig : Ensure PAM password complexity module is enabled in system-auth - Ensure the required PAM module line is included in {{ pam_file_path }}] ***
skipping: [localhost]

TASK [/stigforge/roles/cs9_stig : Ensure PAM password complexity module is enabled in system-auth - Ensure authselect changes are applied] ***
skipping: [localhost]

TASK [/stigforge/roles/cs9_stig : Ensure PAM password complexity module is enabled in system-auth - Ensure authselect changes are applied] ***
skipping: [localhost]

TASK [/stigforge/roles/cs9_stig : Ensure PAM Enforces Password Requirements - Minimum Uppercase Characters - Find pwquality.conf.d files] ***
skipping: [localhost]

TASK [/stigforge/roles/cs9_stig : Ensure PAM Enforces Password Requirements - Minimum Uppercase Characters - Ensure ucredit is not set in pwquality.conf.d] ***
skipping: [localhost]

TASK [/stigforge/roles/cs9_stig : Ensure PAM Enforces Password Requirements - Minimum Uppercase Characters - Ensure PAM variable ucredit is set accordingly] ***
skipping: [localhost]

TASK [/stigforge/roles/cs9_stig : Set Password Hashing Algorithm in /etc/libuser.conf - Set Password Hashing Algorithm in /etc/libuser.conf] ***
skipping: [localhost]

TASK [/stigforge/roles/cs9_stig : Set Password Hashing Algorithm in /etc/login.defs] ***
skipping: [localhost]

TASK [/stigforge/roles/cs9_stig : Set PAM Password Hashing Algorithm - password-auth - Check if /etc/pam.d/password-auth file is present] ***
skipping: [localhost]

TASK [/stigforge/roles/cs9_stig : Set PAM Password Hashing Algorithm - password-auth - Define the PAM file to be edited as a local fact] ***
skipping: [localhost]

TASK [/stigforge/roles/cs9_stig : Set PAM Password Hashing Algorithm - password-auth - Check if system relies on authselect tool] ***
skipping: [localhost]

TASK [/stigforge/roles/cs9_stig : Set PAM Password Hashing Algorithm - password-auth - Check integrity of authselect current profile] ***
skipping: [localhost]

TASK [/stigforge/roles/cs9_stig : Set PAM Password Hashing Algorithm - password-auth - Informative message based on the authselect integrity check result] ***
skipping: [localhost]

TASK [/stigforge/roles/cs9_stig : Set PAM Password Hashing Algorithm - password-auth - Get authselect current profile] ***
skipping: [localhost]

TASK [/stigforge/roles/cs9_stig : Set PAM Password Hashing Algorithm - password-auth - Define the current authselect profile as a local fact] ***
skipping: [localhost]

TASK [/stigforge/roles/cs9_stig : Set PAM Password Hashing Algorithm - password-auth - Define the new authselect custom profile as a local fact] ***
skipping: [localhost]

TASK [/stigforge/roles/cs9_stig : Set PAM Password Hashing Algorithm - password-auth - Get authselect current features to also enable them in the custom profile] ***
skipping: [localhost]

TASK [/stigforge/roles/cs9_stig : Set PAM Password Hashing Algorithm - password-auth - Check if any custom profile with the same name was already created] ***
skipping: [localhost]

TASK [/stigforge/roles/cs9_stig : Set PAM Password Hashing Algorithm - password-auth - Create an authselect custom profile based on the current profile] ***
skipping: [localhost]

TASK [/stigforge/roles/cs9_stig : Set PAM Password Hashing Algorithm - password-auth - Create an authselect custom profile based on sssd profile] ***
skipping: [localhost]

TASK [/stigforge/roles/cs9_stig : Set PAM Password Hashing Algorithm - password-auth - Ensure authselect changes are applied] ***
skipping: [localhost]

TASK [/stigforge/roles/cs9_stig : Set PAM Password Hashing Algorithm - password-auth - Ensure the authselect custom profile is selected] ***
skipping: [localhost]

TASK [/stigforge/roles/cs9_stig : Set PAM Password Hashing Algorithm - password-auth - Restore the authselect features in the custom profile] ***
skipping: [localhost]

TASK [/stigforge/roles/cs9_stig : Set PAM Password Hashing Algorithm - password-auth - Ensure authselect changes are applied] ***
skipping: [localhost]

TASK [/stigforge/roles/cs9_stig : Set PAM Password Hashing Algorithm - password-auth - Change the PAM file to be edited according to the custom authselect profile] ***
skipping: [localhost]

TASK [/stigforge/roles/cs9_stig : Set PAM Password Hashing Algorithm - password-auth - Define a fact for control already filtered in case filters are used] ***
skipping: [localhost]

TASK [/stigforge/roles/cs9_stig : Set PAM Password Hashing Algorithm - password-auth - Check if expected PAM module line is present in {{ pam_file_path }}] ***
skipping: [localhost]

TASK [/stigforge/roles/cs9_stig : Set PAM Password Hashing Algorithm - password-auth - Check if required PAM module line is present in {{ pam_file_path }} with different control] ***
skipping: [localhost]

TASK [/stigforge/roles/cs9_stig : Set PAM Password Hashing Algorithm - password-auth - Ensure the correct control for the required PAM module line in {{ pam_file_path }}] ***
skipping: [localhost]

TASK [/stigforge/roles/cs9_stig : Set PAM Password Hashing Algorithm - password-auth - Ensure the required PAM module line is included in {{ pam_file_path }}] ***
skipping: [localhost]

TASK [/stigforge/roles/cs9_stig : Set PAM Password Hashing Algorithm - password-auth - Ensure authselect changes are applied] ***
skipping: [localhost]

TASK [/stigforge/roles/cs9_stig : Set PAM Password Hashing Algorithm - password-auth - Define a fact for control already filtered in case filters are used] ***
skipping: [localhost]

TASK [/stigforge/roles/cs9_stig : Set PAM Password Hashing Algorithm - password-auth - Check if the required PAM module option is present in {{ pam_file_path }}] ***
skipping: [localhost]

TASK [/stigforge/roles/cs9_stig : Set PAM Password Hashing Algorithm - password-auth - Ensure the "{{ var_password_hashing_algorithm_pam.split("|")[0] }}" PAM option for "pam_unix.so" is included in {{ pam_file_path }}] ***
skipping: [localhost]

TASK [/stigforge/roles/cs9_stig : Set PAM Password Hashing Algorithm - password-auth - Ensure authselect changes are applied] ***
skipping: [localhost]

TASK [/stigforge/roles/cs9_stig : Set PAM Password Hashing Algorithm - password-auth - Check if /etc/pam.d/password-auth File is Present] ***
skipping: [localhost]

TASK [/stigforge/roles/cs9_stig : Set PAM Password Hashing Algorithm - password-auth - Define the PAM file to be edited as a local fact] ***
skipping: [localhost]

TASK [/stigforge/roles/cs9_stig : Set PAM Password Hashing Algorithm - password-auth - Check if system relies on authselect tool] ***
skipping: [localhost]

TASK [/stigforge/roles/cs9_stig : Set PAM Password Hashing Algorithm - password-auth - Check integrity of authselect current profile] ***
skipping: [localhost]

TASK [/stigforge/roles/cs9_stig : Set PAM Password Hashing Algorithm - password-auth - Informative message based on the authselect integrity check result] ***
skipping: [localhost]

TASK [/stigforge/roles/cs9_stig : Set PAM Password Hashing Algorithm - password-auth - Get authselect current profile] ***
skipping: [localhost]

TASK [/stigforge/roles/cs9_stig : Set PAM Password Hashing Algorithm - password-auth - Define the current authselect profile as a local fact] ***
skipping: [localhost]

TASK [/stigforge/roles/cs9_stig : Set PAM Password Hashing Algorithm - password-auth - Define the new authselect custom profile as a local fact] ***
skipping: [localhost]

TASK [/stigforge/roles/cs9_stig : Set PAM Password Hashing Algorithm - password-auth - Get authselect current features to also enable them in the custom profile] ***
skipping: [localhost]

TASK [/stigforge/roles/cs9_stig : Set PAM Password Hashing Algorithm - password-auth - Check if any custom profile with the same name was already created] ***
skipping: [localhost]

TASK [/stigforge/roles/cs9_stig : Set PAM Password Hashing Algorithm - password-auth - Create an authselect custom profile based on the current profile] ***
skipping: [localhost]

TASK [/stigforge/roles/cs9_stig : Set PAM Password Hashing Algorithm - password-auth - Create an authselect custom profile based on sssd profile] ***
skipping: [localhost]

TASK [/stigforge/roles/cs9_stig : Set PAM Password Hashing Algorithm - password-auth - Ensure authselect changes are applied] ***
skipping: [localhost]

TASK [/stigforge/roles/cs9_stig : Set PAM Password Hashing Algorithm - password-auth - Ensure the authselect custom profile is selected] ***
skipping: [localhost]

TASK [/stigforge/roles/cs9_stig : Set PAM Password Hashing Algorithm - password-auth - Restore the authselect features in the custom profile] ***
skipping: [localhost]

TASK [/stigforge/roles/cs9_stig : Set PAM Password Hashing Algorithm - password-auth - Ensure authselect changes are applied] ***
skipping: [localhost]

TASK [/stigforge/roles/cs9_stig : Set PAM Password Hashing Algorithm - password-auth - Change the PAM file to be edited according to the custom authselect profile] ***
skipping: [localhost]

TASK [/stigforge/roles/cs9_stig : Set PAM Password Hashing Algorithm - password-auth - Check if "{{ pam_file_path }}" File is Present] ***
skipping: [localhost]

TASK [/stigforge/roles/cs9_stig : Set PAM Password Hashing Algorithm - password-auth - Ensure That Only the Correct Hashing Algorithm Option For pam_unix.so Is Used in {{ pam_file_path }}] ***
skipping: [localhost] => (item=sha512) 
skipping: [localhost] => (item=yescrypt) 
skipping: [localhost] => (item=gost_yescrypt) 
skipping: [localhost] => (item=blowfish) 
skipping: [localhost] => (item=sha256) 
skipping: [localhost] => (item=md5) 
skipping: [localhost] => (item=bigcrypt) 
skipping: [localhost]

TASK [/stigforge/roles/cs9_stig : Set PAM Password Hashing Algorithm - password-auth - Ensure authselect changes are applied] ***
skipping: [localhost]

TASK [/stigforge/roles/cs9_stig : Disable Ctrl-Alt-Del Burst Action] ***********
skipping: [localhost]

TASK [/stigforge/roles/cs9_stig : Disable Ctrl-Alt-Del Reboot Activation] ******
skipping: [localhost]

TASK [/stigforge/roles/cs9_stig : Verify that Interactive Boot is Disabled - Verify GRUB_DISABLE_RECOVERY=true] ***
skipping: [localhost]

TASK [/stigforge/roles/cs9_stig : Verify that Interactive Boot is Disabled - Verify that Interactive Boot is Disabled in /etc/default/grub] ***
skipping: [localhost]

TASK [/stigforge/roles/cs9_stig : Verify that Interactive Boot is Disabled - Verify that Interactive Boot is Disabled (runtime)] ***
skipping: [localhost]

TASK [/stigforge/roles/cs9_stig : Verify that Interactive Boot is Disabled - Regen grub.cfg handle updated GRUB_DISABLE_RECOVERY and confirm_spawn] ***
skipping: [localhost]

TASK [/stigforge/roles/cs9_stig : Remove StopIdleSessionSec from main config] ***
skipping: [localhost]

TASK [/stigforge/roles/cs9_stig : Remove StopIdleSessionSec from drop-in files] ***
[WARNING]: Unable to find '/etc/systemd/logind.conf.d' in expected paths (use
-vvvvv to see paths)
skipping: [localhost]

TASK [/stigforge/roles/cs9_stig : Set 'StopIdleSessionSec' to '600' in the [Login] section of '/etc/systemd/logind.conf.d/oscap-idle-sessions.conf'] ***
skipping: [localhost]

TASK [/stigforge/roles/cs9_stig : Require emergency mode password] *************
skipping: [localhost]

TASK [/stigforge/roles/cs9_stig : Require Authentication for Single User Mode - find files which already override Execstart of rescue.service] ***
skipping: [localhost]

TASK [/stigforge/roles/cs9_stig : Require Authentication for Single User Mode - set files containing ExecStart overrides as target] ***
skipping: [localhost]

TASK [/stigforge/roles/cs9_stig : Require Authentication for Single User Mode - set default target for rescue.service override] ***
skipping: [localhost]

TASK [/stigforge/roles/cs9_stig : Require Authentication for Single User Mode - Require emergency user mode password] ***
skipping: [localhost]

TASK [/stigforge/roles/cs9_stig : Set Account Expiration Following Inactivity] ***
skipping: [localhost]

TASK [/stigforge/roles/cs9_stig : Set Password Maximum Age] ********************
skipping: [localhost]

TASK [/stigforge/roles/cs9_stig : Set Password Minimum Age] ********************
skipping: [localhost]

TASK [/stigforge/roles/cs9_stig : Collect users with not correct maximum time period between password changes] ***
skipping: [localhost]

TASK [/stigforge/roles/cs9_stig : Change the maximum time period between password changes] ***
skipping: [localhost]

TASK [/stigforge/roles/cs9_stig : Collect users with not correct minimum time period between password changes] ***
skipping: [localhost]

TASK [/stigforge/roles/cs9_stig : Change the minimum time period between password changes] ***
skipping: [localhost]

TASK [/stigforge/roles/cs9_stig : Set number of Password Hashing Rounds - password-auth - Check if /etc/pam.d/password-auth file is present] ***
skipping: [localhost]

TASK [/stigforge/roles/cs9_stig : Set number of Password Hashing Rounds - password-auth - Define the PAM file to be edited as a local fact] ***
skipping: [localhost]

TASK [/stigforge/roles/cs9_stig : Set number of Password Hashing Rounds - password-auth - Check if system relies on authselect tool] ***
skipping: [localhost]

TASK [/stigforge/roles/cs9_stig : Set number of Password Hashing Rounds - password-auth - Check integrity of authselect current profile] ***
skipping: [localhost]

TASK [/stigforge/roles/cs9_stig : Set number of Password Hashing Rounds - password-auth - Informative message based on the authselect integrity check result] ***
skipping: [localhost]

TASK [/stigforge/roles/cs9_stig : Set number of Password Hashing Rounds - password-auth - Get authselect current profile] ***
skipping: [localhost]

TASK [/stigforge/roles/cs9_stig : Set number of Password Hashing Rounds - password-auth - Define the current authselect profile as a local fact] ***
skipping: [localhost]

TASK [/stigforge/roles/cs9_stig : Set number of Password Hashing Rounds - password-auth - Define the new authselect custom profile as a local fact] ***
skipping: [localhost]

TASK [/stigforge/roles/cs9_stig : Set number of Password Hashing Rounds - password-auth - Get authselect current features to also enable them in the custom profile] ***
skipping: [localhost]

TASK [/stigforge/roles/cs9_stig : Set number of Password Hashing Rounds - password-auth - Check if any custom profile with the same name was already created] ***
skipping: [localhost]

TASK [/stigforge/roles/cs9_stig : Set number of Password Hashing Rounds - password-auth - Create an authselect custom profile based on the current profile] ***
skipping: [localhost]

TASK [/stigforge/roles/cs9_stig : Set number of Password Hashing Rounds - password-auth - Create an authselect custom profile based on sssd profile] ***
skipping: [localhost]

TASK [/stigforge/roles/cs9_stig : Set number of Password Hashing Rounds - password-auth - Ensure authselect changes are applied] ***
skipping: [localhost]

TASK [/stigforge/roles/cs9_stig : Set number of Password Hashing Rounds - password-auth - Ensure the authselect custom profile is selected] ***
skipping: [localhost]

TASK [/stigforge/roles/cs9_stig : Set number of Password Hashing Rounds - password-auth - Restore the authselect features in the custom profile] ***
skipping: [localhost]

TASK [/stigforge/roles/cs9_stig : Set number of Password Hashing Rounds - password-auth - Ensure authselect changes are applied] ***
skipping: [localhost]

TASK [/stigforge/roles/cs9_stig : Set number of Password Hashing Rounds - password-auth - Change the PAM file to be edited according to the custom authselect profile] ***
skipping: [localhost]

TASK [/stigforge/roles/cs9_stig : Set number of Password Hashing Rounds - password-auth - Define a fact for control already filtered in case filters are used] ***
skipping: [localhost]

TASK [/stigforge/roles/cs9_stig : Set number of Password Hashing Rounds - password-auth - Check if expected PAM module line is present in {{ pam_file_path }}] ***
skipping: [localhost]

TASK [/stigforge/roles/cs9_stig : Set number of Password Hashing Rounds - password-auth - Check if required PAM module line is present in {{ pam_file_path }} with different control] ***
skipping: [localhost]

TASK [/stigforge/roles/cs9_stig : Set number of Password Hashing Rounds - password-auth - Ensure the correct control for the required PAM module line in {{ pam_file_path }}] ***
skipping: [localhost]

TASK [/stigforge/roles/cs9_stig : Set number of Password Hashing Rounds - password-auth - Ensure the required PAM module line is included in {{ pam_file_path }}] ***
skipping: [localhost]

TASK [/stigforge/roles/cs9_stig : Set number of Password Hashing Rounds - password-auth - Ensure authselect changes are applied] ***
skipping: [localhost]

TASK [/stigforge/roles/cs9_stig : Set number of Password Hashing Rounds - password-auth - Define a fact for control already filtered in case filters are used] ***
skipping: [localhost]

TASK [/stigforge/roles/cs9_stig : Set number of Password Hashing Rounds - password-auth - Check if the required PAM module option is present in {{ pam_file_path }}] ***
skipping: [localhost]

TASK [/stigforge/roles/cs9_stig : Set number of Password Hashing Rounds - password-auth - Ensure the "rounds" PAM option for "pam_unix.so" is included in {{ pam_file_path }}] ***
skipping: [localhost]

TASK [/stigforge/roles/cs9_stig : Set number of Password Hashing Rounds - password-auth - Ensure the required value for "rounds" PAM option from "pam_unix.so" in {{ pam_file_path }}] ***
skipping: [localhost]

TASK [/stigforge/roles/cs9_stig : Set number of Password Hashing Rounds - password-auth - Ensure authselect changes are applied] ***
skipping: [localhost]

TASK [/stigforge/roles/cs9_stig : Set number of Password Hashing Rounds - system-auth - Check if /etc/pam.d/system-auth file is present] ***
skipping: [localhost]

TASK [/stigforge/roles/cs9_stig : Set number of Password Hashing Rounds - system-auth - Define the PAM file to be edited as a local fact] ***
skipping: [localhost]

TASK [/stigforge/roles/cs9_stig : Set number of Password Hashing Rounds - system-auth - Check if system relies on authselect tool] ***
skipping: [localhost]

TASK [/stigforge/roles/cs9_stig : Set number of Password Hashing Rounds - system-auth - Check integrity of authselect current profile] ***
skipping: [localhost]

TASK [/stigforge/roles/cs9_stig : Set number of Password Hashing Rounds - system-auth - Informative message based on the authselect integrity check result] ***
skipping: [localhost]

TASK [/stigforge/roles/cs9_stig : Set number of Password Hashing Rounds - system-auth - Get authselect current profile] ***
skipping: [localhost]

TASK [/stigforge/roles/cs9_stig : Set number of Password Hashing Rounds - system-auth - Define the current authselect profile as a local fact] ***
skipping: [localhost]

TASK [/stigforge/roles/cs9_stig : Set number of Password Hashing Rounds - system-auth - Define the new authselect custom profile as a local fact] ***
skipping: [localhost]

TASK [/stigforge/roles/cs9_stig : Set number of Password Hashing Rounds - system-auth - Get authselect current features to also enable them in the custom profile] ***
skipping: [localhost]

TASK [/stigforge/roles/cs9_stig : Set number of Password Hashing Rounds - system-auth - Check if any custom profile with the same name was already created] ***
skipping: [localhost]

TASK [/stigforge/roles/cs9_stig : Set number of Password Hashing Rounds - system-auth - Create an authselect custom profile based on the current profile] ***
skipping: [localhost]

TASK [/stigforge/roles/cs9_stig : Set number of Password Hashing Rounds - system-auth - Create an authselect custom profile based on sssd profile] ***
skipping: [localhost]

TASK [/stigforge/roles/cs9_stig : Set number of Password Hashing Rounds - system-auth - Ensure authselect changes are applied] ***
skipping: [localhost]

TASK [/stigforge/roles/cs9_stig : Set number of Password Hashing Rounds - system-auth - Ensure the authselect custom profile is selected] ***
skipping: [localhost]

TASK [/stigforge/roles/cs9_stig : Set number of Password Hashing Rounds - system-auth - Restore the authselect features in the custom profile] ***
skipping: [localhost]

TASK [/stigforge/roles/cs9_stig : Set number of Password Hashing Rounds - system-auth - Ensure authselect changes are applied] ***
skipping: [localhost]

TASK [/stigforge/roles/cs9_stig : Set number of Password Hashing Rounds - system-auth - Change the PAM file to be edited according to the custom authselect profile] ***
skipping: [localhost]

TASK [/stigforge/roles/cs9_stig : Set number of Password Hashing Rounds - system-auth - Define a fact for control already filtered in case filters are used] ***
skipping: [localhost]

TASK [/stigforge/roles/cs9_stig : Set number of Password Hashing Rounds - system-auth - Check if expected PAM module line is present in {{ pam_file_path }}] ***
skipping: [localhost]

TASK [/stigforge/roles/cs9_stig : Set number of Password Hashing Rounds - system-auth - Check if required PAM module line is present in {{ pam_file_path }} with different control] ***
skipping: [localhost]

TASK [/stigforge/roles/cs9_stig : Set number of Password Hashing Rounds - system-auth - Ensure the correct control for the required PAM module line in {{ pam_file_path }}] ***
skipping: [localhost]

TASK [/stigforge/roles/cs9_stig : Set number of Password Hashing Rounds - system-auth - Ensure the required PAM module line is included in {{ pam_file_path }}] ***
skipping: [localhost]

TASK [/stigforge/roles/cs9_stig : Set number of Password Hashing Rounds - system-auth - Ensure authselect changes are applied] ***
skipping: [localhost]

TASK [/stigforge/roles/cs9_stig : Set number of Password Hashing Rounds - system-auth - Define a fact for control already filtered in case filters are used] ***
skipping: [localhost]

TASK [/stigforge/roles/cs9_stig : Set number of Password Hashing Rounds - system-auth - Check if the required PAM module option is present in {{ pam_file_path }}] ***
skipping: [localhost]

TASK [/stigforge/roles/cs9_stig : Set number of Password Hashing Rounds - system-auth - Ensure the "rounds" PAM option for "pam_unix.so" is included in {{ pam_file_path }}] ***
skipping: [localhost]

TASK [/stigforge/roles/cs9_stig : Set number of Password Hashing Rounds - system-auth - Ensure the required value for "rounds" PAM option from "pam_unix.so" in {{ pam_file_path }}] ***
skipping: [localhost]

TASK [/stigforge/roles/cs9_stig : Set number of Password Hashing Rounds - system-auth - Ensure authselect changes are applied] ***
skipping: [localhost]

TASK [/stigforge/roles/cs9_stig : Prevent Login to Accounts With Empty Password - Check if system relies on authselect] ***
skipping: [localhost]

TASK [/stigforge/roles/cs9_stig : Prevent Login to Accounts With Empty Password - Check integrity of authselect current profile] ***
skipping: [localhost]

TASK [/stigforge/roles/cs9_stig : Prevent Login to Accounts With Empty Password - Informative message based on the authselect integrity check result] ***
skipping: [localhost]

TASK [/stigforge/roles/cs9_stig : Prevent Login to Accounts With Empty Password - Get authselect current features] ***
skipping: [localhost]

TASK [/stigforge/roles/cs9_stig : Prevent Login to Accounts With Empty Password - Ensure "without-nullok" feature is enabled using authselect tool] ***
skipping: [localhost]

TASK [/stigforge/roles/cs9_stig : Prevent Login to Accounts With Empty Password - Ensure authselect changes are applied] ***
skipping: [localhost]

TASK [/stigforge/roles/cs9_stig : Prevent Login to Accounts With Empty Password - Remediate directly editing PAM files] ***
skipping: [localhost] => (item=/etc/pam.d/system-auth) 
skipping: [localhost] => (item=/etc/pam.d/password-auth) 
skipping: [localhost]

TASK [/stigforge/roles/cs9_stig : Collect users with no password] **************
skipping: [localhost]

TASK [/stigforge/roles/cs9_stig : Lock users with no password] *****************
skipping: [localhost]

TASK [/stigforge/roles/cs9_stig : Get all /etc/passwd file entries] ************
skipping: [localhost]

TASK [/stigforge/roles/cs9_stig : Lock the password of the user accounts other than root with uid 0] ***
skipping: [localhost]

TASK [/stigforge/roles/cs9_stig : Ensure that System Accounts Do Not Run a Shell Upon Login - Get All Local Users From /etc/passwd] ***
skipping: [localhost]

TASK [/stigforge/roles/cs9_stig : Ensure that System Accounts Do Not Run a Shell Upon Login - Create local_users Variable From getent_passwd Facts] ***
skipping: [localhost]

TASK [/stigforge/roles/cs9_stig : Ensure that System Accounts Do Not Run a Shell Upon Login -  Disable Login Shell for System Accounts] ***
skipping: [localhost]

TASK [/stigforge/roles/cs9_stig : Ensure CREATE_HOME is set to yes] ************
skipping: [localhost]

TASK [/stigforge/roles/cs9_stig : Set accounts logon fail delay] ***************
skipping: [localhost]

TASK [/stigforge/roles/cs9_stig : Find /etc/security/limits.d files containing maxlogins configuration] ***
skipping: [localhost]

TASK [/stigforge/roles/cs9_stig : Limit the Number of Concurrent Login Sessions Allowed Per User in files from limits.d] ***
skipping: [localhost]

TASK [/stigforge/roles/cs9_stig : Limit the Number of Concurrent Login Sessions Allowed Per User] ***
skipping: [localhost]

TASK [/stigforge/roles/cs9_stig : Correct any occurrence of TMOUT in /etc/profile] ***
skipping: [localhost]

TASK [/stigforge/roles/cs9_stig : Set Interactive Session Timeout] *************
skipping: [localhost]

TASK [/stigforge/roles/cs9_stig : Get all local users from /etc/passwd] ********
skipping: [localhost]

TASK [/stigforge/roles/cs9_stig : Create local_users variable from the getent output] ***
skipping: [localhost]

TASK [/stigforge/roles/cs9_stig : Ensure interactive users have an exclusive home directory defined] ***
skipping: [localhost]

TASK [/stigforge/roles/cs9_stig : Get all local users from /etc/passwd] ********
skipping: [localhost]

TASK [/stigforge/roles/cs9_stig : Create local_users variable from the getent output] ***
skipping: [localhost]

TASK [/stigforge/roles/cs9_stig : Ensure interactive users have a home directory exists] ***
skipping: [localhost]

TASK [/stigforge/roles/cs9_stig : Get all users from getent to support remote users (LDAP, SSSD, etc.)] ***
ok: [localhost]

TASK [/stigforge/roles/cs9_stig : Create interactive_users variable filtering out non-interactive shells] ***
ok: [localhost]

TASK [/stigforge/roles/cs9_stig : Test for existence of home directories to avoid creating them, but only fixing group ownership] ***
skipping: [localhost] => (item={'key': 'root', 'value': ['x', '0', '0', 'root', '/root', '/bin/bash']}) 
skipping: [localhost] => (item={'key': 'sync', 'value': ['x', '5', '0', 'sync', '/sbin', '/bin/sync']}) 
skipping: [localhost] => (item={'key': 'shutdown', 'value': ['x', '6', '0', 'shutdown', '/sbin', '/sbin/shutdown']}) 
skipping: [localhost] => (item={'key': 'halt', 'value': ['x', '7', '0', 'halt', '/sbin', '/sbin/halt']}) 
skipping: [localhost]

TASK [/stigforge/roles/cs9_stig : Ensure interactive users are the group-owners of their respective home directories] ***
skipping: [localhost] => (item=[{'key': 'root', 'value': ['x', '0', '0', 'root', '/root', '/bin/bash']}, {'changed': False, 'skipped': True, 'skip_reason': 'Conditional result was False', 'false_condition': 'item.value[1]|int >= 1000', 'item': {'key': 'root', 'value': ['x', '0', '0', 'root', '/root', '/bin/bash']}, 'ansible_loop_var': 'item'}]) 
skipping: [localhost] => (item=[{'key': 'sync', 'value': ['x', '5', '0', 'sync', '/sbin', '/bin/sync']}, {'changed': False, 'skipped': True, 'skip_reason': 'Conditional result was False', 'false_condition': 'item.value[1]|int >= 1000', 'item': {'key': 'sync', 'value': ['x', '5', '0', 'sync', '/sbin', '/bin/sync']}, 'ansible_loop_var': 'item'}]) 
skipping: [localhost] => (item=[{'key': 'shutdown', 'value': ['x', '6', '0', 'shutdown', '/sbin', '/sbin/shutdown']}, {'changed': False, 'skipped': True, 'skip_reason': 'Conditional result was False', 'false_condition': 'item.value[1]|int >= 1000', 'item': {'key': 'shutdown', 'value': ['x', '6', '0', 'shutdown', '/sbin', '/sbin/shutdown']}, 'ansible_loop_var': 'item'}]) 
skipping: [localhost] => (item=[{'key': 'halt', 'value': ['x', '7', '0', 'halt', '/sbin', '/sbin/halt']}, {'changed': False, 'skipped': True, 'skip_reason': 'Conditional result was False', 'false_condition': 'item.value[1]|int >= 1000', 'item': {'key': 'halt', 'value': ['x', '7', '0', 'halt', '/sbin', '/sbin/halt']}, 'ansible_loop_var': 'item'}]) 
skipping: [localhost]

TASK [/stigforge/roles/cs9_stig : Ensure All User Initialization Files Have Mode 0740 Or Less Permissive - Gather User Info] ***
ok: [localhost]

TASK [/stigforge/roles/cs9_stig : Ensure All User Initialization Files Have Mode 0740 Or Less Permissive - Find Init Files] ***
ok: [localhost] => (item={'key': 'root', 'value': ['x', '0', '0', 'root', '/root', '/bin/bash']})
skipping: [localhost] => (item={'key': 'bin', 'value': ['x', '1', '1', 'bin', '/bin', '/sbin/nologin']}) 
skipping: [localhost] => (item={'key': 'daemon', 'value': ['x', '2', '2', 'daemon', '/sbin', '/sbin/nologin']}) 
skipping: [localhost] => (item={'key': 'adm', 'value': ['x', '3', '4', 'adm', '/var/adm', '/sbin/nologin']}) 
skipping: [localhost] => (item={'key': 'lp', 'value': ['x', '4', '7', 'lp', '/var/spool/lpd', '/sbin/nologin']}) 
skipping: [localhost] => (item={'key': 'sync', 'value': ['x', '5', '0', 'sync', '/sbin', '/bin/sync']}) 
skipping: [localhost] => (item={'key': 'shutdown', 'value': ['x', '6', '0', 'shutdown', '/sbin', '/sbin/shutdown']}) 
skipping: [localhost] => (item={'key': 'halt', 'value': ['x', '7', '0', 'halt', '/sbin', '/sbin/halt']}) 
skipping: [localhost] => (item={'key': 'mail', 'value': ['x', '8', '12', 'mail', '/var/spool/mail', '/sbin/nologin']}) 
skipping: [localhost] => (item={'key': 'operator', 'value': ['x', '11', '0', 'operator', '/root', '/sbin/nologin']}) 
skipping: [localhost] => (item={'key': 'games', 'value': ['x', '12', '100', 'games', '/usr/games', '/sbin/nologin']}) 
skipping: [localhost] => (item={'key': 'ftp', 'value': ['x', '14', '50', 'FTP User', '/var/ftp', '/sbin/nologin']}) 
skipping: [localhost] => (item={'key': 'nobody', 'value': ['x', '65534', '65534', 'Kernel Overflow User', '/', '/sbin/nologin']}) 
skipping: [localhost] => (item={'key': 'tss', 'value': ['x', '59', '59', 'Account used for TPM access', '/', '/usr/sbin/nologin']}) 
skipping: [localhost] => (item={'key': 'systemd-coredump', 'value': ['x', '999', '999', 'systemd Core Dumper', '/', '/sbin/nologin']}) 
skipping: [localhost] => (item={'key': 'dbus', 'value': ['x', '81', '81', 'System Message Bus', '/', '/usr/sbin/nologin']}) 

TASK [/stigforge/roles/cs9_stig : Ensure All User Initialization Files Have Mode 0740 Or Less Permissive - Fix Init Files Permissions] ***
skipping: [localhost]

TASK [/stigforge/roles/cs9_stig : Get all local users from /etc/passwd] ********
ok: [localhost]

TASK [/stigforge/roles/cs9_stig : Create local_users variable from the getent output] ***
ok: [localhost]

TASK [/stigforge/roles/cs9_stig : Test for existence home directories to avoid creating them.] ***
skipping: [localhost] => (item={'key': 'root', 'value': ['x', '0', '0', 'root', '/root', '/bin/bash']}) 
skipping: [localhost] => (item={'key': 'bin', 'value': ['x', '1', '1', 'bin', '/bin', '/sbin/nologin']}) 
skipping: [localhost] => (item={'key': 'daemon', 'value': ['x', '2', '2', 'daemon', '/sbin', '/sbin/nologin']}) 
skipping: [localhost] => (item={'key': 'adm', 'value': ['x', '3', '4', 'adm', '/var/adm', '/sbin/nologin']}) 
skipping: [localhost] => (item={'key': 'lp', 'value': ['x', '4', '7', 'lp', '/var/spool/lpd', '/sbin/nologin']}) 
skipping: [localhost] => (item={'key': 'sync', 'value': ['x', '5', '0', 'sync', '/sbin', '/bin/sync']}) 
skipping: [localhost] => (item={'key': 'shutdown', 'value': ['x', '6', '0', 'shutdown', '/sbin', '/sbin/shutdown']}) 
skipping: [localhost] => (item={'key': 'halt', 'value': ['x', '7', '0', 'halt', '/sbin', '/sbin/halt']}) 
skipping: [localhost] => (item={'key': 'mail', 'value': ['x', '8', '12', 'mail', '/var/spool/mail', '/sbin/nologin']}) 
skipping: [localhost] => (item={'key': 'operator', 'value': ['x', '11', '0', 'operator', '/root', '/sbin/nologin']}) 
skipping: [localhost] => (item={'key': 'games', 'value': ['x', '12', '100', 'games', '/usr/games', '/sbin/nologin']}) 
skipping: [localhost] => (item={'key': 'ftp', 'value': ['x', '14', '50', 'FTP User', '/var/ftp', '/sbin/nologin']}) 
skipping: [localhost] => (item={'key': 'nobody', 'value': ['x', '65534', '65534', 'Kernel Overflow User', '/', '/sbin/nologin']}) 
skipping: [localhost] => (item={'key': 'tss', 'value': ['x', '59', '59', 'Account used for TPM access', '/', '/usr/sbin/nologin']}) 
skipping: [localhost] => (item={'key': 'systemd-coredump', 'value': ['x', '999', '999', 'systemd Core Dumper', '/', '/sbin/nologin']}) 
skipping: [localhost] => (item={'key': 'dbus', 'value': ['x', '81', '81', 'System Message Bus', '/', '/usr/sbin/nologin']}) 
skipping: [localhost]

TASK [/stigforge/roles/cs9_stig : Ensure interactive local users have proper permissions on their respective home directories] ***
skipping: [localhost] => (item=[{'key': 'root', 'value': ['x', '0', '0', 'root', '/root', '/bin/bash']}, {'changed': False, 'skipped': True, 'skip_reason': 'Conditional result was False', 'false_condition': 'item.value[1]|int >= 1000', 'item': {'key': 'root', 'value': ['x', '0', '0', 'root', '/root', '/bin/bash']}, 'ansible_loop_var': 'item'}]) 
skipping: [localhost] => (item=[{'key': 'bin', 'value': ['x', '1', '1', 'bin', '/bin', '/sbin/nologin']}, {'changed': False, 'skipped': True, 'skip_reason': 'Conditional result was False', 'false_condition': 'item.value[1]|int >= 1000', 'item': {'key': 'bin', 'value': ['x', '1', '1', 'bin', '/bin', '/sbin/nologin']}, 'ansible_loop_var': 'item'}]) 
skipping: [localhost] => (item=[{'key': 'daemon', 'value': ['x', '2', '2', 'daemon', '/sbin', '/sbin/nologin']}, {'changed': False, 'skipped': True, 'skip_reason': 'Conditional result was False', 'false_condition': 'item.value[1]|int >= 1000', 'item': {'key': 'daemon', 'value': ['x', '2', '2', 'daemon', '/sbin', '/sbin/nologin']}, 'ansible_loop_var': 'item'}]) 
skipping: [localhost] => (item=[{'key': 'adm', 'value': ['x', '3', '4', 'adm', '/var/adm', '/sbin/nologin']}, {'changed': False, 'skipped': True, 'skip_reason': 'Conditional result was False', 'false_condition': 'item.value[1]|int >= 1000', 'item': {'key': 'adm', 'value': ['x', '3', '4', 'adm', '/var/adm', '/sbin/nologin']}, 'ansible_loop_var': 'item'}]) 
skipping: [localhost] => (item=[{'key': 'lp', 'value': ['x', '4', '7', 'lp', '/var/spool/lpd', '/sbin/nologin']}, {'changed': False, 'skipped': True, 'skip_reason': 'Conditional result was False', 'false_condition': 'item.value[1]|int >= 1000', 'item': {'key': 'lp', 'value': ['x', '4', '7', 'lp', '/var/spool/lpd', '/sbin/nologin']}, 'ansible_loop_var': 'item'}]) 
skipping: [localhost] => (item=[{'key': 'sync', 'value': ['x', '5', '0', 'sync', '/sbin', '/bin/sync']}, {'changed': False, 'skipped': True, 'skip_reason': 'Conditional result was False', 'false_condition': 'item.value[1]|int >= 1000', 'item': {'key': 'sync', 'value': ['x', '5', '0', 'sync', '/sbin', '/bin/sync']}, 'ansible_loop_var': 'item'}]) 
skipping: [localhost] => (item=[{'key': 'shutdown', 'value': ['x', '6', '0', 'shutdown', '/sbin', '/sbin/shutdown']}, {'changed': False, 'skipped': True, 'skip_reason': 'Conditional result was False', 'false_condition': 'item.value[1]|int >= 1000', 'item': {'key': 'shutdown', 'value': ['x', '6', '0', 'shutdown', '/sbin', '/sbin/shutdown']}, 'ansible_loop_var': 'item'}]) 
skipping: [localhost] => (item=[{'key': 'halt', 'value': ['x', '7', '0', 'halt', '/sbin', '/sbin/halt']}, {'changed': False, 'skipped': True, 'skip_reason': 'Conditional result was False', 'false_condition': 'item.value[1]|int >= 1000', 'item': {'key': 'halt', 'value': ['x', '7', '0', 'halt', '/sbin', '/sbin/halt']}, 'ansible_loop_var': 'item'}]) 
skipping: [localhost] => (item=[{'key': 'mail', 'value': ['x', '8', '12', 'mail', '/var/spool/mail', '/sbin/nologin']}, {'changed': False, 'skipped': True, 'skip_reason': 'Conditional result was False', 'false_condition': 'item.value[1]|int >= 1000', 'item': {'key': 'mail', 'value': ['x', '8', '12', 'mail', '/var/spool/mail', '/sbin/nologin']}, 'ansible_loop_var': 'item'}]) 
skipping: [localhost] => (item=[{'key': 'operator', 'value': ['x', '11', '0', 'operator', '/root', '/sbin/nologin']}, {'changed': False, 'skipped': True, 'skip_reason': 'Conditional result was False', 'false_condition': 'item.value[1]|int >= 1000', 'item': {'key': 'operator', 'value': ['x', '11', '0', 'operator', '/root', '/sbin/nologin']}, 'ansible_loop_var': 'item'}]) 
skipping: [localhost] => (item=[{'key': 'games', 'value': ['x', '12', '100', 'games', '/usr/games', '/sbin/nologin']}, {'changed': False, 'skipped': True, 'skip_reason': 'Conditional result was False', 'false_condition': 'item.value[1]|int >= 1000', 'item': {'key': 'games', 'value': ['x', '12', '100', 'games', '/usr/games', '/sbin/nologin']}, 'ansible_loop_var': 'item'}]) 
skipping: [localhost] => (item=[{'key': 'ftp', 'value': ['x', '14', '50', 'FTP User', '/var/ftp', '/sbin/nologin']}, {'changed': False, 'skipped': True, 'skip_reason': 'Conditional result was False', 'false_condition': 'item.value[1]|int >= 1000', 'item': {'key': 'ftp', 'value': ['x', '14', '50', 'FTP User', '/var/ftp', '/sbin/nologin']}, 'ansible_loop_var': 'item'}]) 
skipping: [localhost] => (item=[{'key': 'nobody', 'value': ['x', '65534', '65534', 'Kernel Overflow User', '/', '/sbin/nologin']}, {'changed': False, 'skipped': True, 'skip_reason': 'Conditional result was False', 'false_condition': 'item.value[1]|int != 65534', 'item': {'key': 'nobody', 'value': ['x', '65534', '65534', 'Kernel Overflow User', '/', '/sbin/nologin']}, 'ansible_loop_var': 'item'}]) 
skipping: [localhost] => (item=[{'key': 'tss', 'value': ['x', '59', '59', 'Account used for TPM access', '/', '/usr/sbin/nologin']}, {'changed': False, 'skipped': True, 'skip_reason': 'Conditional result was False', 'false_condition': 'item.value[1]|int >= 1000', 'item': {'key': 'tss', 'value': ['x', '59', '59', 'Account used for TPM access', '/', '/usr/sbin/nologin']}, 'ansible_loop_var': 'item'}]) 
skipping: [localhost] => (item=[{'key': 'systemd-coredump', 'value': ['x', '999', '999', 'systemd Core Dumper', '/', '/sbin/nologin']}, {'changed': False, 'skipped': True, 'skip_reason': 'Conditional result was False', 'false_condition': 'item.value[1]|int >= 1000', 'item': {'key': 'systemd-coredump', 'value': ['x', '999', '999', 'systemd Core Dumper', '/', '/sbin/nologin']}, 'ansible_loop_var': 'item'}]) 
skipping: [localhost] => (item=[{'key': 'dbus', 'value': ['x', '81', '81', 'System Message Bus', '/', '/usr/sbin/nologin']}, {'changed': False, 'skipped': True, 'skip_reason': 'Conditional result was False', 'false_condition': 'item.value[1]|int >= 1000', 'item': {'key': 'dbus', 'value': ['x', '81', '81', 'System Message Bus', '/', '/usr/sbin/nologin']}, 'ansible_loop_var': 'item'}]) 
skipping: [localhost]

TASK [/stigforge/roles/cs9_stig : Check if umask in /etc/bashrc is already set] ***
ok: [localhost]

TASK [/stigforge/roles/cs9_stig : Replace user umask in /etc/bashrc] ***********
changed: [localhost]

TASK [/stigforge/roles/cs9_stig : Ensure the Default umask is Appended Correctly] ***
skipping: [localhost]

TASK [/stigforge/roles/cs9_stig : Check if umask in /etc/csh.cshrc is already set] ***
skipping: [localhost]

TASK [/stigforge/roles/cs9_stig : Replace user umask in /etc/csh.cshrc] ********
skipping: [localhost]

TASK [/stigforge/roles/cs9_stig : Ensure the Default umask is Appended Correctly] ***
skipping: [localhost]

TASK [/stigforge/roles/cs9_stig : Set default umask] ***************************
skipping: [localhost]

TASK [/stigforge/roles/cs9_stig : Replace user UMASK in /etc/login.defs] *******
skipping: [localhost]

TASK [/stigforge/roles/cs9_stig : Ensure the Default UMASK is Appended Correctly] ***
skipping: [localhost]

TASK [/stigforge/roles/cs9_stig : Ensure the Default Umask is Set Correctly in /etc/profile - Locate Profile Configuration Files Where umask Is Defined] ***
ok: [localhost]

TASK [/stigforge/roles/cs9_stig : Ensure the Default Umask is Set Correctly in /etc/profile - Replace Existing umask Value in Files From /etc/profile.d] ***
skipping: [localhost]

TASK [/stigforge/roles/cs9_stig : Ensure the Default Umask is Set Correctly in /etc/profile - Ensure umask Is Set in /etc/profile if Not Already Set Elsewhere] ***
changed: [localhost]

TASK [/stigforge/roles/cs9_stig : Ensure the Default Umask is Set Correctly in /etc/profile - Ensure umask Value For All Existing umask Definition in /etc/profile] ***
ok: [localhost]

TASK [/stigforge/roles/cs9_stig : Ensure the Default Umask is Set Correctly For Interactive Users - Get interactive users from passwd file] ***
skipping: [localhost]

TASK [/stigforge/roles/cs9_stig : Ensure the Default Umask is Set Correctly For Interactive Users - Filter interactive users and get home directories] ***
skipping: [localhost]

TASK [/stigforge/roles/cs9_stig : Ensure the Default Umask is Set Correctly For Interactive Users - Find dot files in interactive user home directories] ***
skipping: [localhost]

TASK [/stigforge/roles/cs9_stig : Ensure the Default Umask is Set Correctly For Interactive Users - Comment out umask statements in user initialization files] ***
skipping: [localhost]

TASK [/stigforge/roles/cs9_stig : Check if init_on_free argument is already present in /etc/default/grub] ***
skipping: [localhost]

TASK [/stigforge/roles/cs9_stig : Check if init_on_free argument is already present] ***
skipping: [localhost]

TASK [/stigforge/roles/cs9_stig : Update grub defaults and the bootloader menu] ***
skipping: [localhost]

TASK [/stigforge/roles/cs9_stig : Check if pti argument is already present in /etc/default/grub] ***
skipping: [localhost]

TASK [/stigforge/roles/cs9_stig : Check if pti argument is already present] ****
skipping: [localhost]

TASK [/stigforge/roles/cs9_stig : Update grub defaults and the bootloader menu] ***
skipping: [localhost]

TASK [/stigforge/roles/cs9_stig : Check if vsyscall argument is already present in /etc/default/grub] ***
skipping: [localhost]

TASK [/stigforge/roles/cs9_stig : Check if vsyscall argument is already present] ***
skipping: [localhost]

TASK [/stigforge/roles/cs9_stig : Update grub defaults and the bootloader menu] ***
skipping: [localhost]

TASK [/stigforge/roles/cs9_stig : Set the file_groupowner_grub2_cfg_newgroup variable if represented by gid] ***
skipping: [localhost]

TASK [/stigforge/roles/cs9_stig : Test for existence /boot/grub2/grub.cfg] *****
skipping: [localhost]

TASK [/stigforge/roles/cs9_stig : Ensure group owner on /boot/grub2/grub.cfg] ***
skipping: [localhost]

TASK [/stigforge/roles/cs9_stig : Set the file_owner_grub2_cfg_newown variable if represented by uid] ***
skipping: [localhost]

TASK [/stigforge/roles/cs9_stig : Test for existence /boot/grub2/grub.cfg] *****
skipping: [localhost]

TASK [/stigforge/roles/cs9_stig : Ensure owner on /boot/grub2/grub.cfg] ********
skipping: [localhost]

TASK [/stigforge/roles/cs9_stig : Ensure cron Is Logging To Rsyslog - Ensure /etc/rsyslog.conf exists] ***
skipping: [localhost]

TASK [/stigforge/roles/cs9_stig : Ensure cron Is Logging To Rsyslog - Ensure /etc/rsyslog.d directory exists] ***
skipping: [localhost]

TASK [/stigforge/roles/cs9_stig : Ensure cron Is Logging To Rsyslog - Remove multilined cron.* action() entries from rsyslog.conf] ***
skipping: [localhost]

TASK [/stigforge/roles/cs9_stig : Ensure cron Is Logging To Rsyslog - Remove multilined cron.* action() entries from rsyslog.d/*.conf] ***
skipping: [localhost]

TASK [/stigforge/roles/cs9_stig : Remove *.* entries pointing to /var/log/cron from rsyslog.conf] ***
skipping: [localhost]

TASK [/stigforge/roles/cs9_stig : Ensure cron Is Logging To Rsyslog - Remove *.* entries pointing to /var/log/cron from rsyslog.d/*.conf] ***
skipping: [localhost]

TASK [/stigforge/roles/cs9_stig : Ensure cron Is Logging To Rsyslog - Check if the parameter cron.* is configured in /etc/rsyslog.conf] ***
skipping: [localhost]

TASK [/stigforge/roles/cs9_stig : Ensure cron Is Logging To Rsyslog - Check if the parameter cron.* is configured in /etc/rsyslog.d] ***
skipping: [localhost]

TASK [/stigforge/roles/cs9_stig : Ensure cron Is Logging To Rsyslog - Check if /etc/rsyslog.conf exists] ***
skipping: [localhost]

TASK [/stigforge/roles/cs9_stig : Ensure cron Is Logging To Rsyslog - Check if the parameter cron.* is configured correctly in /etc/rsyslog.conf] ***
skipping: [localhost]

TASK [/stigforge/roles/cs9_stig : Ensure cron Is Logging To Rsyslog - Check if the parameter cron.* is configured correctly in /etc/rsyslog.d] ***
skipping: [localhost]

TASK [/stigforge/roles/cs9_stig : Deduplicate values from /etc/rsyslog.conf] ***
skipping: [localhost]

TASK [/stigforge/roles/cs9_stig : Check if /etc/rsyslog.d exists] **************
skipping: [localhost]

TASK [/stigforge/roles/cs9_stig : Check if the parameter cron.* is present in /etc/rsyslog.d] ***
skipping: [localhost]

TASK [/stigforge/roles/cs9_stig : Remove parameter from files in /etc/rsyslog.d] ***
skipping: [localhost]

TASK [/stigforge/roles/cs9_stig : Insert correct line to /etc/rsyslog.d/cron.conf] ***
skipping: [localhost]

TASK [/stigforge/roles/cs9_stig : Ensure cron Is Logging To Rsyslog - Restart the rsyslog service now] ***
skipping: [localhost]

TASK [/stigforge/roles/cs9_stig : Ensure Rsyslog Authenticates Off-Loaded Audit Records - Ensure /etc/rsyslog.conf exists] ***
skipping: [localhost]

TASK [/stigforge/roles/cs9_stig : Ensure Rsyslog Authenticates Off-Loaded Audit Records - Ensure /etc/rsyslog.d directory exists] ***
skipping: [localhost]

TASK [/stigforge/roles/cs9_stig : Ensure Rsyslog Authenticates Off-Loaded Audit Records - Remove RainerScript action() entries with StreamDriverAuthMode from rsyslog.conf] ***
skipping: [localhost]

TASK [/stigforge/roles/cs9_stig : Ensure Rsyslog Authenticates Off-Loaded Audit Records - Remove RainerScript action() entries with StreamDriverAuthMode from rsyslog.d/*.conf] ***
skipping: [localhost]

TASK [/stigforge/roles/cs9_stig : Ensure Rsyslog Authenticates Off-Loaded Audit Records - Check if the parameter $ActionSendStreamDriverAuthMode is configured in /etc/rsyslog.conf] ***
skipping: [localhost]

TASK [/stigforge/roles/cs9_stig : Ensure Rsyslog Authenticates Off-Loaded Audit Records - Check if the parameter $ActionSendStreamDriverAuthMode is configured in /etc/rsyslog.d] ***
skipping: [localhost]

TASK [/stigforge/roles/cs9_stig : Ensure Rsyslog Authenticates Off-Loaded Audit Records - Check if /etc/rsyslog.conf exists] ***
skipping: [localhost]

TASK [/stigforge/roles/cs9_stig : Ensure Rsyslog Authenticates Off-Loaded Audit Records - Check if the parameter $ActionSendStreamDriverAuthMode is configured correctly in /etc/rsyslog.conf] ***
skipping: [localhost]

TASK [/stigforge/roles/cs9_stig : Ensure Rsyslog Authenticates Off-Loaded Audit Records - Check if the parameter $ActionSendStreamDriverAuthMode is configured correctly in /etc/rsyslog.d] ***
skipping: [localhost]

TASK [/stigforge/roles/cs9_stig : Deduplicate values from /etc/rsyslog.conf] ***
skipping: [localhost]

TASK [/stigforge/roles/cs9_stig : Check if /etc/rsyslog.d exists] **************
skipping: [localhost]

TASK [/stigforge/roles/cs9_stig : Check if the parameter $ActionSendStreamDriverAuthMode is present in /etc/rsyslog.d] ***
skipping: [localhost]

TASK [/stigforge/roles/cs9_stig : Remove parameter from files in /etc/rsyslog.d] ***
skipping: [localhost]

TASK [/stigforge/roles/cs9_stig : Insert correct line to /etc/rsyslog.conf] ****
skipping: [localhost]

TASK [/stigforge/roles/cs9_stig : Ensure Rsyslog Encrypts Off-Loaded Audit Records - Ensure /etc/rsyslog.conf exists] ***
skipping: [localhost]

TASK [/stigforge/roles/cs9_stig : Ensure Rsyslog Encrypts Off-Loaded Audit Records - Ensure /etc/rsyslog.d directory exists] ***
skipping: [localhost]

TASK [/stigforge/roles/cs9_stig : Ensure Rsyslog Encrypts Off-Loaded Audit Records - Remove RainerScript action() entries with StreamDriverMode from rsyslog.conf] ***
skipping: [localhost]

TASK [/stigforge/roles/cs9_stig : Ensure Rsyslog Encrypts Off-Loaded Audit Records - Remove RainerScript action() entries with StreamDriverMode from rsyslog.d/*.conf] ***
skipping: [localhost]

TASK [/stigforge/roles/cs9_stig : Ensure Rsyslog Encrypts Off-Loaded Audit Records - Check if the parameter $ActionSendStreamDriverMode is configured in /etc/rsyslog.conf] ***
skipping: [localhost]

TASK [/stigforge/roles/cs9_stig : Ensure Rsyslog Encrypts Off-Loaded Audit Records - Check if the parameter $ActionSendStreamDriverMode is configured in /etc/rsyslog.d] ***
skipping: [localhost]

TASK [/stigforge/roles/cs9_stig : Ensure Rsyslog Encrypts Off-Loaded Audit Records - Check if /etc/rsyslog.conf exists] ***
skipping: [localhost]

TASK [/stigforge/roles/cs9_stig : Ensure Rsyslog Encrypts Off-Loaded Audit Records - Check if the parameter $ActionSendStreamDriverMode is configured correctly in /etc/rsyslog.conf] ***
skipping: [localhost]

TASK [/stigforge/roles/cs9_stig : Ensure Rsyslog Encrypts Off-Loaded Audit Records - Check if the parameter $ActionSendStreamDriverMode is configured correctly in /etc/rsyslog.d] ***
skipping: [localhost]

TASK [/stigforge/roles/cs9_stig : Deduplicate values from /etc/rsyslog.conf] ***
skipping: [localhost]

TASK [/stigforge/roles/cs9_stig : Check if /etc/rsyslog.d exists] **************
skipping: [localhost]

TASK [/stigforge/roles/cs9_stig : Check if the parameter $ActionSendStreamDriverMode is present in /etc/rsyslog.d] ***
skipping: [localhost]

TASK [/stigforge/roles/cs9_stig : Remove parameter from files in /etc/rsyslog.d] ***
skipping: [localhost]

TASK [/stigforge/roles/cs9_stig : Insert correct line to /etc/rsyslog.conf] ****
skipping: [localhost]

TASK [/stigforge/roles/cs9_stig : Ensure rsyslog Does Not Accept Remote Messages Unless Acting As Log Server - Define Rsyslog Config Lines Regex in Legacy Syntax] ***
skipping: [localhost]

TASK [/stigforge/roles/cs9_stig : Ensure rsyslog Does Not Accept Remote Messages Unless Acting As Log Server - Search for Legacy Config Lines in Rsyslog Main Config File] ***
skipping: [localhost]

TASK [/stigforge/roles/cs9_stig : Ensure rsyslog Does Not Accept Remote Messages Unless Acting As Log Server - Search for Legacy Config Lines in Rsyslog Include Files] ***
skipping: [localhost]

TASK [/stigforge/roles/cs9_stig : Ensure rsyslog Does Not Accept Remote Messages Unless Acting As Log Server - Assemble List of Config Files With Listen Lines in Legacy Syntax] ***
skipping: [localhost]

TASK [/stigforge/roles/cs9_stig : Ensure rsyslog Does Not Accept Remote Messages Unless Acting As Log Server - Comment Listen Config Lines Wherever Defined Using Legacy Syntax] ***
skipping: [localhost]

TASK [/stigforge/roles/cs9_stig : Ensure rsyslog Does Not Accept Remote Messages Unless Acting As Log Server - Define Rsyslog Config Lines Regex in RainerScript Syntax] ***
skipping: [localhost]

TASK [/stigforge/roles/cs9_stig : Ensure rsyslog Does Not Accept Remote Messages Unless Acting As Log Server - Search for RainerScript Config Lines in Rsyslog Main Config File] ***
skipping: [localhost]

TASK [/stigforge/roles/cs9_stig : Ensure rsyslog Does Not Accept Remote Messages Unless Acting As Log Server - Search for RainerScript Config Lines in Rsyslog Include Files] ***
skipping: [localhost]

TASK [/stigforge/roles/cs9_stig : Ensure rsyslog Does Not Accept Remote Messages Unless Acting As Log Server - Assemble List of Config Files With Listen Lines in RainerScript] ***
skipping: [localhost]

TASK [/stigforge/roles/cs9_stig : Ensure rsyslog Does Not Accept Remote Messages Unless Acting As Log Server - Comment Listen Config Lines Wherever Defined Using RainerScript] ***
skipping: [localhost]

TASK [/stigforge/roles/cs9_stig : Ensure rsyslog Does Not Accept Remote Messages Unless Acting As Log Server - Restart Rsyslog if Any Line Were Commented Out] ***
skipping: [localhost]

TASK [/stigforge/roles/cs9_stig : Check for duplicate values] ******************
skipping: [localhost]

TASK [/stigforge/roles/cs9_stig : Deduplicate values from /etc/firewalld/firewalld.conf] ***
skipping: [localhost]

TASK [/stigforge/roles/cs9_stig : Insert correct line to /etc/firewalld/firewalld.conf] ***
skipping: [localhost]

TASK [/stigforge/roles/cs9_stig : Configure Accepting Router Advertisements on All IPv6 Interfaces - Set fact for sysctl paths] ***
skipping: [localhost]

TASK [/stigforge/roles/cs9_stig : Configure Accepting Router Advertisements on All IPv6 Interfaces - Find all files that contain net.ipv6.conf.all.accept_ra] ***
skipping: [localhost]

TASK [/stigforge/roles/cs9_stig : Configure Accepting Router Advertisements on All IPv6 Interfaces - Find all files that set net.ipv6.conf.all.accept_ra to correct value] ***
skipping: [localhost]

TASK [/stigforge/roles/cs9_stig : Configure Accepting Router Advertisements on All IPv6 Interfaces - Comment out any occurrences of net.ipv6.conf.all.accept_ra from config files] ***
skipping: [localhost]

TASK [/stigforge/roles/cs9_stig : Configure Accepting Router Advertisements on All IPv6 Interfaces - Comment out any occurrences of net.ipv6.conf.all.accept_ra from /etc/sysctl.conf] ***
skipping: [localhost]

TASK [/stigforge/roles/cs9_stig : Configure Accepting Router Advertisements on All IPv6 Interfaces - Ensure sysctl net.ipv6.conf.all.accept_ra is set] ***
skipping: [localhost]

TASK [/stigforge/roles/cs9_stig : Disable Accepting ICMP Redirects for All IPv6 Interfaces - Set fact for sysctl paths] ***
skipping: [localhost]

TASK [/stigforge/roles/cs9_stig : Disable Accepting ICMP Redirects for All IPv6 Interfaces - Find all files that contain net.ipv6.conf.all.accept_redirects] ***
skipping: [localhost]

TASK [/stigforge/roles/cs9_stig : Disable Accepting ICMP Redirects for All IPv6 Interfaces - Find all files that set net.ipv6.conf.all.accept_redirects to correct value] ***
skipping: [localhost]

TASK [/stigforge/roles/cs9_stig : Disable Accepting ICMP Redirects for All IPv6 Interfaces - Comment out any occurrences of net.ipv6.conf.all.accept_redirects from config files] ***
skipping: [localhost]

TASK [/stigforge/roles/cs9_stig : Disable Accepting ICMP Redirects for All IPv6 Interfaces - Comment out any occurrences of net.ipv6.conf.all.accept_redirects from /etc/sysctl.conf] ***
skipping: [localhost]

TASK [/stigforge/roles/cs9_stig : Disable Accepting ICMP Redirects for All IPv6 Interfaces - Ensure sysctl net.ipv6.conf.all.accept_redirects is set] ***
skipping: [localhost]

TASK [/stigforge/roles/cs9_stig : Disable Kernel Parameter for Accepting Source-Routed Packets on all IPv6 Interfaces - Set fact for sysctl paths] ***
skipping: [localhost]

TASK [/stigforge/roles/cs9_stig : Disable Kernel Parameter for Accepting Source-Routed Packets on all IPv6 Interfaces - Find all files that contain net.ipv6.conf.all.accept_source_route] ***
skipping: [localhost]

TASK [/stigforge/roles/cs9_stig : Disable Kernel Parameter for Accepting Source-Routed Packets on all IPv6 Interfaces - Find all files that set net.ipv6.conf.all.accept_source_route to correct value] ***
skipping: [localhost]

TASK [/stigforge/roles/cs9_stig : Disable Kernel Parameter for Accepting Source-Routed Packets on all IPv6 Interfaces - Comment out any occurrences of net.ipv6.conf.all.accept_source_route from config files] ***
skipping: [localhost]

TASK [/stigforge/roles/cs9_stig : Disable Kernel Parameter for Accepting Source-Routed Packets on all IPv6 Interfaces - Comment out any occurrences of net.ipv6.conf.all.accept_source_route from /etc/sysctl.conf] ***
skipping: [localhost]

TASK [/stigforge/roles/cs9_stig : Disable Kernel Parameter for Accepting Source-Routed Packets on all IPv6 Interfaces - Ensure sysctl net.ipv6.conf.all.accept_source_route is set] ***
skipping: [localhost]

TASK [/stigforge/roles/cs9_stig : Disable Kernel Parameter for IPv6 Forwarding - Set fact for sysctl paths] ***
skipping: [localhost]

TASK [/stigforge/roles/cs9_stig : Disable Kernel Parameter for IPv6 Forwarding - Find all files that contain net.ipv6.conf.all.forwarding] ***
skipping: [localhost]

TASK [/stigforge/roles/cs9_stig : Disable Kernel Parameter for IPv6 Forwarding - Find all files that set net.ipv6.conf.all.forwarding to correct value] ***
skipping: [localhost]

TASK [/stigforge/roles/cs9_stig : Disable Kernel Parameter for IPv6 Forwarding - Comment out any occurrences of net.ipv6.conf.all.forwarding from config files] ***
skipping: [localhost]

TASK [/stigforge/roles/cs9_stig : Disable Kernel Parameter for IPv6 Forwarding - Comment out any occurrences of net.ipv6.conf.all.forwarding from /etc/sysctl.conf] ***
skipping: [localhost]

TASK [/stigforge/roles/cs9_stig : Disable Kernel Parameter for IPv6 Forwarding - Ensure sysctl net.ipv6.conf.all.forwarding is set] ***
skipping: [localhost]

TASK [/stigforge/roles/cs9_stig : Disable Accepting Router Advertisements on all IPv6 Interfaces by Default - Set fact for sysctl paths] ***
skipping: [localhost]

TASK [/stigforge/roles/cs9_stig : Disable Accepting Router Advertisements on all IPv6 Interfaces by Default - Find all files that contain net.ipv6.conf.default.accept_ra] ***
skipping: [localhost]

TASK [/stigforge/roles/cs9_stig : Disable Accepting Router Advertisements on all IPv6 Interfaces by Default - Find all files that set net.ipv6.conf.default.accept_ra to correct value] ***
skipping: [localhost]

TASK [/stigforge/roles/cs9_stig : Disable Accepting Router Advertisements on all IPv6 Interfaces by Default - Comment out any occurrences of net.ipv6.conf.default.accept_ra from config files] ***
skipping: [localhost]

TASK [/stigforge/roles/cs9_stig : Disable Accepting Router Advertisements on all IPv6 Interfaces by Default - Comment out any occurrences of net.ipv6.conf.default.accept_ra from /etc/sysctl.conf] ***
skipping: [localhost]

TASK [/stigforge/roles/cs9_stig : Disable Accepting Router Advertisements on all IPv6 Interfaces by Default - Ensure sysctl net.ipv6.conf.default.accept_ra is set] ***
skipping: [localhost]

TASK [/stigforge/roles/cs9_stig : Disable Kernel Parameter for Accepting ICMP Redirects by Default on IPv6 Interfaces - Set fact for sysctl paths] ***
skipping: [localhost]

TASK [/stigforge/roles/cs9_stig : Disable Kernel Parameter for Accepting ICMP Redirects by Default on IPv6 Interfaces - Find all files that contain net.ipv6.conf.default.accept_redirects] ***
skipping: [localhost]

TASK [/stigforge/roles/cs9_stig : Disable Kernel Parameter for Accepting ICMP Redirects by Default on IPv6 Interfaces - Find all files that set net.ipv6.conf.default.accept_redirects to correct value] ***
skipping: [localhost]

TASK [/stigforge/roles/cs9_stig : Disable Kernel Parameter for Accepting ICMP Redirects by Default on IPv6 Interfaces - Comment out any occurrences of net.ipv6.conf.default.accept_redirects from config files] ***
skipping: [localhost]

TASK [/stigforge/roles/cs9_stig : Disable Kernel Parameter for Accepting ICMP Redirects by Default on IPv6 Interfaces - Comment out any occurrences of net.ipv6.conf.default.accept_redirects from /etc/sysctl.conf] ***
skipping: [localhost]

TASK [/stigforge/roles/cs9_stig : Disable Kernel Parameter for Accepting ICMP Redirects by Default on IPv6 Interfaces - Ensure sysctl net.ipv6.conf.default.accept_redirects is set] ***
skipping: [localhost]

TASK [/stigforge/roles/cs9_stig : Disable Kernel Parameter for Accepting Source-Routed Packets on IPv6 Interfaces by Default - Set fact for sysctl paths] ***
skipping: [localhost]

TASK [/stigforge/roles/cs9_stig : Disable Kernel Parameter for Accepting Source-Routed Packets on IPv6 Interfaces by Default - Find all files that contain net.ipv6.conf.default.accept_source_route] ***
skipping: [localhost]

TASK [/stigforge/roles/cs9_stig : Disable Kernel Parameter for Accepting Source-Routed Packets on IPv6 Interfaces by Default - Find all files that set net.ipv6.conf.default.accept_source_route to correct value] ***
skipping: [localhost]

TASK [/stigforge/roles/cs9_stig : Disable Kernel Parameter for Accepting Source-Routed Packets on IPv6 Interfaces by Default - Comment out any occurrences of net.ipv6.conf.default.accept_source_route from config files] ***
skipping: [localhost]

TASK [/stigforge/roles/cs9_stig : Disable Kernel Parameter for Accepting Source-Routed Packets on IPv6 Interfaces by Default - Comment out any occurrences of net.ipv6.conf.default.accept_source_route from /etc/sysctl.conf] ***
skipping: [localhost]

TASK [/stigforge/roles/cs9_stig : Disable Kernel Parameter for Accepting Source-Routed Packets on IPv6 Interfaces by Default - Ensure sysctl net.ipv6.conf.default.accept_source_route is set] ***
skipping: [localhost]

TASK [/stigforge/roles/cs9_stig : Disable Accepting ICMP Redirects for All IPv4 Interfaces - Set fact for sysctl paths] ***
skipping: [localhost]

TASK [/stigforge/roles/cs9_stig : Disable Accepting ICMP Redirects for All IPv4 Interfaces - Find all files that contain net.ipv4.conf.all.accept_redirects] ***
skipping: [localhost]

TASK [/stigforge/roles/cs9_stig : Disable Accepting ICMP Redirects for All IPv4 Interfaces - Find all files that set net.ipv4.conf.all.accept_redirects to correct value] ***
skipping: [localhost]

TASK [/stigforge/roles/cs9_stig : Disable Accepting ICMP Redirects for All IPv4 Interfaces - Comment out any occurrences of net.ipv4.conf.all.accept_redirects from config files] ***
skipping: [localhost]

TASK [/stigforge/roles/cs9_stig : Disable Accepting ICMP Redirects for All IPv4 Interfaces - Comment out any occurrences of net.ipv4.conf.all.accept_redirects from /etc/sysctl.conf] ***
skipping: [localhost]

TASK [/stigforge/roles/cs9_stig : Disable Accepting ICMP Redirects for All IPv4 Interfaces - Ensure sysctl net.ipv4.conf.all.accept_redirects is set] ***
skipping: [localhost]

TASK [/stigforge/roles/cs9_stig : Disable Kernel Parameter for Accepting Source-Routed Packets on all IPv4 Interfaces - Set fact for sysctl paths] ***
skipping: [localhost]

TASK [/stigforge/roles/cs9_stig : Disable Kernel Parameter for Accepting Source-Routed Packets on all IPv4 Interfaces - Find all files that contain net.ipv4.conf.all.accept_source_route] ***
skipping: [localhost]

TASK [/stigforge/roles/cs9_stig : Disable Kernel Parameter for Accepting Source-Routed Packets on all IPv4 Interfaces - Find all files that set net.ipv4.conf.all.accept_source_route to correct value] ***
skipping: [localhost]

TASK [/stigforge/roles/cs9_stig : Disable Kernel Parameter for Accepting Source-Routed Packets on all IPv4 Interfaces - Comment out any occurrences of net.ipv4.conf.all.accept_source_route from config files] ***
skipping: [localhost]

TASK [/stigforge/roles/cs9_stig : Disable Kernel Parameter for Accepting Source-Routed Packets on all IPv4 Interfaces - Comment out any occurrences of net.ipv4.conf.all.accept_source_route from /etc/sysctl.conf] ***
skipping: [localhost]

TASK [/stigforge/roles/cs9_stig : Disable Kernel Parameter for Accepting Source-Routed Packets on all IPv4 Interfaces - Ensure sysctl net.ipv4.conf.all.accept_source_route is set] ***
skipping: [localhost]

TASK [/stigforge/roles/cs9_stig : Disable Kernel Parameter for IPv4 Forwarding on all IPv4 Interfaces - Set fact for sysctl paths] ***
skipping: [localhost]

TASK [/stigforge/roles/cs9_stig : Disable Kernel Parameter for IPv4 Forwarding on all IPv4 Interfaces - Find all files that contain net.ipv4.conf.all.forwarding] ***
skipping: [localhost]

TASK [/stigforge/roles/cs9_stig : Disable Kernel Parameter for IPv4 Forwarding on all IPv4 Interfaces - Find all files that set net.ipv4.conf.all.forwarding to correct value] ***
skipping: [localhost]

TASK [/stigforge/roles/cs9_stig : Disable Kernel Parameter for IPv4 Forwarding on all IPv4 Interfaces - Comment out any occurrences of net.ipv4.conf.all.forwarding from config files] ***
skipping: [localhost]

TASK [/stigforge/roles/cs9_stig : Disable Kernel Parameter for IPv4 Forwarding on all IPv4 Interfaces - Comment out any occurrences of net.ipv4.conf.all.forwarding from /etc/sysctl.conf] ***
skipping: [localhost]

TASK [/stigforge/roles/cs9_stig : Disable Kernel Parameter for IPv4 Forwarding on all IPv4 Interfaces - Ensure sysctl net.ipv4.conf.all.forwarding is set] ***
skipping: [localhost]

TASK [/stigforge/roles/cs9_stig : Enable Kernel Parameter to Log Martian Packets on all IPv4 Interfaces - Set fact for sysctl paths] ***
skipping: [localhost]

TASK [/stigforge/roles/cs9_stig : Enable Kernel Parameter to Log Martian Packets on all IPv4 Interfaces - Find all files that contain net.ipv4.conf.all.log_martians] ***
skipping: [localhost]

TASK [/stigforge/roles/cs9_stig : Enable Kernel Parameter to Log Martian Packets on all IPv4 Interfaces - Find all files that set net.ipv4.conf.all.log_martians to correct value] ***
skipping: [localhost]

TASK [/stigforge/roles/cs9_stig : Enable Kernel Parameter to Log Martian Packets on all IPv4 Interfaces - Comment out any occurrences of net.ipv4.conf.all.log_martians from config files] ***
skipping: [localhost]

TASK [/stigforge/roles/cs9_stig : Enable Kernel Parameter to Log Martian Packets on all IPv4 Interfaces - Comment out any occurrences of net.ipv4.conf.all.log_martians from /etc/sysctl.conf] ***
skipping: [localhost]

TASK [/stigforge/roles/cs9_stig : Enable Kernel Parameter to Log Martian Packets on all IPv4 Interfaces - Ensure sysctl net.ipv4.conf.all.log_martians is set] ***
skipping: [localhost]

TASK [/stigforge/roles/cs9_stig : Enable Kernel Parameter to Use Reverse Path Filtering on all IPv4 Interfaces - Set fact for sysctl paths] ***
skipping: [localhost]

TASK [/stigforge/roles/cs9_stig : Enable Kernel Parameter to Use Reverse Path Filtering on all IPv4 Interfaces - Find all files that contain net.ipv4.conf.all.rp_filter] ***
skipping: [localhost]

TASK [/stigforge/roles/cs9_stig : Enable Kernel Parameter to Use Reverse Path Filtering on all IPv4 Interfaces - Find all files that set net.ipv4.conf.all.rp_filter to correct value] ***
skipping: [localhost]

TASK [/stigforge/roles/cs9_stig : Enable Kernel Parameter to Use Reverse Path Filtering on all IPv4 Interfaces - Comment out any occurrences of net.ipv4.conf.all.rp_filter from config files] ***
skipping: [localhost]

TASK [/stigforge/roles/cs9_stig : Enable Kernel Parameter to Use Reverse Path Filtering on all IPv4 Interfaces - Comment out any occurrences of net.ipv4.conf.all.rp_filter from /etc/sysctl.conf] ***
skipping: [localhost]

TASK [/stigforge/roles/cs9_stig : Enable Kernel Parameter to Use Reverse Path Filtering on all IPv4 Interfaces - Ensure sysctl net.ipv4.conf.all.rp_filter is set] ***
skipping: [localhost]

TASK [/stigforge/roles/cs9_stig : Disable Kernel Parameter for Accepting ICMP Redirects by Default on IPv4 Interfaces - Set fact for sysctl paths] ***
skipping: [localhost]

TASK [/stigforge/roles/cs9_stig : Disable Kernel Parameter for Accepting ICMP Redirects by Default on IPv4 Interfaces - Find all files that contain net.ipv4.conf.default.accept_redirects] ***
skipping: [localhost]

TASK [/stigforge/roles/cs9_stig : Disable Kernel Parameter for Accepting ICMP Redirects by Default on IPv4 Interfaces - Find all files that set net.ipv4.conf.default.accept_redirects to correct value] ***
skipping: [localhost]

TASK [/stigforge/roles/cs9_stig : Disable Kernel Parameter for Accepting ICMP Redirects by Default on IPv4 Interfaces - Comment out any occurrences of net.ipv4.conf.default.accept_redirects from config files] ***
skipping: [localhost]

TASK [/stigforge/roles/cs9_stig : Disable Kernel Parameter for Accepting ICMP Redirects by Default on IPv4 Interfaces - Comment out any occurrences of net.ipv4.conf.default.accept_redirects from /etc/sysctl.conf] ***
skipping: [localhost]

TASK [/stigforge/roles/cs9_stig : Disable Kernel Parameter for Accepting ICMP Redirects by Default on IPv4 Interfaces - Ensure sysctl net.ipv4.conf.default.accept_redirects is set] ***
skipping: [localhost]

TASK [/stigforge/roles/cs9_stig : Disable Kernel Parameter for Accepting Source-Routed Packets on IPv4 Interfaces by Default - Set fact for sysctl paths] ***
skipping: [localhost]

TASK [/stigforge/roles/cs9_stig : Disable Kernel Parameter for Accepting Source-Routed Packets on IPv4 Interfaces by Default - Find all files that contain net.ipv4.conf.default.accept_source_route] ***
skipping: [localhost]

TASK [/stigforge/roles/cs9_stig : Disable Kernel Parameter for Accepting Source-Routed Packets on IPv4 Interfaces by Default - Find all files that set net.ipv4.conf.default.accept_source_route to correct value] ***
skipping: [localhost]

TASK [/stigforge/roles/cs9_stig : Disable Kernel Parameter for Accepting Source-Routed Packets on IPv4 Interfaces by Default - Comment out any occurrences of net.ipv4.conf.default.accept_source_route from config files] ***
skipping: [localhost]

TASK [/stigforge/roles/cs9_stig : Disable Kernel Parameter for Accepting Source-Routed Packets on IPv4 Interfaces by Default - Comment out any occurrences of net.ipv4.conf.default.accept_source_route from /etc/sysctl.conf] ***
skipping: [localhost]

TASK [/stigforge/roles/cs9_stig : Disable Kernel Parameter for Accepting Source-Routed Packets on IPv4 Interfaces by Default - Ensure sysctl net.ipv4.conf.default.accept_source_route is set] ***
skipping: [localhost]

TASK [/stigforge/roles/cs9_stig : Enable Kernel Parameter to Log Martian Packets on all IPv4 Interfaces by Default - Set fact for sysctl paths] ***
skipping: [localhost]

TASK [/stigforge/roles/cs9_stig : Enable Kernel Parameter to Log Martian Packets on all IPv4 Interfaces by Default - Find all files that contain net.ipv4.conf.default.log_martians] ***
skipping: [localhost]

TASK [/stigforge/roles/cs9_stig : Enable Kernel Parameter to Log Martian Packets on all IPv4 Interfaces by Default - Find all files that set net.ipv4.conf.default.log_martians to correct value] ***
skipping: [localhost]

TASK [/stigforge/roles/cs9_stig : Enable Kernel Parameter to Log Martian Packets on all IPv4 Interfaces by Default - Comment out any occurrences of net.ipv4.conf.default.log_martians from config files] ***
skipping: [localhost]

TASK [/stigforge/roles/cs9_stig : Enable Kernel Parameter to Log Martian Packets on all IPv4 Interfaces by Default - Comment out any occurrences of net.ipv4.conf.default.log_martians from /etc/sysctl.conf] ***
skipping: [localhost]

TASK [/stigforge/roles/cs9_stig : Enable Kernel Parameter to Log Martian Packets on all IPv4 Interfaces by Default - Ensure sysctl net.ipv4.conf.default.log_martians is set] ***
skipping: [localhost]

TASK [/stigforge/roles/cs9_stig : Enable Kernel Parameter to Use Reverse Path Filtering on all IPv4 Interfaces by Default - Set fact for sysctl paths] ***
skipping: [localhost]

TASK [/stigforge/roles/cs9_stig : Enable Kernel Parameter to Use Reverse Path Filtering on all IPv4 Interfaces by Default - Find all files that contain net.ipv4.conf.default.rp_filter] ***
skipping: [localhost]

TASK [/stigforge/roles/cs9_stig : Enable Kernel Parameter to Use Reverse Path Filtering on all IPv4 Interfaces by Default - Find all files that set net.ipv4.conf.default.rp_filter to correct value] ***
skipping: [localhost]

TASK [/stigforge/roles/cs9_stig : Enable Kernel Parameter to Use Reverse Path Filtering on all IPv4 Interfaces by Default - Comment out any occurrences of net.ipv4.conf.default.rp_filter from config files] ***
skipping: [localhost]

TASK [/stigforge/roles/cs9_stig : Enable Kernel Parameter to Use Reverse Path Filtering on all IPv4 Interfaces by Default - Comment out any occurrences of net.ipv4.conf.default.rp_filter from /etc/sysctl.conf] ***
skipping: [localhost]

TASK [/stigforge/roles/cs9_stig : Enable Kernel Parameter to Use Reverse Path Filtering on all IPv4 Interfaces by Default - Ensure sysctl net.ipv4.conf.default.rp_filter is set] ***
skipping: [localhost]

TASK [/stigforge/roles/cs9_stig : Enable Kernel Parameter to Ignore ICMP Broadcast Echo Requests on IPv4 Interfaces - Set fact for sysctl paths] ***
skipping: [localhost]

TASK [/stigforge/roles/cs9_stig : Enable Kernel Parameter to Ignore ICMP Broadcast Echo Requests on IPv4 Interfaces - Find all files that contain net.ipv4.icmp_echo_ignore_broadcasts] ***
skipping: [localhost]

TASK [/stigforge/roles/cs9_stig : Enable Kernel Parameter to Ignore ICMP Broadcast Echo Requests on IPv4 Interfaces - Find all files that set net.ipv4.icmp_echo_ignore_broadcasts to correct value] ***
skipping: [localhost]

TASK [/stigforge/roles/cs9_stig : Enable Kernel Parameter to Ignore ICMP Broadcast Echo Requests on IPv4 Interfaces - Comment out any occurrences of net.ipv4.icmp_echo_ignore_broadcasts from config files] ***
skipping: [localhost]

TASK [/stigforge/roles/cs9_stig : Enable Kernel Parameter to Ignore ICMP Broadcast Echo Requests on IPv4 Interfaces - Comment out any occurrences of net.ipv4.icmp_echo_ignore_broadcasts from /etc/sysctl.conf] ***
skipping: [localhost]

TASK [/stigforge/roles/cs9_stig : Enable Kernel Parameter to Ignore ICMP Broadcast Echo Requests on IPv4 Interfaces - Ensure sysctl net.ipv4.icmp_echo_ignore_broadcasts is set] ***
skipping: [localhost]

TASK [/stigforge/roles/cs9_stig : Enable Kernel Parameter to Ignore Bogus ICMP Error Responses on IPv4 Interfaces - Set fact for sysctl paths] ***
skipping: [localhost]

TASK [/stigforge/roles/cs9_stig : Enable Kernel Parameter to Ignore Bogus ICMP Error Responses on IPv4 Interfaces - Find all files that contain net.ipv4.icmp_ignore_bogus_error_responses] ***
skipping: [localhost]

TASK [/stigforge/roles/cs9_stig : Enable Kernel Parameter to Ignore Bogus ICMP Error Responses on IPv4 Interfaces - Find all files that set net.ipv4.icmp_ignore_bogus_error_responses to correct value] ***
skipping: [localhost]

TASK [/stigforge/roles/cs9_stig : Enable Kernel Parameter to Ignore Bogus ICMP Error Responses on IPv4 Interfaces - Comment out any occurrences of net.ipv4.icmp_ignore_bogus_error_responses from config files] ***
skipping: [localhost]

TASK [/stigforge/roles/cs9_stig : Enable Kernel Parameter to Ignore Bogus ICMP Error Responses on IPv4 Interfaces - Comment out any occurrences of net.ipv4.icmp_ignore_bogus_error_responses from /etc/sysctl.conf] ***
skipping: [localhost]

TASK [/stigforge/roles/cs9_stig : Enable Kernel Parameter to Ignore Bogus ICMP Error Responses on IPv4 Interfaces - Ensure sysctl net.ipv4.icmp_ignore_bogus_error_responses is set] ***
skipping: [localhost]

TASK [/stigforge/roles/cs9_stig : Enable Kernel Parameter to Use TCP Syncookies on Network Interfaces - Set fact for sysctl paths] ***
skipping: [localhost]

TASK [/stigforge/roles/cs9_stig : Enable Kernel Parameter to Use TCP Syncookies on Network Interfaces - Find all files that contain net.ipv4.tcp_syncookies] ***
skipping: [localhost]

TASK [/stigforge/roles/cs9_stig : Enable Kernel Parameter to Use TCP Syncookies on Network Interfaces - Find all files that set net.ipv4.tcp_syncookies to correct value] ***
skipping: [localhost]

TASK [/stigforge/roles/cs9_stig : Enable Kernel Parameter to Use TCP Syncookies on Network Interfaces - Comment out any occurrences of net.ipv4.tcp_syncookies from config files] ***
skipping: [localhost]

TASK [/stigforge/roles/cs9_stig : Enable Kernel Parameter to Use TCP Syncookies on Network Interfaces - Comment out any occurrences of net.ipv4.tcp_syncookies from /etc/sysctl.conf] ***
skipping: [localhost]

TASK [/stigforge/roles/cs9_stig : Enable Kernel Parameter to Use TCP Syncookies on Network Interfaces - Ensure sysctl net.ipv4.tcp_syncookies is set] ***
skipping: [localhost]

TASK [/stigforge/roles/cs9_stig : Disable Kernel Parameter for Sending ICMP Redirects on all IPv4 Interfaces - Set fact for sysctl paths] ***
skipping: [localhost]

TASK [/stigforge/roles/cs9_stig : Disable Kernel Parameter for Sending ICMP Redirects on all IPv4 Interfaces - Find all files that contain net.ipv4.conf.all.send_redirects] ***
skipping: [localhost]

TASK [/stigforge/roles/cs9_stig : Disable Kernel Parameter for Sending ICMP Redirects on all IPv4 Interfaces - Find all files that set net.ipv4.conf.all.send_redirects to correct value] ***
skipping: [localhost]

TASK [/stigforge/roles/cs9_stig : Disable Kernel Parameter for Sending ICMP Redirects on all IPv4 Interfaces - Comment out any occurrences of net.ipv4.conf.all.send_redirects from config files] ***
skipping: [localhost]

TASK [/stigforge/roles/cs9_stig : Disable Kernel Parameter for Sending ICMP Redirects on all IPv4 Interfaces - Comment out any occurrences of net.ipv4.conf.all.send_redirects from /etc/sysctl.conf] ***
skipping: [localhost]

TASK [/stigforge/roles/cs9_stig : Disable Kernel Parameter for Sending ICMP Redirects on all IPv4 Interfaces - Ensure sysctl net.ipv4.conf.all.send_redirects is set to 0] ***
skipping: [localhost]

TASK [/stigforge/roles/cs9_stig : Disable Kernel Parameter for Sending ICMP Redirects on all IPv4 Interfaces by Default - Set fact for sysctl paths] ***
skipping: [localhost]

TASK [/stigforge/roles/cs9_stig : Disable Kernel Parameter for Sending ICMP Redirects on all IPv4 Interfaces by Default - Find all files that contain net.ipv4.conf.default.send_redirects] ***
skipping: [localhost]

TASK [/stigforge/roles/cs9_stig : Disable Kernel Parameter for Sending ICMP Redirects on all IPv4 Interfaces by Default - Find all files that set net.ipv4.conf.default.send_redirects to correct value] ***
skipping: [localhost]

TASK [/stigforge/roles/cs9_stig : Disable Kernel Parameter for Sending ICMP Redirects on all IPv4 Interfaces by Default - Comment out any occurrences of net.ipv4.conf.default.send_redirects from config files] ***
skipping: [localhost]

TASK [/stigforge/roles/cs9_stig : Disable Kernel Parameter for Sending ICMP Redirects on all IPv4 Interfaces by Default - Comment out any occurrences of net.ipv4.conf.default.send_redirects from /etc/sysctl.conf] ***
skipping: [localhost]

TASK [/stigforge/roles/cs9_stig : Disable Kernel Parameter for Sending ICMP Redirects on all IPv4 Interfaces by Default - Ensure sysctl net.ipv4.conf.default.send_redirects is set to 0] ***
skipping: [localhost]

TASK [/stigforge/roles/cs9_stig : Ensure kernel module 'atm' is disabled] ******
skipping: [localhost]

TASK [/stigforge/roles/cs9_stig : Ensure kernel module 'atm' is blacklisted] ***
skipping: [localhost]

TASK [/stigforge/roles/cs9_stig : Ensure kernel module 'can' is disabled] ******
skipping: [localhost]

TASK [/stigforge/roles/cs9_stig : Ensure kernel module 'can' is blacklisted] ***
skipping: [localhost]

TASK [/stigforge/roles/cs9_stig : Ensure kernel module 'firewire-core' is disabled] ***
skipping: [localhost]

TASK [/stigforge/roles/cs9_stig : Ensure kernel module 'firewire-core' is blacklisted] ***
skipping: [localhost]

TASK [/stigforge/roles/cs9_stig : Ensure kernel module 'sctp' is disabled] *****
skipping: [localhost]

TASK [/stigforge/roles/cs9_stig : Ensure kernel module 'sctp' is blacklisted] ***
skipping: [localhost]

TASK [/stigforge/roles/cs9_stig : Ensure kernel module 'tipc' is disabled] *****
skipping: [localhost]

TASK [/stigforge/roles/cs9_stig : Ensure kernel module 'tipc' is blacklisted] ***
skipping: [localhost]

TASK [/stigforge/roles/cs9_stig : Ensure kernel module 'bluetooth' is disabled] ***
skipping: [localhost]

TASK [/stigforge/roles/cs9_stig : Ensure kernel module 'bluetooth' is blacklisted] ***
skipping: [localhost]

TASK [/stigforge/roles/cs9_stig : Deactivate Wireless Network Interfaces - NetworkManager Deactivate Wireless Network Interfaces] ***
skipping: [localhost]

TASK [/stigforge/roles/cs9_stig : NetworkManager DNS Mode Must Be Must Configured - Search for a section in files] ***
skipping: [localhost] => (item={'path': '/etc/NetworkManager', 'pattern': 'NetworkManager\\.conf'}) 
skipping: [localhost] => (item={'path': '/etc/NetworkManager/conf.d', 'pattern': '.*\\.conf'}) 
skipping: [localhost]

TASK [/stigforge/roles/cs9_stig : NetworkManager DNS Mode Must Be Must Configured - Count number of files which contain the correct section] ***
skipping: [localhost]

TASK [/stigforge/roles/cs9_stig : NetworkManager DNS Mode Must Be Must Configured - Add missing configuration to correct section] ***
skipping: [localhost]

TASK [/stigforge/roles/cs9_stig : NetworkManager DNS Mode Must Be Must Configured - Add configuration to new remediation file] ***
skipping: [localhost]

TASK [/stigforge/roles/cs9_stig : Verify that All World-Writable Directories Have Sticky Bits Set - Define Excluded (Non-Local) File Systems and Paths] ***
ok: [localhost]

TASK [/stigforge/roles/cs9_stig : Verify that All World-Writable Directories Have Sticky Bits Set - Find Relevant Root Directories Ignoring Pre-Defined Excluded Paths] ***
ok: [localhost]

TASK [/stigforge/roles/cs9_stig : Verify that All World-Writable Directories Have Sticky Bits Set - Include Relevant Root Directories in a List of Paths to be Searched] ***
ok: [localhost] => (item={'path': '/opt', 'mode': '0755', 'isdir': True, 'ischr': False, 'isblk': False, 'isreg': False, 'isfifo': False, 'islnk': False, 'issock': False, 'uid': 0, 'gid': 0, 'size': 4096, 'inode': 19272672, 'dev': 93, 'nlink': 2, 'atime': 1788943485.607179, 'mtime': 1719325384.0, 'ctime': 1788943485.5985312, 'gr_name': 'root', 'pw_name': 'root', 'wusr': True, 'rusr': True, 'xusr': True, 'wgrp': False, 'rgrp': True, 'xgrp': True, 'woth': False, 'roth': True, 'xoth': True, 'isuid': False, 'isgid': False})
ok: [localhost] => (item={'path': '/boot', 'mode': '0555', 'isdir': True, 'ischr': False, 'isblk': False, 'isreg': False, 'isfifo': False, 'islnk': False, 'issock': False, 'uid': 0, 'gid': 0, 'size': 4096, 'inode': 19272671, 'dev': 93, 'nlink': 2, 'atime': 1788943485.6051788, 'mtime': 1719325384.0, 'ctime': 1788943485.5985312, 'gr_name': 'root', 'pw_name': 'root', 'wusr': False, 'rusr': True, 'xusr': True, 'wgrp': False, 'rgrp': True, 'xgrp': True, 'woth': False, 'roth': True, 'xoth': True, 'isuid': False, 'isgid': False})
ok: [localhost] => (item={'path': '/usr', 'mode': '0755', 'isdir': True, 'ischr': False, 'isblk': False, 'isreg': False, 'isfifo': False, 'islnk': False, 'issock': False, 'uid': 0, 'gid': 0, 'size': 4096, 'inode': 20977078, 'dev': 93, 'nlink': 1, 'atime': 1789217504.2565494, 'mtime': 1788840482.0, 'ctime': 1789218055.3754375, 'gr_name': 'root', 'pw_name': 'root', 'wusr': True, 'rusr': True, 'xusr': True, 'wgrp': False, 'rgrp': True, 'xgrp': True, 'woth': False, 'roth': True, 'xoth': True, 'isuid': False, 'isgid': False})
ok: [localhost] => (item={'path': '/tmp', 'mode': '1777', 'isdir': True, 'ischr': False, 'isblk': False, 'isreg': False, 'isfifo': False, 'islnk': False, 'issock': False, 'uid': 0, 'gid': 0, 'size': 4096, 'inode': 19305054, 'dev': 93, 'nlink': 1, 'atime': 1789218090.732415, 'mtime': 1789218090.7309425, 'ctime': 1789218090.7309425, 'gr_name': 'root', 'pw_name': 'root', 'wusr': True, 'rusr': True, 'xusr': True, 'wgrp': True, 'rgrp': True, 'xgrp': True, 'woth': True, 'roth': True, 'xoth': True, 'isuid': False, 'isgid': False})
ok: [localhost] => (item={'path': '/root', 'mode': '0550', 'isdir': True, 'ischr': False, 'isblk': False, 'isreg': False, 'isfifo': False, 'islnk': False, 'issock': False, 'uid': 0, 'gid': 0, 'size': 4096, 'inode': 20977046, 'dev': 93, 'nlink': 1, 'atime': 1789218084.192849, 'mtime': 1789218069.4916391, 'ctime': 1789218069.4916391, 'gr_name': 'root', 'pw_name': 'root', 'wusr': False, 'rusr': True, 'xusr': True, 'wgrp': False, 'rgrp': True, 'xgrp': True, 'woth': False, 'roth': False, 'xoth': False, 'isuid': False, 'isgid': False})
ok: [localhost] => (item={'path': '/home', 'mode': '0755', 'isdir': True, 'ischr': False, 'isblk': False, 'isreg': False, 'isfifo': False, 'islnk': False, 'issock': False, 'uid': 0, 'gid': 0, 'size': 4096, 'inode': 19281233, 'dev': 93, 'nlink': 2, 'atime': 1788943485.607179, 'mtime': 1719325384.0, 'ctime': 1788943485.5985312, 'gr_name': 'root', 'pw_name': 'root', 'wusr': True, 'rusr': True, 'xusr': True, 'wgrp': False, 'rgrp': True, 'xgrp': True, 'woth': False, 'roth': True, 'xoth': True, 'isuid': False, 'isgid': False})
ok: [localhost] => (item={'path': '/mnt', 'mode': '0755', 'isdir': True, 'ischr': False, 'isblk': False, 'isreg': False, 'isfifo': False, 'islnk': False, 'issock': False, 'uid': 0, 'gid': 0, 'size': 4096, 'inode': 19305053, 'dev': 93, 'nlink': 2, 'atime': 1788943485.607179, 'mtime': 1719325384.0, 'ctime': 1788943485.604179, 'gr_name': 'root', 'pw_name': 'root', 'wusr': True, 'rusr': True, 'xusr': True, 'wgrp': False, 'rgrp': True, 'xgrp': True, 'woth': False, 'roth': True, 'xoth': True, 'isuid': False, 'isgid': False})
ok: [localhost] => (item={'path': '/var', 'mode': '0755', 'isdir': True, 'ischr': False, 'isblk': False, 'isreg': False, 'isfifo': False, 'islnk': False, 'issock': False, 'uid': 0, 'gid': 0, 'size': 4096, 'inode': 19423679, 'dev': 93, 'nlink': 1, 'atime': 1788943532.5607975, 'mtime': 1788840484.0, 'ctime': 1789218035.0691473, 'gr_name': 'root', 'pw_name': 'root', 'wusr': True, 'rusr': True, 'xusr': True, 'wgrp': False, 'rgrp': True, 'xgrp': True, 'woth': False, 'roth': True, 'xoth': True, 'isuid': False, 'isgid': False})
ok: [localhost] => (item={'path': '/afs', 'mode': '0555', 'isdir': True, 'ischr': False, 'isblk': False, 'isreg': False, 'isfifo': False, 'islnk': False, 'issock': False, 'uid': 0, 'gid': 0, 'size': 4096, 'inode': 19281217, 'dev': 93, 'nlink': 2, 'atime': 1788943485.6051788, 'mtime': 1719325384.0, 'ctime': 1788943485.5985312, 'gr_name': 'root', 'pw_name': 'root', 'wusr': False, 'rusr': True, 'xusr': True, 'wgrp': False, 'rgrp': True, 'xgrp': True, 'woth': False, 'roth': True, 'xoth': True, 'isuid': False, 'isgid': False})
ok: [localhost] => (item={'path': '/srv', 'mode': '0755', 'isdir': True, 'ischr': False, 'isblk': False, 'isreg': False, 'isfifo': False, 'islnk': False, 'issock': False, 'uid': 0, 'gid': 0, 'size': 4096, 'inode': 19272673, 'dev': 93, 'nlink': 2, 'atime': 1788943485.607179, 'mtime': 1719325384.0, 'ctime': 1788943485.5985312, 'gr_name': 'root', 'pw_name': 'root', 'wusr': True, 'rusr': True, 'xusr': True, 'wgrp': False, 'rgrp': True, 'xgrp': True, 'woth': False, 'roth': True, 'xoth': True, 'isuid': False, 'isgid': False})
ok: [localhost] => (item={'path': '/etc', 'mode': '0755', 'isdir': True, 'ischr': False, 'isblk': False, 'isreg': False, 'isfifo': False, 'islnk': False, 'issock': False, 'uid': 0, 'gid': 0, 'size': 4096, 'inode': 20977103, 'dev': 93, 'nlink': 1, 'atime': 1789218026.984032, 'mtime': 1789218085.4257843, 'ctime': 1789218085.4257843, 'gr_name': 'root', 'pw_name': 'root', 'wusr': True, 'rusr': True, 'xusr': True, 'wgrp': False, 'rgrp': True, 'xgrp': True, 'woth': False, 'roth': True, 'xoth': True, 'isuid': False, 'isgid': False})
ok: [localhost] => (item={'path': '/media', 'mode': '0755', 'isdir': True, 'ischr': False, 'isblk': False, 'isreg': False, 'isfifo': False, 'islnk': False, 'issock': False, 'uid': 0, 'gid': 0, 'size': 4096, 'inode': 19305052, 'dev': 93, 'nlink': 2, 'atime': 1788943485.607179, 'mtime': 1719325384.0, 'ctime': 1788943485.604179, 'gr_name': 'root', 'pw_name': 'root', 'wusr': True, 'rusr': True, 'xusr': True, 'wgrp': False, 'rgrp': True, 'xgrp': True, 'woth': False, 'roth': True, 'xoth': True, 'isuid': False, 'isgid': False})
ok: [localhost] => (item={'path': '/stigforge', 'mode': '0755', 'isdir': True, 'ischr': False, 'isblk': False, 'isreg': False, 'isfifo': False, 'islnk': False, 'issock': False, 'uid': 0, 'gid': 0, 'size': 4096, 'inode': 20977070, 'dev': 93, 'nlink': 1, 'atime': 1789218027.1670344, 'mtime': 1789218027.0862367, 'ctime': 1789218028.5880547, 'gr_name': 'root', 'pw_name': 'root', 'wusr': True, 'rusr': True, 'xusr': True, 'wgrp': False, 'rgrp': True, 'xgrp': True, 'woth': False, 'roth': True, 'xoth': True, 'isuid': False, 'isgid': False})

TASK [/stigforge/roles/cs9_stig : Verify that All World-Writable Directories Have Sticky Bits Set - Increment Search Paths List with Local Partitions Mount Points] ***
ok: [localhost] => (item={'mount': '/stigforge/roles', 'device': '/dev/nvme0n1p2', 'fstype': 'ext4', 'options': 'ro,relatime,bind', 'dump': 0, 'passno': 0, 'size_total': 1005867986944, 'size_available': 490072154112, 'block_size': 4096, 'block_total': 245573239, 'block_available': 119646522, 'block_used': 125926717, 'inode_total': 62447616, 'inode_available': 59713446, 'inode_used': 2734170, 'uuid': 'N/A'})
ok: [localhost] => (item={'mount': '/stigforge/policy', 'device': '/dev/nvme0n1p2', 'fstype': 'ext4', 'options': 'ro,relatime,bind', 'dump': 0, 'passno': 0, 'size_total': 1005867986944, 'size_available': 490072150016, 'block_size': 4096, 'block_total': 245573239, 'block_available': 119646521, 'block_used': 125926718, 'inode_total': 62447616, 'inode_available': 59713444, 'inode_used': 2734172, 'uuid': 'N/A'})
ok: [localhost] => (item={'mount': '/stigforge/generator', 'device': '/dev/nvme0n1p2', 'fstype': 'ext4', 'options': 'ro,relatime,bind', 'dump': 0, 'passno': 0, 'size_total': 1005867986944, 'size_available': 490072141824, 'block_size': 4096, 'block_total': 245573239, 'block_available': 119646519, 'block_used': 125926720, 'inode_total': 62447616, 'inode_available': 59713444, 'inode_used': 2734172, 'uuid': 'N/A'})
ok: [localhost] => (item={'mount': '/stigforge/pyproject.toml', 'device': '/dev/nvme0n1p2', 'fstype': 'ext4', 'options': 'ro,relatime,bind', 'dump': 0, 'passno': 0, 'size_total': 1005867986944, 'size_available': 490072125440, 'block_size': 4096, 'block_total': 245573239, 'block_available': 119646515, 'block_used': 125926724, 'inode_total': 62447616, 'inode_available': 59713444, 'inode_used': 2734172, 'uuid': 'N/A'})
ok: [localhost] => (item={'mount': '/stigforge/artifacts', 'device': '/dev/nvme0n1p2', 'fstype': 'ext4', 'options': 'rw,relatime,bind', 'dump': 0, 'passno': 0, 'size_total': 1005867986944, 'size_available': 490072125440, 'block_size': 4096, 'block_total': 245573239, 'block_available': 119646515, 'block_used': 125926724, 'inode_total': 62447616, 'inode_available': 59713444, 'inode_used': 2734172, 'uuid': 'N/A'})
ok: [localhost] => (item={'mount': '/etc/resolv.conf', 'device': '/dev/nvme0n1p2', 'fstype': 'ext4', 'options': 'rw,relatime,bind', 'dump': 0, 'passno': 0, 'size_total': 1005867986944, 'size_available': 490072076288, 'block_size': 4096, 'block_total': 245573239, 'block_available': 119646503, 'block_used': 125926736, 'inode_total': 62447616, 'inode_available': 59713434, 'inode_used': 2734182, 'uuid': 'N/A'})
ok: [localhost] => (item={'mount': '/etc/hostname', 'device': '/dev/nvme0n1p2', 'fstype': 'ext4', 'options': 'rw,relatime,bind', 'dump': 0, 'passno': 0, 'size_total': 1005867986944, 'size_available': 490072043520, 'block_size': 4096, 'block_total': 245573239, 'block_available': 119646495, 'block_used': 125926744, 'inode_total': 62447616, 'inode_available': 59713427, 'inode_used': 2734189, 'uuid': 'N/A'})
ok: [localhost] => (item={'mount': '/etc/hosts', 'device': '/dev/nvme0n1p2', 'fstype': 'ext4', 'options': 'rw,relatime,bind', 'dump': 0, 'passno': 0, 'size_total': 1005867986944, 'size_available': 490072043520, 'block_size': 4096, 'block_total': 245573239, 'block_available': 119646495, 'block_used': 125926744, 'inode_total': 62447616, 'inode_available': 59713427, 'inode_used': 2734189, 'uuid': 'N/A'})

TASK [/stigforge/roles/cs9_stig : Verify that All World-Writable Directories Have Sticky Bits Set - Increment Search Paths List with Local NFS File System Targets] ***
skipping: [localhost] => (item={'mount': '/stigforge/roles', 'device': '/dev/nvme0n1p2', 'fstype': 'ext4', 'options': 'ro,relatime,bind', 'dump': 0, 'passno': 0, 'size_total': 1005867986944, 'size_available': 490072154112, 'block_size': 4096, 'block_total': 245573239, 'block_available': 119646522, 'block_used': 125926717, 'inode_total': 62447616, 'inode_available': 59713446, 'inode_used': 2734170, 'uuid': 'N/A'}) 
skipping: [localhost] => (item={'mount': '/stigforge/policy', 'device': '/dev/nvme0n1p2', 'fstype': 'ext4', 'options': 'ro,relatime,bind', 'dump': 0, 'passno': 0, 'size_total': 1005867986944, 'size_available': 490072150016, 'block_size': 4096, 'block_total': 245573239, 'block_available': 119646521, 'block_used': 125926718, 'inode_total': 62447616, 'inode_available': 59713444, 'inode_used': 2734172, 'uuid': 'N/A'}) 
skipping: [localhost] => (item={'mount': '/stigforge/generator', 'device': '/dev/nvme0n1p2', 'fstype': 'ext4', 'options': 'ro,relatime,bind', 'dump': 0, 'passno': 0, 'size_total': 1005867986944, 'size_available': 490072141824, 'block_size': 4096, 'block_total': 245573239, 'block_available': 119646519, 'block_used': 125926720, 'inode_total': 62447616, 'inode_available': 59713444, 'inode_used': 2734172, 'uuid': 'N/A'}) 
skipping: [localhost] => (item={'mount': '/stigforge/pyproject.toml', 'device': '/dev/nvme0n1p2', 'fstype': 'ext4', 'options': 'ro,relatime,bind', 'dump': 0, 'passno': 0, 'size_total': 1005867986944, 'size_available': 490072125440, 'block_size': 4096, 'block_total': 245573239, 'block_available': 119646515, 'block_used': 125926724, 'inode_total': 62447616, 'inode_available': 59713444, 'inode_used': 2734172, 'uuid': 'N/A'}) 
skipping: [localhost] => (item={'mount': '/stigforge/artifacts', 'device': '/dev/nvme0n1p2', 'fstype': 'ext4', 'options': 'rw,relatime,bind', 'dump': 0, 'passno': 0, 'size_total': 1005867986944, 'size_available': 490072125440, 'block_size': 4096, 'block_total': 245573239, 'block_available': 119646515, 'block_used': 125926724, 'inode_total': 62447616, 'inode_available': 59713444, 'inode_used': 2734172, 'uuid': 'N/A'}) 
skipping: [localhost] => (item={'mount': '/etc/resolv.conf', 'device': '/dev/nvme0n1p2', 'fstype': 'ext4', 'options': 'rw,relatime,bind', 'dump': 0, 'passno': 0, 'size_total': 1005867986944, 'size_available': 490072076288, 'block_size': 4096, 'block_total': 245573239, 'block_available': 119646503, 'block_used': 125926736, 'inode_total': 62447616, 'inode_available': 59713434, 'inode_used': 2734182, 'uuid': 'N/A'}) 
skipping: [localhost] => (item={'mount': '/etc/hostname', 'device': '/dev/nvme0n1p2', 'fstype': 'ext4', 'options': 'rw,relatime,bind', 'dump': 0, 'passno': 0, 'size_total': 1005867986944, 'size_available': 490072043520, 'block_size': 4096, 'block_total': 245573239, 'block_available': 119646495, 'block_used': 125926744, 'inode_total': 62447616, 'inode_available': 59713427, 'inode_used': 2734189, 'uuid': 'N/A'}) 
skipping: [localhost] => (item={'mount': '/etc/hosts', 'device': '/dev/nvme0n1p2', 'fstype': 'ext4', 'options': 'rw,relatime,bind', 'dump': 0, 'passno': 0, 'size_total': 1005867986944, 'size_available': 490072043520, 'block_size': 4096, 'block_total': 245573239, 'block_available': 119646495, 'block_used': 125926744, 'inode_total': 62447616, 'inode_available': 59713427, 'inode_used': 2734189, 'uuid': 'N/A'}) 
skipping: [localhost]

TASK [/stigforge/roles/cs9_stig : Verify that All World-Writable Directories Have Sticky Bits Set - Define Rule Specific Facts] ***
ok: [localhost]

TASK [/stigforge/roles/cs9_stig : Verify that All World-Writable Directories Have Sticky Bits Set - Find All Uncompliant Directories in Local File Systems] ***
ok: [localhost] => (item=/root)
ok: [localhost] => (item=/stigforge/artifacts)
ok: [localhost] => (item=/etc)
ok: [localhost] => (item=/media)
ok: [localhost] => (item=/stigforge/roles)
ok: [localhost] => (item=/stigforge/pyproject.toml)
ok: [localhost] => (item=/stigforge)
ok: [localhost] => (item=/mnt)
ok: [localhost] => (item=/etc/resolv.conf)
ok: [localhost] => (item=/usr)
ok: [localhost] => (item=/etc/hostname)
ok: [localhost] => (item=/tmp)
ok: [localhost] => (item=/opt)
ok: [localhost] => (item=/srv)
ok: [localhost] => (item=/stigforge/generator)
ok: [localhost] => (item=/etc/hosts)
ok: [localhost] => (item=/stigforge/policy)
ok: [localhost] => (item=/afs)
ok: [localhost] => (item=/var)
ok: [localhost] => (item=/boot)
ok: [localhost] => (item=/home)

TASK [/stigforge/roles/cs9_stig : Verify that All World-Writable Directories Have Sticky Bits Set - Create List of World Writable Directories Without Sticky Bit] ***
ok: [localhost] => (item={'changed': False, 'stdout': '', 'stderr': '', 'rc': 0, 'cmd': ['find', '/root', '-xdev', '-type', 'd', '(', '-perm', '-0002', '-a', '!', '-perm', '-1000', ')'], 'start': '2026-09-12 13:01:31.136922', 'end': '2026-09-12 13:01:31.140016', 'delta': '0:00:00.003094', 'msg': '', 'invocation': {'module_args': {'_raw_params': 'find /root -xdev -type d ( -perm -0002 -a ! -perm -1000 )', '_uses_shell': False, 'expand_argument_vars': True, 'stdin_add_newline': True, 'strip_empty_ends': True, 'argv': None, 'chdir': None, 'executable': None, 'creates': None, 'removes': None, 'stdin': None}}, 'stdout_lines': [], 'stderr_lines': [], 'failed': False, 'item': '/root', 'ansible_loop_var': 'item'})
ok: [localhost] => (item={'changed': False, 'stdout': '', 'stderr': '', 'rc': 0, 'cmd': ['find', '/stigforge/artifacts', '-xdev', '-type', 'd', '(', '-perm', '-0002', '-a', '!', '-perm', '-1000', ')'], 'start': '2026-09-12 13:01:31.253545', 'end': '2026-09-12 13:01:31.255952', 'delta': '0:00:00.002407', 'msg': '', 'invocation': {'module_args': {'_raw_params': 'find /stigforge/artifacts -xdev -type d ( -perm -0002 -a ! -perm -1000 )', '_uses_shell': False, 'expand_argument_vars': True, 'stdin_add_newline': True, 'strip_empty_ends': True, 'argv': None, 'chdir': None, 'executable': None, 'creates': None, 'removes': None, 'stdin': None}}, 'stdout_lines': [], 'stderr_lines': [], 'failed': False, 'item': '/stigforge/artifacts', 'ansible_loop_var': 'item'})
ok: [localhost] => (item={'changed': False, 'stdout': '', 'stderr': '', 'rc': 0, 'cmd': ['find', '/etc', '-xdev', '-type', 'd', '(', '-perm', '-0002', '-a', '!', '-perm', '-1000', ')'], 'start': '2026-09-12 13:01:31.369776', 'end': '2026-09-12 13:01:31.374324', 'delta': '0:00:00.004548', 'msg': '', 'invocation': {'module_args': {'_raw_params': 'find /etc -xdev -type d ( -perm -0002 -a ! -perm -1000 )', '_uses_shell': False, 'expand_argument_vars': True, 'stdin_add_newline': True, 'strip_empty_ends': True, 'argv': None, 'chdir': None, 'executable': None, 'creates': None, 'removes': None, 'stdin': None}}, 'stdout_lines': [], 'stderr_lines': [], 'failed': False, 'item': '/etc', 'ansible_loop_var': 'item'})
ok: [localhost] => (item={'changed': False, 'stdout': '', 'stderr': '', 'rc': 0, 'cmd': ['find', '/media', '-xdev', '-type', 'd', '(', '-perm', '-0002', '-a', '!', '-perm', '-1000', ')'], 'start': '2026-09-12 13:01:31.487175', 'end': '2026-09-12 13:01:31.490067', 'delta': '0:00:00.002892', 'msg': '', 'invocation': {'module_args': {'_raw_params': 'find /media -xdev -type d ( -perm -0002 -a ! -perm -1000 )', '_uses_shell': False, 'expand_argument_vars': True, 'stdin_add_newline': True, 'strip_empty_ends': True, 'argv': None, 'chdir': None, 'executable': None, 'creates': None, 'removes': None, 'stdin': None}}, 'stdout_lines': [], 'stderr_lines': [], 'failed': False, 'item': '/media', 'ansible_loop_var': 'item'})
ok: [localhost] => (item={'changed': False, 'stdout': '', 'stderr': '', 'rc': 0, 'cmd': ['find', '/stigforge/roles', '-xdev', '-type', 'd', '(', '-perm', '-0002', '-a', '!', '-perm', '-1000', ')'], 'start': '2026-09-12 13:01:31.603021', 'end': '2026-09-12 13:01:31.606849', 'delta': '0:00:00.003828', 'msg': '', 'invocation': {'module_args': {'_raw_params': 'find /stigforge/roles -xdev -type d ( -perm -0002 -a ! -perm -1000 )', '_uses_shell': False, 'expand_argument_vars': True, 'stdin_add_newline': True, 'strip_empty_ends': True, 'argv': None, 'chdir': None, 'executable': None, 'creates': None, 'removes': None, 'stdin': None}}, 'stdout_lines': [], 'stderr_lines': [], 'failed': False, 'item': '/stigforge/roles', 'ansible_loop_var': 'item'})
ok: [localhost] => (item={'changed': False, 'stdout': '', 'stderr': '', 'rc': 0, 'cmd': ['find', '/stigforge/pyproject.toml', '-xdev', '-type', 'd', '(', '-perm', '-0002', '-a', '!', '-perm', '-1000', ')'], 'start': '2026-09-12 13:01:31.717132', 'end': '2026-09-12 13:01:31.719130', 'delta': '0:00:00.001998', 'msg': '', 'invocation': {'module_args': {'_raw_params': 'find /stigforge/pyproject.toml -xdev -type d ( -perm -0002 -a ! -perm -1000 )', '_uses_shell': False, 'expand_argument_vars': True, 'stdin_add_newline': True, 'strip_empty_ends': True, 'argv': None, 'chdir': None, 'executable': None, 'creates': None, 'removes': None, 'stdin': None}}, 'stdout_lines': [], 'stderr_lines': [], 'failed': False, 'item': '/stigforge/pyproject.toml', 'ansible_loop_var': 'item'})
ok: [localhost] => (item={'changed': False, 'stdout': '', 'stderr': '', 'rc': 0, 'cmd': ['find', '/stigforge', '-xdev', '-type', 'd', '(', '-perm', '-0002', '-a', '!', '-perm', '-1000', ')'], 'start': '2026-09-12 13:01:31.830578', 'end': '2026-09-12 13:01:31.833691', 'delta': '0:00:00.003113', 'msg': '', 'invocation': {'module_args': {'_raw_params': 'find /stigforge -xdev -type d ( -perm -0002 -a ! -perm -1000 )', '_uses_shell': False, 'expand_argument_vars': True, 'stdin_add_newline': True, 'strip_empty_ends': True, 'argv': None, 'chdir': None, 'executable': None, 'creates': None, 'removes': None, 'stdin': None}}, 'stdout_lines': [], 'stderr_lines': [], 'failed': False, 'item': '/stigforge', 'ansible_loop_var': 'item'})
ok: [localhost] => (item={'changed': False, 'stdout': '', 'stderr': '', 'rc': 0, 'cmd': ['find', '/mnt', '-xdev', '-type', 'd', '(', '-perm', '-0002', '-a', '!', '-perm', '-1000', ')'], 'start': '2026-09-12 13:01:31.952306', 'end': '2026-09-12 13:01:31.954684', 'delta': '0:00:00.002378', 'msg': '', 'invocation': {'module_args': {'_raw_params': 'find /mnt -xdev -type d ( -perm -0002 -a ! -perm -1000 )', '_uses_shell': False, 'expand_argument_vars': True, 'stdin_add_newline': True, 'strip_empty_ends': True, 'argv': None, 'chdir': None, 'executable': None, 'creates': None, 'removes': None, 'stdin': None}}, 'stdout_lines': [], 'stderr_lines': [], 'failed': False, 'item': '/mnt', 'ansible_loop_var': 'item'})
ok: [localhost] => (item={'changed': False, 'stdout': '', 'stderr': '', 'rc': 0, 'cmd': ['find', '/etc/resolv.conf', '-xdev', '-type', 'd', '(', '-perm', '-0002', '-a', '!', '-perm', '-1000', ')'], 'start': '2026-09-12 13:01:32.071395', 'end': '2026-09-12 13:01:32.074015', 'delta': '0:00:00.002620', 'msg': '', 'invocation': {'module_args': {'_raw_params': 'find /etc/resolv.conf -xdev -type d ( -perm -0002 -a ! -perm -1000 )', '_uses_shell': False, 'expand_argument_vars': True, 'stdin_add_newline': True, 'strip_empty_ends': True, 'argv': None, 'chdir': None, 'executable': None, 'creates': None, 'removes': None, 'stdin': None}}, 'stdout_lines': [], 'stderr_lines': [], 'failed': False, 'item': '/etc/resolv.conf', 'ansible_loop_var': 'item'})
ok: [localhost] => (item={'changed': False, 'stdout': '', 'stderr': '', 'rc': 0, 'cmd': ['find', '/usr', '-xdev', '-type', 'd', '(', '-perm', '-0002', '-a', '!', '-perm', '-1000', ')'], 'start': '2026-09-12 13:01:32.188625', 'end': '2026-09-12 13:01:32.219634', 'delta': '0:00:00.031009', 'msg': '', 'invocation': {'module_args': {'_raw_params': 'find /usr -xdev -type d ( -perm -0002 -a ! -perm -1000 )', '_uses_shell': False, 'expand_argument_vars': True, 'stdin_add_newline': True, 'strip_empty_ends': True, 'argv': None, 'chdir': None, 'executable': None, 'creates': None, 'removes': None, 'stdin': None}}, 'stdout_lines': [], 'stderr_lines': [], 'failed': False, 'item': '/usr', 'ansible_loop_var': 'item'})
ok: [localhost] => (item={'changed': False, 'stdout': '', 'stderr': '', 'rc': 0, 'cmd': ['find', '/etc/hostname', '-xdev', '-type', 'd', '(', '-perm', '-0002', '-a', '!', '-perm', '-1000', ')'], 'start': '2026-09-12 13:01:32.338058', 'end': '2026-09-12 13:01:32.340820', 'delta': '0:00:00.002762', 'msg': '', 'invocation': {'module_args': {'_raw_params': 'find /etc/hostname -xdev -type d ( -perm -0002 -a ! -perm -1000 )', '_uses_shell': False, 'expand_argument_vars': True, 'stdin_add_newline': True, 'strip_empty_ends': True, 'argv': None, 'chdir': None, 'executable': None, 'creates': None, 'removes': None, 'stdin': None}}, 'stdout_lines': [], 'stderr_lines': [], 'failed': False, 'item': '/etc/hostname', 'ansible_loop_var': 'item'})
ok: [localhost] => (item={'changed': False, 'stdout': '', 'stderr': '', 'rc': 0, 'cmd': ['find', '/tmp', '-xdev', '-type', 'd', '(', '-perm', '-0002', '-a', '!', '-perm', '-1000', ')'], 'start': '2026-09-12 13:01:32.457537', 'end': '2026-09-12 13:01:32.460555', 'delta': '0:00:00.003018', 'msg': '', 'invocation': {'module_args': {'_raw_params': 'find /tmp -xdev -type d ( -perm -0002 -a ! -perm -1000 )', '_uses_shell': False, 'expand_argument_vars': True, 'stdin_add_newline': True, 'strip_empty_ends': True, 'argv': None, 'chdir': None, 'executable': None, 'creates': None, 'removes': None, 'stdin': None}}, 'stdout_lines': [], 'stderr_lines': [], 'failed': False, 'item': '/tmp', 'ansible_loop_var': 'item'})
ok: [localhost] => (item={'changed': False, 'stdout': '', 'stderr': '', 'rc': 0, 'cmd': ['find', '/opt', '-xdev', '-type', 'd', '(', '-perm', '-0002', '-a', '!', '-perm', '-1000', ')'], 'start': '2026-09-12 13:01:32.574567', 'end': '2026-09-12 13:01:32.576867', 'delta': '0:00:00.002300', 'msg': '', 'invocation': {'module_args': {'_raw_params': 'find /opt -xdev -type d ( -perm -0002 -a ! -perm -1000 )', '_uses_shell': False, 'expand_argument_vars': True, 'stdin_add_newline': True, 'strip_empty_ends': True, 'argv': None, 'chdir': None, 'executable': None, 'creates': None, 'removes': None, 'stdin': None}}, 'stdout_lines': [], 'stderr_lines': [], 'failed': False, 'item': '/opt', 'ansible_loop_var': 'item'})
ok: [localhost] => (item={'changed': False, 'stdout': '', 'stderr': '', 'rc': 0, 'cmd': ['find', '/srv', '-xdev', '-type', 'd', '(', '-perm', '-0002', '-a', '!', '-perm', '-1000', ')'], 'start': '2026-09-12 13:01:32.691624', 'end': '2026-09-12 13:01:32.694688', 'delta': '0:00:00.003064', 'msg': '', 'invocation': {'module_args': {'_raw_params': 'find /srv -xdev -type d ( -perm -0002 -a ! -perm -1000 )', '_uses_shell': False, 'expand_argument_vars': True, 'stdin_add_newline': True, 'strip_empty_ends': True, 'argv': None, 'chdir': None, 'executable': None, 'creates': None, 'removes': None, 'stdin': None}}, 'stdout_lines': [], 'stderr_lines': [], 'failed': False, 'item': '/srv', 'ansible_loop_var': 'item'})
ok: [localhost] => (item={'changed': False, 'stdout': '', 'stderr': '', 'rc': 0, 'cmd': ['find', '/stigforge/generator', '-xdev', '-type', 'd', '(', '-perm', '-0002', '-a', '!', '-perm', '-1000', ')'], 'start': '2026-09-12 13:01:32.806762', 'end': '2026-09-12 13:01:32.809697', 'delta': '0:00:00.002935', 'msg': '', 'invocation': {'module_args': {'_raw_params': 'find /stigforge/generator -xdev -type d ( -perm -0002 -a ! -perm -1000 )', '_uses_shell': False, 'expand_argument_vars': True, 'stdin_add_newline': True, 'strip_empty_ends': True, 'argv': None, 'chdir': None, 'executable': None, 'creates': None, 'removes': None, 'stdin': None}}, 'stdout_lines': [], 'stderr_lines': [], 'failed': False, 'item': '/stigforge/generator', 'ansible_loop_var': 'item'})
ok: [localhost] => (item={'changed': False, 'stdout': '', 'stderr': '', 'rc': 0, 'cmd': ['find', '/etc/hosts', '-xdev', '-type', 'd', '(', '-perm', '-0002', '-a', '!', '-perm', '-1000', ')'], 'start': '2026-09-12 13:01:32.921485', 'end': '2026-09-12 13:01:32.924522', 'delta': '0:00:00.003037', 'msg': '', 'invocation': {'module_args': {'_raw_params': 'find /etc/hosts -xdev -type d ( -perm -0002 -a ! -perm -1000 )', '_uses_shell': False, 'expand_argument_vars': True, 'stdin_add_newline': True, 'strip_empty_ends': True, 'argv': None, 'chdir': None, 'executable': None, 'creates': None, 'removes': None, 'stdin': None}}, 'stdout_lines': [], 'stderr_lines': [], 'failed': False, 'item': '/etc/hosts', 'ansible_loop_var': 'item'})
ok: [localhost] => (item={'changed': False, 'stdout': '', 'stderr': '', 'rc': 0, 'cmd': ['find', '/stigforge/policy', '-xdev', '-type', 'd', '(', '-perm', '-0002', '-a', '!', '-perm', '-1000', ')'], 'start': '2026-09-12 13:01:33.044229', 'end': '2026-09-12 13:01:33.047014', 'delta': '0:00:00.002785', 'msg': '', 'invocation': {'module_args': {'_raw_params': 'find /stigforge/policy -xdev -type d ( -perm -0002 -a ! -perm -1000 )', '_uses_shell': False, 'expand_argument_vars': True, 'stdin_add_newline': True, 'strip_empty_ends': True, 'argv': None, 'chdir': None, 'executable': None, 'creates': None, 'removes': None, 'stdin': None}}, 'stdout_lines': [], 'stderr_lines': [], 'failed': False, 'item': '/stigforge/policy', 'ansible_loop_var': 'item'})
ok: [localhost] => (item={'changed': False, 'stdout': '', 'stderr': '', 'rc': 0, 'cmd': ['find', '/afs', '-xdev', '-type', 'd', '(', '-perm', '-0002', '-a', '!', '-perm', '-1000', ')'], 'start': '2026-09-12 13:01:33.164397', 'end': '2026-09-12 13:01:33.167085', 'delta': '0:00:00.002688', 'msg': '', 'invocation': {'module_args': {'_raw_params': 'find /afs -xdev -type d ( -perm -0002 -a ! -perm -1000 )', '_uses_shell': False, 'expand_argument_vars': True, 'stdin_add_newline': True, 'strip_empty_ends': True, 'argv': None, 'chdir': None, 'executable': None, 'creates': None, 'removes': None, 'stdin': None}}, 'stdout_lines': [], 'stderr_lines': [], 'failed': False, 'item': '/afs', 'ansible_loop_var': 'item'})
ok: [localhost] => (item={'changed': False, 'stdout': '', 'stderr': '', 'rc': 0, 'cmd': ['find', '/var', '-xdev', '-type', 'd', '(', '-perm', '-0002', '-a', '!', '-perm', '-1000', ')'], 'start': '2026-09-12 13:01:33.284992', 'end': '2026-09-12 13:01:33.288653', 'delta': '0:00:00.003661', 'msg': '', 'invocation': {'module_args': {'_raw_params': 'find /var -xdev -type d ( -perm -0002 -a ! -perm -1000 )', '_uses_shell': False, 'expand_argument_vars': True, 'stdin_add_newline': True, 'strip_empty_ends': True, 'argv': None, 'chdir': None, 'executable': None, 'creates': None, 'removes': None, 'stdin': None}}, 'stdout_lines': [], 'stderr_lines': [], 'failed': False, 'item': '/var', 'ansible_loop_var': 'item'})
ok: [localhost] => (item={'changed': False, 'stdout': '', 'stderr': '', 'rc': 0, 'cmd': ['find', '/boot', '-xdev', '-type', 'd', '(', '-perm', '-0002', '-a', '!', '-perm', '-1000', ')'], 'start': '2026-09-12 13:01:33.405746', 'end': '2026-09-12 13:01:33.408544', 'delta': '0:00:00.002798', 'msg': '', 'invocation': {'module_args': {'_raw_params': 'find /boot -xdev -type d ( -perm -0002 -a ! -perm -1000 )', '_uses_shell': False, 'expand_argument_vars': True, 'stdin_add_newline': True, 'strip_empty_ends': True, 'argv': None, 'chdir': None, 'executable': None, 'creates': None, 'removes': None, 'stdin': None}}, 'stdout_lines': [], 'stderr_lines': [], 'failed': False, 'item': '/boot', 'ansible_loop_var': 'item'})
ok: [localhost] => (item={'changed': False, 'stdout': '', 'stderr': '', 'rc': 0, 'cmd': ['find', '/home', '-xdev', '-type', 'd', '(', '-perm', '-0002', '-a', '!', '-perm', '-1000', ')'], 'start': '2026-09-12 13:01:33.523657', 'end': '2026-09-12 13:01:33.526552', 'delta': '0:00:00.002895', 'msg': '', 'invocation': {'module_args': {'_raw_params': 'find /home -xdev -type d ( -perm -0002 -a ! -perm -1000 )', '_uses_shell': False, 'expand_argument_vars': True, 'stdin_add_newline': True, 'strip_empty_ends': True, 'argv': None, 'chdir': None, 'executable': None, 'creates': None, 'removes': None, 'stdin': None}}, 'stdout_lines': [], 'stderr_lines': [], 'failed': False, 'item': '/home', 'ansible_loop_var': 'item'})

TASK [/stigforge/roles/cs9_stig : Verify that All World-Writable Directories Have Sticky Bits Set - Ensure Sticky Bit is Set on Local World Writable Directories] ***
skipping: [localhost]

TASK [/stigforge/roles/cs9_stig : Enable Kernel Parameter to Enforce DAC on Hardlinks - Set fact for sysctl paths] ***
skipping: [localhost]

TASK [/stigforge/roles/cs9_stig : Enable Kernel Parameter to Enforce DAC on Hardlinks - Find all files that contain fs.protected_hardlinks] ***
skipping: [localhost]

TASK [/stigforge/roles/cs9_stig : Enable Kernel Parameter to Enforce DAC on Hardlinks - Find all files that set fs.protected_hardlinks to correct value] ***
skipping: [localhost]

TASK [/stigforge/roles/cs9_stig : Enable Kernel Parameter to Enforce DAC on Hardlinks - Comment out any occurrences of fs.protected_hardlinks from config files] ***
skipping: [localhost]

TASK [/stigforge/roles/cs9_stig : Enable Kernel Parameter to Enforce DAC on Hardlinks - Comment out any occurrences of fs.protected_hardlinks from /etc/sysctl.conf] ***
skipping: [localhost]

TASK [/stigforge/roles/cs9_stig : Enable Kernel Parameter to Enforce DAC on Hardlinks - Ensure sysctl fs.protected_hardlinks is set to 1] ***
skipping: [localhost]

TASK [/stigforge/roles/cs9_stig : Enable Kernel Parameter to Enforce DAC on Symlinks - Set fact for sysctl paths] ***
skipping: [localhost]

TASK [/stigforge/roles/cs9_stig : Enable Kernel Parameter to Enforce DAC on Symlinks - Find all files that contain fs.protected_symlinks] ***
skipping: [localhost]

TASK [/stigforge/roles/cs9_stig : Enable Kernel Parameter to Enforce DAC on Symlinks - Find all files that set fs.protected_symlinks to correct value] ***
skipping: [localhost]

TASK [/stigforge/roles/cs9_stig : Enable Kernel Parameter to Enforce DAC on Symlinks - Comment out any occurrences of fs.protected_symlinks from config files] ***
skipping: [localhost]

TASK [/stigforge/roles/cs9_stig : Enable Kernel Parameter to Enforce DAC on Symlinks - Comment out any occurrences of fs.protected_symlinks from /etc/sysctl.conf] ***
skipping: [localhost]

TASK [/stigforge/roles/cs9_stig : Enable Kernel Parameter to Enforce DAC on Symlinks - Ensure sysctl fs.protected_symlinks is set to 1] ***
skipping: [localhost]

TASK [/stigforge/roles/cs9_stig : Set the file_groupowner_backup_etc_group_newgroup variable if represented by gid] ***
ok: [localhost]

TASK [/stigforge/roles/cs9_stig : Test for existence /etc/group-] **************
ok: [localhost]

TASK [/stigforge/roles/cs9_stig : Ensure group owner on /etc/group-] ***********
ok: [localhost]

TASK [/stigforge/roles/cs9_stig : Set the file_groupowner_backup_etc_gshadow_newgroup variable if represented by gid] ***
ok: [localhost]

TASK [/stigforge/roles/cs9_stig : Test for existence /etc/gshadow-] ************
ok: [localhost]

TASK [/stigforge/roles/cs9_stig : Ensure group owner on /etc/gshadow-] *********
ok: [localhost]

TASK [/stigforge/roles/cs9_stig : Set the file_groupowner_backup_etc_passwd_newgroup variable if represented by gid] ***
ok: [localhost]

TASK [/stigforge/roles/cs9_stig : Test for existence /etc/passwd-] *************
ok: [localhost]

TASK [/stigforge/roles/cs9_stig : Ensure group owner on /etc/passwd-] **********
ok: [localhost]

TASK [/stigforge/roles/cs9_stig : Set the file_groupowner_backup_etc_shadow_newgroup variable if represented by gid] ***
ok: [localhost]

TASK [/stigforge/roles/cs9_stig : Test for existence /etc/shadow-] *************
ok: [localhost]

TASK [/stigforge/roles/cs9_stig : Ensure group owner on /etc/shadow-] **********
ok: [localhost]

TASK [/stigforge/roles/cs9_stig : Set the file_groupowner_etc_group_newgroup variable if represented by gid] ***
ok: [localhost]

TASK [/stigforge/roles/cs9_stig : Test for existence /etc/group] ***************
ok: [localhost]

TASK [/stigforge/roles/cs9_stig : Ensure group owner on /etc/group] ************
ok: [localhost]

TASK [/stigforge/roles/cs9_stig : Set the file_groupowner_etc_gshadow_newgroup variable if represented by gid] ***
ok: [localhost]

TASK [/stigforge/roles/cs9_stig : Test for existence /etc/gshadow] *************
ok: [localhost]

TASK [/stigforge/roles/cs9_stig : Ensure group owner on /etc/gshadow] **********
ok: [localhost]

TASK [/stigforge/roles/cs9_stig : Set the file_groupowner_etc_passwd_newgroup variable if represented by gid] ***
ok: [localhost]

TASK [/stigforge/roles/cs9_stig : Test for existence /etc/passwd] **************
ok: [localhost]

TASK [/stigforge/roles/cs9_stig : Ensure group owner on /etc/passwd] ***********
ok: [localhost]

TASK [/stigforge/roles/cs9_stig : Set the file_groupowner_etc_shadow_newgroup variable if represented by gid] ***
ok: [localhost]

TASK [/stigforge/roles/cs9_stig : Test for existence /etc/shadow] **************
ok: [localhost]

TASK [/stigforge/roles/cs9_stig : Ensure group owner on /etc/shadow] ***********
ok: [localhost]

TASK [/stigforge/roles/cs9_stig : Set the file_owner_backup_etc_group_newown variable if represented by uid] ***
ok: [localhost]

TASK [/stigforge/roles/cs9_stig : Test for existence /etc/group-] **************
ok: [localhost]

TASK [/stigforge/roles/cs9_stig : Ensure owner on /etc/group-] *****************
ok: [localhost]

TASK [/stigforge/roles/cs9_stig : Set the file_owner_backup_etc_gshadow_newown variable if represented by uid] ***
ok: [localhost]

TASK [/stigforge/roles/cs9_stig : Test for existence /etc/gshadow-] ************
ok: [localhost]

TASK [/stigforge/roles/cs9_stig : Ensure owner on /etc/gshadow-] ***************
ok: [localhost]

TASK [/stigforge/roles/cs9_stig : Set the file_owner_backup_etc_passwd_newown variable if represented by uid] ***
ok: [localhost]

TASK [/stigforge/roles/cs9_stig : Test for existence /etc/passwd-] *************
ok: [localhost]

TASK [/stigforge/roles/cs9_stig : Ensure owner on /etc/passwd-] ****************
ok: [localhost]

TASK [/stigforge/roles/cs9_stig : Set the file_owner_backup_etc_shadow_newown variable if represented by uid] ***
ok: [localhost]

TASK [/stigforge/roles/cs9_stig : Test for existence /etc/shadow-] *************
ok: [localhost]

TASK [/stigforge/roles/cs9_stig : Ensure owner on /etc/shadow-] ****************
ok: [localhost]

TASK [/stigforge/roles/cs9_stig : Set the file_owner_etc_group_newown variable if represented by uid] ***
ok: [localhost]

TASK [/stigforge/roles/cs9_stig : Test for existence /etc/group] ***************
ok: [localhost]

TASK [/stigforge/roles/cs9_stig : Ensure owner on /etc/group] ******************
ok: [localhost]

TASK [/stigforge/roles/cs9_stig : Set the file_owner_etc_gshadow_newown variable if represented by uid] ***
ok: [localhost]

TASK [/stigforge/roles/cs9_stig : Test for existence /etc/gshadow] *************
ok: [localhost]

TASK [/stigforge/roles/cs9_stig : Ensure owner on /etc/gshadow] ****************
ok: [localhost]

TASK [/stigforge/roles/cs9_stig : Set the file_owner_etc_passwd_newown variable if represented by uid] ***
ok: [localhost]

TASK [/stigforge/roles/cs9_stig : Test for existence /etc/passwd] **************
ok: [localhost]

TASK [/stigforge/roles/cs9_stig : Ensure owner on /etc/passwd] *****************
ok: [localhost]

TASK [/stigforge/roles/cs9_stig : Set the file_owner_etc_shadow_newown variable if represented by uid] ***
ok: [localhost]

TASK [/stigforge/roles/cs9_stig : Test for existence /etc/shadow] **************
ok: [localhost]

TASK [/stigforge/roles/cs9_stig : Ensure owner on /etc/shadow] *****************
ok: [localhost]

TASK [/stigforge/roles/cs9_stig : Test for existence /etc/group-] **************
ok: [localhost]

TASK [/stigforge/roles/cs9_stig : Ensure permission u-xs,g-xws,o-xwt on /etc/group-] ***
ok: [localhost]

TASK [/stigforge/roles/cs9_stig : Test for existence /etc/gshadow-] ************
ok: [localhost]

TASK [/stigforge/roles/cs9_stig : Ensure permission u-xwrs,g-xwrs,o-xwrt on /etc/gshadow-] ***
ok: [localhost]

TASK [/stigforge/roles/cs9_stig : Test for existence /etc/passwd-] *************
ok: [localhost]

TASK [/stigforge/roles/cs9_stig : Ensure permission u-xs,g-xws,o-xwt on /etc/passwd-] ***
ok: [localhost]

TASK [/stigforge/roles/cs9_stig : Test for existence /etc/shadow-] *************
ok: [localhost]

TASK [/stigforge/roles/cs9_stig : Ensure permission u-xwrs,g-xwrs,o-xwrt on /etc/shadow-] ***
ok: [localhost]

TASK [/stigforge/roles/cs9_stig : Test for existence /etc/group] ***************
ok: [localhost]

TASK [/stigforge/roles/cs9_stig : Ensure permission u-xs,g-xws,o-xwt on /etc/group] ***
ok: [localhost]

TASK [/stigforge/roles/cs9_stig : Test for existence /etc/gshadow] *************
ok: [localhost]

TASK [/stigforge/roles/cs9_stig : Ensure permission u-xwrs,g-xwrs,o-xwrt on /etc/gshadow] ***
ok: [localhost]

TASK [/stigforge/roles/cs9_stig : Test for existence /etc/passwd] **************
ok: [localhost]

TASK [/stigforge/roles/cs9_stig : Ensure permission u-xs,g-xws,o-xwt on /etc/passwd] ***
ok: [localhost]

TASK [/stigforge/roles/cs9_stig : Test for existence /etc/shadow] **************
ok: [localhost]

TASK [/stigforge/roles/cs9_stig : Ensure permission u-xwrs,g-xwrs,o-xwrt on /etc/shadow] ***
ok: [localhost]

TASK [/stigforge/roles/cs9_stig : Set the file_groupowner_var_log_newgroup variable if represented by gid] ***
ok: [localhost]

TASK [/stigforge/roles/cs9_stig : Ensure group owner on /var/log/] *************
ok: [localhost]

TASK [/stigforge/roles/cs9_stig : Set the file_groupowner_var_log_messages_newgroup variable if represented by gid] ***
ok: [localhost]

TASK [/stigforge/roles/cs9_stig : Test for existence /var/log/messages] ********
ok: [localhost]

TASK [/stigforge/roles/cs9_stig : Ensure group owner on /var/log/messages] *****
skipping: [localhost]

TASK [/stigforge/roles/cs9_stig : Set the file_owner_var_log_newown variable if represented by uid] ***
ok: [localhost]

TASK [/stigforge/roles/cs9_stig : Ensure owner on directory /var/log/] *********
ok: [localhost]

TASK [/stigforge/roles/cs9_stig : Set the file_owner_var_log_messages_newown variable if represented by uid] ***
ok: [localhost]

TASK [/stigforge/roles/cs9_stig : Test for existence /var/log/messages] ********
ok: [localhost]

TASK [/stigforge/roles/cs9_stig : Ensure owner on /var/log/messages] ***********
skipping: [localhost]

TASK [/stigforge/roles/cs9_stig : Find /var/log/ file(s)] **********************
ok: [localhost]

TASK [/stigforge/roles/cs9_stig : Set permissions for /var/log/ file(s)] *******
skipping: [localhost]

TASK [/stigforge/roles/cs9_stig : Test for existence /var/log/messages] ********
ok: [localhost]

TASK [/stigforge/roles/cs9_stig : Ensure permission u-xs,g-xwrs,o-xwrt on /var/log/messages] ***
skipping: [localhost]

TASK [/stigforge/roles/cs9_stig : Set the dir_group_ownership_library_dirs_newgroup variable if represented by gid] ***
ok: [localhost]

TASK [/stigforge/roles/cs9_stig : Ensure group owner on /lib/ recursively] *****
ok: [localhost]

TASK [/stigforge/roles/cs9_stig : Ensure group owner on /lib64/ recursively] ***
ok: [localhost]

TASK [/stigforge/roles/cs9_stig : Ensure group owner on /usr/lib/ recursively] ***
ok: [localhost]

TASK [/stigforge/roles/cs9_stig : Ensure group owner on /usr/lib64/ recursively] ***
ok: [localhost]

TASK [/stigforge/roles/cs9_stig : Set the dir_ownership_library_dirs_newown variable if represented by uid] ***
ok: [localhost]

TASK [/stigforge/roles/cs9_stig : Ensure owner on directory /lib/ recursively] ***
ok: [localhost]

TASK [/stigforge/roles/cs9_stig : Ensure owner on directory /lib64/ recursively] ***
ok: [localhost]

TASK [/stigforge/roles/cs9_stig : Ensure owner on directory /usr/lib/ recursively] ***
ok: [localhost]

TASK [/stigforge/roles/cs9_stig : Ensure owner on directory /usr/lib64/ recursively] ***
ok: [localhost]

TASK [/stigforge/roles/cs9_stig : Find /lib/ file(s) recursively] **************
ok: [localhost]

TASK [/stigforge/roles/cs9_stig : Set permissions for /lib/ file(s)] ***********
skipping: [localhost]

TASK [/stigforge/roles/cs9_stig : Find /lib64/ file(s) recursively] ************
ok: [localhost]

TASK [/stigforge/roles/cs9_stig : Set permissions for /lib64/ file(s)] *********
skipping: [localhost]

TASK [/stigforge/roles/cs9_stig : Find /usr/lib/ file(s) recursively] **********
ok: [localhost]

TASK [/stigforge/roles/cs9_stig : Set permissions for /usr/lib/ file(s)] *******
skipping: [localhost]

TASK [/stigforge/roles/cs9_stig : Find /usr/lib64/ file(s) recursively] ********
ok: [localhost]

TASK [/stigforge/roles/cs9_stig : Set permissions for /usr/lib64/ file(s)] *****
skipping: [localhost]

TASK [/stigforge/roles/cs9_stig : Verify that system commands files are group owned by root or a system account - Find system command files with incorrect group ownership] ***
ok: [localhost] => (item=/bin)
ok: [localhost] => (item=/sbin)
ok: [localhost] => (item=/usr/bin)
ok: [localhost] => (item=/usr/sbin)
ok: [localhost] => (item=/usr/local/bin)
ok: [localhost] => (item=/usr/local/sbin)

TASK [/stigforge/roles/cs9_stig : Verify that system commands files are group owned by root or a system account - Set group ownership to root for system command files] ***
changed: [localhost] => (item={'path': '/bin/write', 'mode': '2755', 'isdir': False, 'ischr': False, 'isblk': False, 'isreg': True, 'isfifo': False, 'islnk': False, 'issock': False, 'uid': 0, 'gid': 5, 'size': 23800, 'inode': 19298941, 'dev': 93, 'nlink': 1, 'atime': 1786617995.0, 'mtime': 1786617995.0, 'ctime': 1788943484.836012, 'gr_name': 'tty', 'pw_name': 'root', 'wusr': True, 'rusr': True, 'xusr': True, 'wgrp': False, 'rgrp': True, 'xgrp': True, 'woth': False, 'roth': True, 'xoth': True, 'isuid': False, 'isgid': True})
ok: [localhost] => (item={'path': '/usr/bin/write', 'mode': '2755', 'isdir': False, 'ischr': False, 'isblk': False, 'isreg': True, 'isfifo': False, 'islnk': False, 'issock': False, 'uid': 0, 'gid': 5, 'size': 23800, 'inode': 19298941, 'dev': 93, 'nlink': 1, 'atime': 1786617995.0, 'mtime': 1786617995.0, 'ctime': 1788943484.836012, 'gr_name': 'tty', 'pw_name': 'root', 'wusr': True, 'rusr': True, 'xusr': True, 'wgrp': False, 'rgrp': True, 'xgrp': True, 'woth': False, 'roth': True, 'xoth': True, 'isuid': False, 'isgid': True})

TASK [/stigforge/roles/cs9_stig : Read list of system executables without root ownership] ***
ok: [localhost]

TASK [/stigforge/roles/cs9_stig : Set ownership to root of system executables] ***
skipping: [localhost]

TASK [/stigforge/roles/cs9_stig : Set the file_ownership_library_dirs_newown variable if represented by uid] ***
ok: [localhost]

TASK [/stigforge/roles/cs9_stig : Find /lib/ file(s) matching ^.*\.so.*$ recursively] ***
ok: [localhost]

TASK [/stigforge/roles/cs9_stig : Ensure owner on /lib/ file(s) matching ^.*\.so.*$] ***
skipping: [localhost]

TASK [/stigforge/roles/cs9_stig : Find /lib64/ file(s) matching ^.*\.so.*$ recursively] ***
ok: [localhost]

TASK [/stigforge/roles/cs9_stig : Ensure owner on /lib64/ file(s) matching ^.*\.so.*$] ***
skipping: [localhost]

TASK [/stigforge/roles/cs9_stig : Find /usr/lib/ file(s) matching ^.*\.so.*$ recursively] ***
ok: [localhost]

TASK [/stigforge/roles/cs9_stig : Ensure owner on /usr/lib/ file(s) matching ^.*\.so.*$] ***
skipping: [localhost]

TASK [/stigforge/roles/cs9_stig : Find /usr/lib64/ file(s) matching ^.*\.so.*$ recursively] ***
ok: [localhost]

TASK [/stigforge/roles/cs9_stig : Ensure owner on /usr/lib64/ file(s) matching ^.*\.so.*$] ***
skipping: [localhost]

TASK [/stigforge/roles/cs9_stig : Read list of world and group writable system executables] ***
ok: [localhost]

TASK [/stigforge/roles/cs9_stig : Remove world/group writability of system executables] ***
skipping: [localhost]

TASK [/stigforge/roles/cs9_stig : Find /lib/ file(s) recursively] **************
ok: [localhost]

TASK [/stigforge/roles/cs9_stig : Set permissions for /lib/ file(s)] ***********
skipping: [localhost]

TASK [/stigforge/roles/cs9_stig : Find /lib64/ file(s) recursively] ************
ok: [localhost]

TASK [/stigforge/roles/cs9_stig : Set permissions for /lib64/ file(s)] *********
skipping: [localhost]

TASK [/stigforge/roles/cs9_stig : Find /usr/lib/ file(s) recursively] **********
ok: [localhost]

TASK [/stigforge/roles/cs9_stig : Set permissions for /usr/lib/ file(s)] *******
skipping: [localhost]

TASK [/stigforge/roles/cs9_stig : Find /usr/lib64/ file(s) recursively] ********
ok: [localhost]

TASK [/stigforge/roles/cs9_stig : Set permissions for /usr/lib64/ file(s)] *****
skipping: [localhost]

TASK [/stigforge/roles/cs9_stig : Set the root_permissions_syslibrary_files_newgroup variable if represented by gid] ***
ok: [localhost]

TASK [/stigforge/roles/cs9_stig : Find /lib/ file(s) matching ^.*\.so.*$ recursively] ***
ok: [localhost]

TASK [/stigforge/roles/cs9_stig : Ensure group owner on /lib/ file(s) matching ^.*\.so.*$] ***
skipping: [localhost]

TASK [/stigforge/roles/cs9_stig : Find /lib64/ file(s) matching ^.*\.so.*$ recursively] ***
ok: [localhost]

TASK [/stigforge/roles/cs9_stig : Ensure group owner on /lib64/ file(s) matching ^.*\.so.*$] ***
skipping: [localhost]

TASK [/stigforge/roles/cs9_stig : Find /usr/lib/ file(s) matching ^.*\.so.*$ recursively] ***
ok: [localhost]

TASK [/stigforge/roles/cs9_stig : Ensure group owner on /usr/lib/ file(s) matching ^.*\.so.*$] ***
skipping: [localhost]

TASK [/stigforge/roles/cs9_stig : Find /usr/lib64/ file(s) matching ^.*\.so.*$ recursively] ***
ok: [localhost]

TASK [/stigforge/roles/cs9_stig : Ensure group owner on /usr/lib64/ file(s) matching ^.*\.so.*$] ***
skipping: [localhost]

TASK [/stigforge/roles/cs9_stig : Ensure rootfiles tmpfile.d is Configured Correctly - Find configuration files] ***
skipping: [localhost]

TASK [/stigforge/roles/cs9_stig : Ensure rootfiles tmpfile.d is Configured Correctly - Remove existing configuration] ***
skipping: [localhost]

TASK [/stigforge/roles/cs9_stig : Ensure rootfiles tmpfile.d is Configured Correctly] ***
skipping: [localhost]

TASK [/stigforge/roles/cs9_stig : Ensure rootfiles tmpfile.d is Configured Correctly - Find configuration files] ***
skipping: [localhost]

TASK [/stigforge/roles/cs9_stig : Ensure rootfiles tmpfile.d is Configured Correctly - Remove existing configuration] ***
skipping: [localhost]

TASK [/stigforge/roles/cs9_stig : Ensure rootfiles tmpfile.d is Configured Correctly] ***
skipping: [localhost]

TASK [/stigforge/roles/cs9_stig : Ensure rootfiles tmpfile.d is Configured Correctly - Find configuration files] ***
skipping: [localhost]

TASK [/stigforge/roles/cs9_stig : Ensure rootfiles tmpfile.d is Configured Correctly - Remove existing configuration] ***
skipping: [localhost]

TASK [/stigforge/roles/cs9_stig : Ensure rootfiles tmpfile.d is Configured Correctly] ***
skipping: [localhost]

TASK [/stigforge/roles/cs9_stig : Ensure rootfiles tmpfile.d is Configured Correctly - Find configuration files] ***
skipping: [localhost]

TASK [/stigforge/roles/cs9_stig : Ensure rootfiles tmpfile.d is Configured Correctly - Remove existing configuration] ***
skipping: [localhost]

TASK [/stigforge/roles/cs9_stig : Ensure rootfiles tmpfile.d is Configured Correctly] ***
skipping: [localhost]

TASK [/stigforge/roles/cs9_stig : Ensure rootfiles tmpfile.d is Configured Correctly - Find configuration files] ***
skipping: [localhost]

TASK [/stigforge/roles/cs9_stig : Ensure rootfiles tmpfile.d is Configured Correctly - Remove existing configuration] ***
skipping: [localhost]

TASK [/stigforge/roles/cs9_stig : Ensure rootfiles tmpfile.d is Configured Correctly] ***
skipping: [localhost]

TASK [/stigforge/roles/cs9_stig : Ensure kernel module 'cramfs' is disabled] ***
skipping: [localhost]

TASK [/stigforge/roles/cs9_stig : Ensure kernel module 'cramfs' is blacklisted] ***
skipping: [localhost]

TASK [/stigforge/roles/cs9_stig : Ensure kernel module 'usb-storage' is disabled] ***
skipping: [localhost]

TASK [/stigforge/roles/cs9_stig : Ensure kernel module 'usb-storage' is blacklisted] ***
skipping: [localhost]

TASK [/stigforge/roles/cs9_stig : Add nosuid Option to /boot/efi: Check information associated to mountpoint] ***
skipping: [localhost]

TASK [/stigforge/roles/cs9_stig : Add nosuid Option to /boot/efi: Create mount_info dictionary variable] ***
skipping: [localhost]

TASK [/stigforge/roles/cs9_stig : Add nosuid Option to /boot/efi: If /boot/efi not mounted, craft mount_info manually] ***
skipping: [localhost] => (item=['target', '/boot/efi']) 
skipping: [localhost] => (item=['source', '']) 
skipping: [localhost] => (item=['fstype', '']) 
skipping: [localhost] => (item=['options', 'defaults']) 
skipping: [localhost]

TASK [/stigforge/roles/cs9_stig : Add nosuid Option to /boot/efi: Make sure nosuid option is part of the to /boot/efi options] ***
skipping: [localhost]

TASK [/stigforge/roles/cs9_stig : Add nosuid Option to /boot/efi: Ensure /boot/efi is mounted with nosuid option] ***
skipping: [localhost]

TASK [/stigforge/roles/cs9_stig : Add nodev Option to /boot: Check information associated to mountpoint] ***
skipping: [localhost]

TASK [/stigforge/roles/cs9_stig : Add nodev Option to /boot: Create mount_info dictionary variable] ***
skipping: [localhost]

TASK [/stigforge/roles/cs9_stig : Add nodev Option to /boot: If /boot not mounted, craft mount_info manually] ***
skipping: [localhost] => (item=['target', '/boot']) 
skipping: [localhost] => (item=['source', '']) 
skipping: [localhost] => (item=['fstype', '']) 
skipping: [localhost] => (item=['options', 'defaults']) 
skipping: [localhost]

TASK [/stigforge/roles/cs9_stig : Add nodev Option to /boot: Make sure nodev option is part of the to /boot options] ***
skipping: [localhost]

TASK [/stigforge/roles/cs9_stig : Add nodev Option to /boot: Ensure /boot is mounted with nodev option] ***
skipping: [localhost]

TASK [/stigforge/roles/cs9_stig : Add nosuid Option to /boot: Check information associated to mountpoint] ***
skipping: [localhost]

TASK [/stigforge/roles/cs9_stig : Add nosuid Option to /boot: Create mount_info dictionary variable] ***
skipping: [localhost]

TASK [/stigforge/roles/cs9_stig : Add nosuid Option to /boot: If /boot not mounted, craft mount_info manually] ***
skipping: [localhost] => (item=['target', '/boot']) 
skipping: [localhost] => (item=['source', '']) 
skipping: [localhost] => (item=['fstype', '']) 
skipping: [localhost] => (item=['options', 'defaults']) 
skipping: [localhost]

TASK [/stigforge/roles/cs9_stig : Add nosuid Option to /boot: Make sure nosuid option is part of the to /boot options] ***
skipping: [localhost]

TASK [/stigforge/roles/cs9_stig : Add nosuid Option to /boot: Ensure /boot is mounted with nosuid option] ***
skipping: [localhost]

TASK [/stigforge/roles/cs9_stig : Add nodev Option to /dev/shm: Check information associated to mountpoint] ***
skipping: [localhost]

TASK [/stigforge/roles/cs9_stig : Add nodev Option to /dev/shm: Create mount_info dictionary variable] ***
skipping: [localhost]

TASK [/stigforge/roles/cs9_stig : Add nodev Option to /dev/shm: If /dev/shm not mounted, craft mount_info manually] ***
skipping: [localhost] => (item=['target', '/dev/shm']) 
skipping: [localhost] => (item=['source', 'tmpfs']) 
skipping: [localhost] => (item=['fstype', 'tmpfs']) 
skipping: [localhost] => (item=['options', 'defaults']) 
skipping: [localhost]

TASK [/stigforge/roles/cs9_stig : Add nodev Option to /dev/shm: Make sure nodev option is part of the to /dev/shm options] ***
skipping: [localhost]

TASK [/stigforge/roles/cs9_stig : Add nodev Option to /dev/shm: Ensure /dev/shm is mounted with nodev option] ***
skipping: [localhost]

TASK [/stigforge/roles/cs9_stig : Add noexec Option to /dev/shm: Check information associated to mountpoint] ***
skipping: [localhost]

TASK [/stigforge/roles/cs9_stig : Add noexec Option to /dev/shm: Create mount_info dictionary variable] ***
skipping: [localhost]

TASK [/stigforge/roles/cs9_stig : Add noexec Option to /dev/shm: If /dev/shm not mounted, craft mount_info manually] ***
skipping: [localhost] => (item=['target', '/dev/shm']) 
skipping: [localhost] => (item=['source', 'tmpfs']) 
skipping: [localhost] => (item=['fstype', 'tmpfs']) 
skipping: [localhost] => (item=['options', 'defaults']) 
skipping: [localhost]

TASK [/stigforge/roles/cs9_stig : Add noexec Option to /dev/shm: Make sure noexec option is part of the to /dev/shm options] ***
skipping: [localhost]

TASK [/stigforge/roles/cs9_stig : Add noexec Option to /dev/shm: Ensure /dev/shm is mounted with noexec option] ***
skipping: [localhost]

TASK [/stigforge/roles/cs9_stig : Add nosuid Option to /dev/shm: Check information associated to mountpoint] ***
skipping: [localhost]

TASK [/stigforge/roles/cs9_stig : Add nosuid Option to /dev/shm: Create mount_info dictionary variable] ***
skipping: [localhost]

TASK [/stigforge/roles/cs9_stig : Add nosuid Option to /dev/shm: If /dev/shm not mounted, craft mount_info manually] ***
skipping: [localhost] => (item=['target', '/dev/shm']) 
skipping: [localhost] => (item=['source', 'tmpfs']) 
skipping: [localhost] => (item=['fstype', 'tmpfs']) 
skipping: [localhost] => (item=['options', 'defaults']) 
skipping: [localhost]

TASK [/stigforge/roles/cs9_stig : Add nosuid Option to /dev/shm: Make sure nosuid option is part of the to /dev/shm options] ***
skipping: [localhost]

TASK [/stigforge/roles/cs9_stig : Add nosuid Option to /dev/shm: Ensure /dev/shm is mounted with nosuid option] ***
skipping: [localhost]

TASK [/stigforge/roles/cs9_stig : Add nodev Option to /home: Check information associated to mountpoint] ***
skipping: [localhost]

TASK [/stigforge/roles/cs9_stig : Add nodev Option to /home: Create mount_info dictionary variable] ***
skipping: [localhost]

TASK [/stigforge/roles/cs9_stig : Add nodev Option to /home: If /home not mounted, craft mount_info manually] ***
skipping: [localhost] => (item=['target', '/home']) 
skipping: [localhost] => (item=['source', '']) 
skipping: [localhost] => (item=['fstype', '']) 
skipping: [localhost] => (item=['options', 'defaults']) 
skipping: [localhost]

TASK [/stigforge/roles/cs9_stig : Add nodev Option to /home: Make sure nodev option is part of the to /home options] ***
skipping: [localhost]

TASK [/stigforge/roles/cs9_stig : Add nodev Option to /home: Ensure /home is mounted with nodev option] ***
skipping: [localhost]

TASK [/stigforge/roles/cs9_stig : Add noexec Option to /home: Check information associated to mountpoint] ***
skipping: [localhost]

TASK [/stigforge/roles/cs9_stig : Add noexec Option to /home: Create mount_info dictionary variable] ***
skipping: [localhost]

TASK [/stigforge/roles/cs9_stig : Add noexec Option to /home: If /home not mounted, craft mount_info manually] ***
skipping: [localhost] => (item=['target', '/home']) 
skipping: [localhost] => (item=['source', '']) 
skipping: [localhost] => (item=['fstype', '']) 
skipping: [localhost] => (item=['options', 'defaults']) 
skipping: [localhost]

TASK [/stigforge/roles/cs9_stig : Add noexec Option to /home: Make sure noexec option is part of the to /home options] ***
skipping: [localhost]

TASK [/stigforge/roles/cs9_stig : Add noexec Option to /home: Ensure /home is mounted with noexec option] ***
skipping: [localhost]

TASK [/stigforge/roles/cs9_stig : Add nosuid Option to /home: Check information associated to mountpoint] ***
skipping: [localhost]

TASK [/stigforge/roles/cs9_stig : Add nosuid Option to /home: Create mount_info dictionary variable] ***
skipping: [localhost]

TASK [/stigforge/roles/cs9_stig : Add nosuid Option to /home: If /home not mounted, craft mount_info manually] ***
skipping: [localhost] => (item=['target', '/home']) 
skipping: [localhost] => (item=['source', '']) 
skipping: [localhost] => (item=['fstype', '']) 
skipping: [localhost] => (item=['options', 'defaults']) 
skipping: [localhost]

TASK [/stigforge/roles/cs9_stig : Add nosuid Option to /home: Make sure nosuid option is part of the to /home options] ***
skipping: [localhost]

TASK [/stigforge/roles/cs9_stig : Add nosuid Option to /home: Ensure /home is mounted with nosuid option] ***
skipping: [localhost]

TASK [/stigforge/roles/cs9_stig : Add nodev Option to Non-Root Local Partitions: Refresh facts] ***
skipping: [localhost]

TASK [/stigforge/roles/cs9_stig : Add nodev Option to Non-Root Local Partitions: Define excluded (non-local) file systems] ***
skipping: [localhost]

TASK [/stigforge/roles/cs9_stig : Add nodev Option to Non-Root Local Partitions: Ensure non-root local partitions are mounted with nodev option] ***
skipping: [localhost] => (item={'mount': '/stigforge/roles', 'device': '/dev/nvme0n1p2', 'fstype': 'ext4', 'options': 'ro,relatime,bind', 'dump': 0, 'passno': 0, 'size_total': 1005867986944, 'size_available': 490072154112, 'block_size': 4096, 'block_total': 245573239, 'block_available': 119646522, 'block_used': 125926717, 'inode_total': 62447616, 'inode_available': 59713446, 'inode_used': 2734170, 'uuid': 'N/A'}) 
skipping: [localhost] => (item={'mount': '/stigforge/policy', 'device': '/dev/nvme0n1p2', 'fstype': 'ext4', 'options': 'ro,relatime,bind', 'dump': 0, 'passno': 0, 'size_total': 1005867986944, 'size_available': 490072150016, 'block_size': 4096, 'block_total': 245573239, 'block_available': 119646521, 'block_used': 125926718, 'inode_total': 62447616, 'inode_available': 59713444, 'inode_used': 2734172, 'uuid': 'N/A'}) 
skipping: [localhost] => (item={'mount': '/stigforge/generator', 'device': '/dev/nvme0n1p2', 'fstype': 'ext4', 'options': 'ro,relatime,bind', 'dump': 0, 'passno': 0, 'size_total': 1005867986944, 'size_available': 490072141824, 'block_size': 4096, 'block_total': 245573239, 'block_available': 119646519, 'block_used': 125926720, 'inode_total': 62447616, 'inode_available': 59713444, 'inode_used': 2734172, 'uuid': 'N/A'}) 
skipping: [localhost] => (item={'mount': '/stigforge/pyproject.toml', 'device': '/dev/nvme0n1p2', 'fstype': 'ext4', 'options': 'ro,relatime,bind', 'dump': 0, 'passno': 0, 'size_total': 1005867986944, 'size_available': 490072125440, 'block_size': 4096, 'block_total': 245573239, 'block_available': 119646515, 'block_used': 125926724, 'inode_total': 62447616, 'inode_available': 59713444, 'inode_used': 2734172, 'uuid': 'N/A'}) 
skipping: [localhost] => (item={'mount': '/stigforge/artifacts', 'device': '/dev/nvme0n1p2', 'fstype': 'ext4', 'options': 'rw,relatime,bind', 'dump': 0, 'passno': 0, 'size_total': 1005867986944, 'size_available': 490072125440, 'block_size': 4096, 'block_total': 245573239, 'block_available': 119646515, 'block_used': 125926724, 'inode_total': 62447616, 'inode_available': 59713444, 'inode_used': 2734172, 'uuid': 'N/A'}) 
skipping: [localhost] => (item={'mount': '/etc/resolv.conf', 'device': '/dev/nvme0n1p2', 'fstype': 'ext4', 'options': 'rw,relatime,bind', 'dump': 0, 'passno': 0, 'size_total': 1005867986944, 'size_available': 490072076288, 'block_size': 4096, 'block_total': 245573239, 'block_available': 119646503, 'block_used': 125926736, 'inode_total': 62447616, 'inode_available': 59713434, 'inode_used': 2734182, 'uuid': 'N/A'}) 
skipping: [localhost] => (item={'mount': '/etc/hostname', 'device': '/dev/nvme0n1p2', 'fstype': 'ext4', 'options': 'rw,relatime,bind', 'dump': 0, 'passno': 0, 'size_total': 1005867986944, 'size_available': 490072043520, 'block_size': 4096, 'block_total': 245573239, 'block_available': 119646495, 'block_used': 125926744, 'inode_total': 62447616, 'inode_available': 59713427, 'inode_used': 2734189, 'uuid': 'N/A'}) 
skipping: [localhost] => (item={'mount': '/etc/hosts', 'device': '/dev/nvme0n1p2', 'fstype': 'ext4', 'options': 'rw,relatime,bind', 'dump': 0, 'passno': 0, 'size_total': 1005867986944, 'size_available': 490072043520, 'block_size': 4096, 'block_total': 245573239, 'block_available': 119646495, 'block_used': 125926744, 'inode_total': 62447616, 'inode_available': 59713427, 'inode_used': 2734189, 'uuid': 'N/A'}) 
skipping: [localhost]

TASK [/stigforge/roles/cs9_stig : Add nodev Option to Non-Root Local Partitions: Ensure nodev option in /etc/fstab for non-root local partitions] ***
skipping: [localhost]

TASK [/stigforge/roles/cs9_stig : Ensure permission nodev are set on var_removable_partition] ***
skipping: [localhost]

TASK [/stigforge/roles/cs9_stig : Ensure permission noexec are set on var_removable_partition] ***
skipping: [localhost]

TASK [/stigforge/roles/cs9_stig : Ensure permission nosuid are set on var_removable_partition] ***
skipping: [localhost]

TASK [/stigforge/roles/cs9_stig : Add nodev Option to /tmp: Check information associated to mountpoint] ***
skipping: [localhost]

TASK [/stigforge/roles/cs9_stig : Add nodev Option to /tmp: Create mount_info dictionary variable] ***
skipping: [localhost]

TASK [/stigforge/roles/cs9_stig : Add nodev Option to /tmp: If /tmp not mounted, craft mount_info manually] ***
skipping: [localhost] => (item=['target', '/tmp']) 
skipping: [localhost] => (item=['source', '']) 
skipping: [localhost] => (item=['fstype', '']) 
skipping: [localhost] => (item=['options', 'defaults']) 
skipping: [localhost]

TASK [/stigforge/roles/cs9_stig : Add nodev Option to /tmp: Make sure nodev option is part of the to /tmp options] ***
skipping: [localhost]

TASK [/stigforge/roles/cs9_stig : Add nodev Option to /tmp: Ensure /tmp is mounted with nodev option] ***
skipping: [localhost]

TASK [/stigforge/roles/cs9_stig : Add noexec Option to /tmp: Check information associated to mountpoint] ***
skipping: [localhost]

TASK [/stigforge/roles/cs9_stig : Add noexec Option to /tmp: Create mount_info dictionary variable] ***
skipping: [localhost]

TASK [/stigforge/roles/cs9_stig : Add noexec Option to /tmp: If /tmp not mounted, craft mount_info manually] ***
skipping: [localhost] => (item=['target', '/tmp']) 
skipping: [localhost] => (item=['source', '']) 
skipping: [localhost] => (item=['fstype', '']) 
skipping: [localhost] => (item=['options', 'defaults']) 
skipping: [localhost]

TASK [/stigforge/roles/cs9_stig : Add noexec Option to /tmp: Make sure noexec option is part of the to /tmp options] ***
skipping: [localhost]

TASK [/stigforge/roles/cs9_stig : Add noexec Option to /tmp: Ensure /tmp is mounted with noexec option] ***
skipping: [localhost]

TASK [/stigforge/roles/cs9_stig : Add nosuid Option to /tmp: Check information associated to mountpoint] ***
skipping: [localhost]

TASK [/stigforge/roles/cs9_stig : Add nosuid Option to /tmp: Create mount_info dictionary variable] ***
skipping: [localhost]

TASK [/stigforge/roles/cs9_stig : Add nosuid Option to /tmp: If /tmp not mounted, craft mount_info manually] ***
skipping: [localhost] => (item=['target', '/tmp']) 
skipping: [localhost] => (item=['source', '']) 
skipping: [localhost] => (item=['fstype', '']) 
skipping: [localhost] => (item=['options', 'defaults']) 
skipping: [localhost]

TASK [/stigforge/roles/cs9_stig : Add nosuid Option to /tmp: Make sure nosuid option is part of the to /tmp options] ***
skipping: [localhost]

TASK [/stigforge/roles/cs9_stig : Add nosuid Option to /tmp: Ensure /tmp is mounted with nosuid option] ***
skipping: [localhost]

TASK [/stigforge/roles/cs9_stig : Add nodev Option to /var/log/audit: Check information associated to mountpoint] ***
skipping: [localhost]

TASK [/stigforge/roles/cs9_stig : Add nodev Option to /var/log/audit: Create mount_info dictionary variable] ***
skipping: [localhost]

TASK [/stigforge/roles/cs9_stig : Add nodev Option to /var/log/audit: If /var/log/audit not mounted, craft mount_info manually] ***
skipping: [localhost] => (item=['target', '/var/log/audit']) 
skipping: [localhost] => (item=['source', '']) 
skipping: [localhost] => (item=['fstype', '']) 
skipping: [localhost] => (item=['options', 'defaults']) 
skipping: [localhost]

TASK [/stigforge/roles/cs9_stig : Add nodev Option to /var/log/audit: Make sure nodev option is part of the to /var/log/audit options] ***
skipping: [localhost]

TASK [/stigforge/roles/cs9_stig : Add nodev Option to /var/log/audit: Ensure /var/log/audit is mounted with nodev option] ***
skipping: [localhost]

TASK [/stigforge/roles/cs9_stig : Add noexec Option to /var/log/audit: Check information associated to mountpoint] ***
skipping: [localhost]

TASK [/stigforge/roles/cs9_stig : Add noexec Option to /var/log/audit: Create mount_info dictionary variable] ***
skipping: [localhost]

TASK [/stigforge/roles/cs9_stig : Add noexec Option to /var/log/audit: If /var/log/audit not mounted, craft mount_info manually] ***
skipping: [localhost] => (item=['target', '/var/log/audit']) 
skipping: [localhost] => (item=['source', '']) 
skipping: [localhost] => (item=['fstype', '']) 
skipping: [localhost] => (item=['options', 'defaults']) 
skipping: [localhost]

TASK [/stigforge/roles/cs9_stig : Add noexec Option to /var/log/audit: Make sure noexec option is part of the to /var/log/audit options] ***
skipping: [localhost]

TASK [/stigforge/roles/cs9_stig : Add noexec Option to /var/log/audit: Ensure /var/log/audit is mounted with noexec option] ***
skipping: [localhost]

TASK [/stigforge/roles/cs9_stig : Add nosuid Option to /var/log/audit: Check information associated to mountpoint] ***
skipping: [localhost]

TASK [/stigforge/roles/cs9_stig : Add nosuid Option to /var/log/audit: Create mount_info dictionary variable] ***
skipping: [localhost]

TASK [/stigforge/roles/cs9_stig : Add nosuid Option to /var/log/audit: If /var/log/audit not mounted, craft mount_info manually] ***
skipping: [localhost] => (item=['target', '/var/log/audit']) 
skipping: [localhost] => (item=['source', '']) 
skipping: [localhost] => (item=['fstype', '']) 
skipping: [localhost] => (item=['options', 'defaults']) 
skipping: [localhost]

TASK [/stigforge/roles/cs9_stig : Add nosuid Option to /var/log/audit: Make sure nosuid option is part of the to /var/log/audit options] ***
skipping: [localhost]

TASK [/stigforge/roles/cs9_stig : Add nosuid Option to /var/log/audit: Ensure /var/log/audit is mounted with nosuid option] ***
skipping: [localhost]

TASK [/stigforge/roles/cs9_stig : Add nodev Option to /var/log: Check information associated to mountpoint] ***
skipping: [localhost]

TASK [/stigforge/roles/cs9_stig : Add nodev Option to /var/log: Create mount_info dictionary variable] ***
skipping: [localhost]

TASK [/stigforge/roles/cs9_stig : Add nodev Option to /var/log: If /var/log not mounted, craft mount_info manually] ***
skipping: [localhost] => (item=['target', '/var/log']) 
skipping: [localhost] => (item=['source', '']) 
skipping: [localhost] => (item=['fstype', '']) 
skipping: [localhost] => (item=['options', 'defaults']) 
skipping: [localhost]

TASK [/stigforge/roles/cs9_stig : Add nodev Option to /var/log: Make sure nodev option is part of the to /var/log options] ***
skipping: [localhost]

TASK [/stigforge/roles/cs9_stig : Add nodev Option to /var/log: Ensure /var/log is mounted with nodev option] ***
skipping: [localhost]

TASK [/stigforge/roles/cs9_stig : Add noexec Option to /var/log: Check information associated to mountpoint] ***
skipping: [localhost]

TASK [/stigforge/roles/cs9_stig : Add noexec Option to /var/log: Create mount_info dictionary variable] ***
skipping: [localhost]

TASK [/stigforge/roles/cs9_stig : Add noexec Option to /var/log: If /var/log not mounted, craft mount_info manually] ***
skipping: [localhost] => (item=['target', '/var/log']) 
skipping: [localhost] => (item=['source', '']) 
skipping: [localhost] => (item=['fstype', '']) 
skipping: [localhost] => (item=['options', 'defaults']) 
skipping: [localhost]

TASK [/stigforge/roles/cs9_stig : Add noexec Option to /var/log: Make sure noexec option is part of the to /var/log options] ***
skipping: [localhost]

TASK [/stigforge/roles/cs9_stig : Add noexec Option to /var/log: Ensure /var/log is mounted with noexec option] ***
skipping: [localhost]

TASK [/stigforge/roles/cs9_stig : Add nosuid Option to /var/log: Check information associated to mountpoint] ***
skipping: [localhost]

TASK [/stigforge/roles/cs9_stig : Add nosuid Option to /var/log: Create mount_info dictionary variable] ***
skipping: [localhost]

TASK [/stigforge/roles/cs9_stig : Add nosuid Option to /var/log: If /var/log not mounted, craft mount_info manually] ***
skipping: [localhost] => (item=['target', '/var/log']) 
skipping: [localhost] => (item=['source', '']) 
skipping: [localhost] => (item=['fstype', '']) 
skipping: [localhost] => (item=['options', 'defaults']) 
skipping: [localhost]

TASK [/stigforge/roles/cs9_stig : Add nosuid Option to /var/log: Make sure nosuid option is part of the to /var/log options] ***
skipping: [localhost]

TASK [/stigforge/roles/cs9_stig : Add nosuid Option to /var/log: Ensure /var/log is mounted with nosuid option] ***
skipping: [localhost]

TASK [/stigforge/roles/cs9_stig : Add nodev Option to /var: Check information associated to mountpoint] ***
skipping: [localhost]

TASK [/stigforge/roles/cs9_stig : Add nodev Option to /var: Create mount_info dictionary variable] ***
skipping: [localhost]

TASK [/stigforge/roles/cs9_stig : Add nodev Option to /var: If /var not mounted, craft mount_info manually] ***
skipping: [localhost] => (item=['target', '/var']) 
skipping: [localhost] => (item=['source', '']) 
skipping: [localhost] => (item=['fstype', '']) 
skipping: [localhost] => (item=['options', 'defaults']) 
skipping: [localhost]

TASK [/stigforge/roles/cs9_stig : Add nodev Option to /var: Make sure nodev option is part of the to /var options] ***
skipping: [localhost]

TASK [/stigforge/roles/cs9_stig : Add nodev Option to /var: Ensure /var is mounted with nodev option] ***
skipping: [localhost]

TASK [/stigforge/roles/cs9_stig : Add nodev Option to /var/tmp: Check information associated to mountpoint] ***
skipping: [localhost]

TASK [/stigforge/roles/cs9_stig : Add nodev Option to /var/tmp: Create mount_info dictionary variable] ***
skipping: [localhost]

TASK [/stigforge/roles/cs9_stig : Add nodev Option to /var/tmp: If /var/tmp not mounted, craft mount_info manually] ***
skipping: [localhost] => (item=['target', '/var/tmp']) 
skipping: [localhost] => (item=['source', '']) 
skipping: [localhost] => (item=['fstype', '']) 
skipping: [localhost] => (item=['options', 'defaults']) 
skipping: [localhost]

TASK [/stigforge/roles/cs9_stig : Add nodev Option to /var/tmp: Make sure nodev option is part of the to /var/tmp options] ***
skipping: [localhost]

TASK [/stigforge/roles/cs9_stig : Add nodev Option to /var/tmp: Ensure /var/tmp is mounted with nodev option] ***
skipping: [localhost]

TASK [/stigforge/roles/cs9_stig : Add noexec Option to /var/tmp: Check information associated to mountpoint] ***
skipping: [localhost]

TASK [/stigforge/roles/cs9_stig : Add noexec Option to /var/tmp: Create mount_info dictionary variable] ***
skipping: [localhost]

TASK [/stigforge/roles/cs9_stig : Add noexec Option to /var/tmp: If /var/tmp not mounted, craft mount_info manually] ***
skipping: [localhost] => (item=['target', '/var/tmp']) 
skipping: [localhost] => (item=['source', '']) 
skipping: [localhost] => (item=['fstype', '']) 
skipping: [localhost] => (item=['options', 'defaults']) 
skipping: [localhost]

TASK [/stigforge/roles/cs9_stig : Add noexec Option to /var/tmp: Make sure noexec option is part of the to /var/tmp options] ***
skipping: [localhost]

TASK [/stigforge/roles/cs9_stig : Add noexec Option to /var/tmp: Ensure /var/tmp is mounted with noexec option] ***
skipping: [localhost]

TASK [/stigforge/roles/cs9_stig : Add nosuid Option to /var/tmp: Check information associated to mountpoint] ***
skipping: [localhost]

TASK [/stigforge/roles/cs9_stig : Add nosuid Option to /var/tmp: Create mount_info dictionary variable] ***
skipping: [localhost]

TASK [/stigforge/roles/cs9_stig : Add nosuid Option to /var/tmp: If /var/tmp not mounted, craft mount_info manually] ***
skipping: [localhost] => (item=['target', '/var/tmp']) 
skipping: [localhost] => (item=['source', '']) 
skipping: [localhost] => (item=['fstype', '']) 
skipping: [localhost] => (item=['options', 'defaults']) 
skipping: [localhost]

TASK [/stigforge/roles/cs9_stig : Add nosuid Option to /var/tmp: Make sure nosuid option is part of the to /var/tmp options] ***
skipping: [localhost]

TASK [/stigforge/roles/cs9_stig : Add nosuid Option to /var/tmp: Ensure /var/tmp is mounted with nosuid option] ***
skipping: [localhost]

TASK [/stigforge/roles/cs9_stig : Disable storing core dumps - Set fact for sysctl paths] ***
skipping: [localhost]

TASK [/stigforge/roles/cs9_stig : Disable storing core dumps - Find all files that contain kernel.core_pattern] ***
skipping: [localhost]

TASK [/stigforge/roles/cs9_stig : Disable storing core dumps - Find all files that set kernel.core_pattern to correct value] ***
skipping: [localhost]

TASK [/stigforge/roles/cs9_stig : Disable storing core dumps - Comment out any occurrences of kernel.core_pattern from config files] ***
skipping: [localhost]

TASK [/stigforge/roles/cs9_stig : Disable storing core dumps - Comment out any occurrences of kernel.core_pattern from /etc/sysctl.conf] ***
skipping: [localhost]

TASK [/stigforge/roles/cs9_stig : Disable storing core dumps - Ensure sysctl kernel.core_pattern is set to |/bin/false] ***
skipping: [localhost]

TASK [/stigforge/roles/cs9_stig : Restrict Access to Kernel Message Buffer - Set fact for sysctl paths] ***
skipping: [localhost]

TASK [/stigforge/roles/cs9_stig : Restrict Access to Kernel Message Buffer - Find all files that contain kernel.dmesg_restrict] ***
skipping: [localhost]

TASK [/stigforge/roles/cs9_stig : Restrict Access to Kernel Message Buffer - Find all files that set kernel.dmesg_restrict to correct value] ***
skipping: [localhost]

TASK [/stigforge/roles/cs9_stig : Restrict Access to Kernel Message Buffer - Comment out any occurrences of kernel.dmesg_restrict from config files] ***
skipping: [localhost]

TASK [/stigforge/roles/cs9_stig : Restrict Access to Kernel Message Buffer - Comment out any occurrences of kernel.dmesg_restrict from /etc/sysctl.conf] ***
skipping: [localhost]

TASK [/stigforge/roles/cs9_stig : Restrict Access to Kernel Message Buffer - Ensure sysctl kernel.dmesg_restrict is set to 1] ***
skipping: [localhost]

TASK [/stigforge/roles/cs9_stig : Disable Kernel Image Loading - Set fact for sysctl paths] ***
skipping: [localhost]

TASK [/stigforge/roles/cs9_stig : Disable Kernel Image Loading - Find all files that contain kernel.kexec_load_disabled] ***
skipping: [localhost]

TASK [/stigforge/roles/cs9_stig : Disable Kernel Image Loading - Find all files that set kernel.kexec_load_disabled to correct value] ***
skipping: [localhost]

TASK [/stigforge/roles/cs9_stig : Disable Kernel Image Loading - Comment out any occurrences of kernel.kexec_load_disabled from config files] ***
skipping: [localhost]

TASK [/stigforge/roles/cs9_stig : Disable Kernel Image Loading - Comment out any occurrences of kernel.kexec_load_disabled from /etc/sysctl.conf] ***
skipping: [localhost]

TASK [/stigforge/roles/cs9_stig : Disable Kernel Image Loading - Ensure sysctl kernel.kexec_load_disabled is set to 1] ***
skipping: [localhost]

TASK [/stigforge/roles/cs9_stig : Disallow kernel profiling by unprivileged users - Set fact for sysctl paths] ***
skipping: [localhost]

TASK [/stigforge/roles/cs9_stig : Disallow kernel profiling by unprivileged users - Find all files that contain kernel.perf_event_paranoid] ***
skipping: [localhost]

TASK [/stigforge/roles/cs9_stig : Disallow kernel profiling by unprivileged users - Find all files that set kernel.perf_event_paranoid to correct value] ***
skipping: [localhost]

TASK [/stigforge/roles/cs9_stig : Disallow kernel profiling by unprivileged users - Comment out any occurrences of kernel.perf_event_paranoid from config files] ***
skipping: [localhost]

TASK [/stigforge/roles/cs9_stig : Disallow kernel profiling by unprivileged users - Comment out any occurrences of kernel.perf_event_paranoid from /etc/sysctl.conf] ***
skipping: [localhost]

TASK [/stigforge/roles/cs9_stig : Disallow kernel profiling by unprivileged users - Ensure sysctl kernel.perf_event_paranoid is set to 2] ***
skipping: [localhost]

TASK [/stigforge/roles/cs9_stig : Disable Access to Network bpf() Syscall From Unprivileged Processes - Set fact for sysctl paths] ***
skipping: [localhost]

TASK [/stigforge/roles/cs9_stig : Disable Access to Network bpf() Syscall From Unprivileged Processes - Find all files that contain kernel.unprivileged_bpf_disabled] ***
skipping: [localhost]

TASK [/stigforge/roles/cs9_stig : Disable Access to Network bpf() Syscall From Unprivileged Processes - Find all files that set kernel.unprivileged_bpf_disabled to correct value] ***
skipping: [localhost]

TASK [/stigforge/roles/cs9_stig : Disable Access to Network bpf() Syscall From Unprivileged Processes - Comment out any occurrences of kernel.unprivileged_bpf_disabled from config files] ***
skipping: [localhost]

TASK [/stigforge/roles/cs9_stig : Disable Access to Network bpf() Syscall From Unprivileged Processes - Comment out any occurrences of kernel.unprivileged_bpf_disabled from /etc/sysctl.conf] ***
skipping: [localhost]

TASK [/stigforge/roles/cs9_stig : Disable Access to Network bpf() Syscall From Unprivileged Processes - Ensure sysctl kernel.unprivileged_bpf_disabled is set to 1] ***
skipping: [localhost]

TASK [/stigforge/roles/cs9_stig : Restrict usage of ptrace to descendant processes - Set fact for sysctl paths] ***
skipping: [localhost]

TASK [/stigforge/roles/cs9_stig : Restrict usage of ptrace to descendant processes - Find all files that contain kernel.yama.ptrace_scope] ***
skipping: [localhost]

TASK [/stigforge/roles/cs9_stig : Restrict usage of ptrace to descendant processes - Find all files that set kernel.yama.ptrace_scope to correct value] ***
skipping: [localhost]

TASK [/stigforge/roles/cs9_stig : Restrict usage of ptrace to descendant processes - Comment out any occurrences of kernel.yama.ptrace_scope from config files] ***
skipping: [localhost]

TASK [/stigforge/roles/cs9_stig : Restrict usage of ptrace to descendant processes - Comment out any occurrences of kernel.yama.ptrace_scope from /etc/sysctl.conf] ***
skipping: [localhost]

TASK [/stigforge/roles/cs9_stig : Restrict usage of ptrace to descendant processes - Ensure sysctl kernel.yama.ptrace_scope is set to 1] ***
skipping: [localhost]

TASK [/stigforge/roles/cs9_stig : Harden the operation of the BPF just-in-time compiler - Set fact for sysctl paths] ***
skipping: [localhost]

TASK [/stigforge/roles/cs9_stig : Harden the operation of the BPF just-in-time compiler - Find all files that contain net.core.bpf_jit_harden] ***
skipping: [localhost]

TASK [/stigforge/roles/cs9_stig : Harden the operation of the BPF just-in-time compiler - Find all files that set net.core.bpf_jit_harden to correct value] ***
skipping: [localhost]

TASK [/stigforge/roles/cs9_stig : Harden the operation of the BPF just-in-time compiler - Comment out any occurrences of net.core.bpf_jit_harden from config files] ***
skipping: [localhost]

TASK [/stigforge/roles/cs9_stig : Harden the operation of the BPF just-in-time compiler - Comment out any occurrences of net.core.bpf_jit_harden from /etc/sysctl.conf] ***
skipping: [localhost]

TASK [/stigforge/roles/cs9_stig : Harden the operation of the BPF just-in-time compiler - Ensure sysctl net.core.bpf_jit_harden is set to 2] ***
skipping: [localhost]

TASK [/stigforge/roles/cs9_stig : Disable acquiring, saving, and processing core dumps - Collect systemd Socket Units Present in the System] ***
skipping: [localhost]

TASK [/stigforge/roles/cs9_stig : Disable acquiring, saving, and processing core dumps - Ensure systemd-coredump.socket is Masked] ***
skipping: [localhost]

TASK [/stigforge/roles/cs9_stig : Disable core dump backtraces - Search for a section in files] ***
skipping: [localhost] => (item={'path': '/etc/systemd', 'pattern': 'coredump\\.conf'}) 
skipping: [localhost] => (item={'path': '/etc/systemd/coredump.conf.d', 'pattern': '.*\\.conf'}) 
skipping: [localhost]

TASK [/stigforge/roles/cs9_stig : Disable core dump backtraces - Count number of files which contain the correct section] ***
skipping: [localhost]

TASK [/stigforge/roles/cs9_stig : Disable core dump backtraces - Add missing configuration to correct section] ***
skipping: [localhost]

TASK [/stigforge/roles/cs9_stig : Disable core dump backtraces - Add configuration to new remediation file] ***
skipping: [localhost]

TASK [/stigforge/roles/cs9_stig : Disable storing core dump - Search for a section in files] ***
skipping: [localhost] => (item={'path': '/etc/systemd', 'pattern': 'coredump\\.conf'}) 
skipping: [localhost] => (item={'path': '/etc/systemd/coredump.conf.d', 'pattern': '.*\\.conf'}) 
skipping: [localhost]

TASK [/stigforge/roles/cs9_stig : Disable storing core dump - Count number of files which contain the correct section] ***
skipping: [localhost]

TASK [/stigforge/roles/cs9_stig : Disable storing core dump - Add missing configuration to correct section] ***
skipping: [localhost]

TASK [/stigforge/roles/cs9_stig : Disable storing core dump - Add configuration to new remediation file] ***
skipping: [localhost]

TASK [/stigforge/roles/cs9_stig : Disable Core Dumps for All Users - Set dirs, files and regex variables] ***
skipping: [localhost]

TASK [/stigforge/roles/cs9_stig : Disable Core Dumps for All Users - Find valid drop-ins for core limit] ***
skipping: [localhost]

TASK [/stigforge/roles/cs9_stig : Disable Core Dumps for All Users - Find all drop-ins with any core limit] ***
skipping: [localhost]

TASK [/stigforge/roles/cs9_stig : Disable Core Dumps for All Users - Get invalid drop-ins] ***
skipping: [localhost]

TASK [/stigforge/roles/cs9_stig : Disable Core Dumps for All Users - Comment invalid * hard core lines in drop-ins] ***
skipping: [localhost]

TASK [/stigforge/roles/cs9_stig : Disable Core Dumps for All Users - Check if main limits.conf contains correct core limit] ***
skipping: [localhost]

TASK [/stigforge/roles/cs9_stig : Disable Core Dumps for All Users - Set fact if configuration is valid] ***
skipping: [localhost]

TASK [/stigforge/roles/cs9_stig : Disable Core Dumps for All Users - Ensure drop-in directory exists] ***
skipping: [localhost]

TASK [/stigforge/roles/cs9_stig : Disable Core Dumps for All Users - Deploy 10-ssg-hardening.conf drop-in with correct core limit] ***
skipping: [localhost]

TASK [/stigforge/roles/cs9_stig : Check if noexec argument is already present in /etc/default/grub] ***
skipping: [localhost]

TASK [/stigforge/roles/cs9_stig : Check if noexec argument is present] *********
skipping: [localhost]

TASK [/stigforge/roles/cs9_stig : Update grub defaults and the bootloader menu] ***
skipping: [localhost]

TASK [/stigforge/roles/cs9_stig : Restrict Exposed Kernel Pointer Addresses Access - Set fact for sysctl paths] ***
skipping: [localhost]

TASK [/stigforge/roles/cs9_stig : Restrict Exposed Kernel Pointer Addresses Access - Find all files that contain kernel.kptr_restrict] ***
skipping: [localhost]

TASK [/stigforge/roles/cs9_stig : Restrict Exposed Kernel Pointer Addresses Access - Find all files that set kernel.kptr_restrict to correct value] ***
skipping: [localhost]

TASK [/stigforge/roles/cs9_stig : Restrict Exposed Kernel Pointer Addresses Access - Comment out any occurrences of kernel.kptr_restrict from config files] ***
skipping: [localhost]

TASK [/stigforge/roles/cs9_stig : Restrict Exposed Kernel Pointer Addresses Access - Comment out any occurrences of kernel.kptr_restrict from /etc/sysctl.conf] ***
skipping: [localhost]

TASK [/stigforge/roles/cs9_stig : Restrict Exposed Kernel Pointer Addresses Access - Ensure sysctl kernel.kptr_restrict is set] ***
skipping: [localhost]

TASK [/stigforge/roles/cs9_stig : Enable Randomized Layout of Virtual Address Space - Set fact for sysctl paths] ***
skipping: [localhost]

TASK [/stigforge/roles/cs9_stig : Enable Randomized Layout of Virtual Address Space - Find all files that contain kernel.randomize_va_space] ***
skipping: [localhost]

TASK [/stigforge/roles/cs9_stig : Enable Randomized Layout of Virtual Address Space - Find all files that set kernel.randomize_va_space to correct value] ***
skipping: [localhost]

TASK [/stigforge/roles/cs9_stig : Enable Randomized Layout of Virtual Address Space - Comment out any occurrences of kernel.randomize_va_space from config files] ***
skipping: [localhost]

TASK [/stigforge/roles/cs9_stig : Enable Randomized Layout of Virtual Address Space - Comment out any occurrences of kernel.randomize_va_space from /etc/sysctl.conf] ***
skipping: [localhost]

TASK [/stigforge/roles/cs9_stig : Enable Randomized Layout of Virtual Address Space - Ensure sysctl kernel.randomize_va_space is set to 2] ***
skipping: [localhost]

TASK [/stigforge/roles/cs9_stig : Check if page_poison argument is already present in /etc/default/grub] ***
skipping: [localhost]

TASK [/stigforge/roles/cs9_stig : Check if page_poison argument is already present] ***
skipping: [localhost]

TASK [/stigforge/roles/cs9_stig : Update grub defaults and the bootloader menu] ***
skipping: [localhost]

TASK [/stigforge/roles/cs9_stig : Check for duplicate values] ******************
skipping: [localhost]

TASK [/stigforge/roles/cs9_stig : Deduplicate values from /etc/selinux/config] ***
skipping: [localhost]

TASK [/stigforge/roles/cs9_stig : Insert correct line to /etc/selinux/config] ***
skipping: [localhost]

TASK [/stigforge/roles/cs9_stig : Ensure SELinux State is Enforcing - Check current SELinux state] ***
skipping: [localhost]

TASK [/stigforge/roles/cs9_stig : Check for duplicate values] ******************
skipping: [localhost]

TASK [/stigforge/roles/cs9_stig : Deduplicate values from /etc/selinux/config] ***
skipping: [localhost]

TASK [/stigforge/roles/cs9_stig : Insert correct line to /etc/selinux/config] ***
skipping: [localhost]

TASK [/stigforge/roles/cs9_stig : Ensure SELinux State is Enforcing - Mark system to relabel SELinux on next boot] ***
skipping: [localhost]

TASK [/stigforge/roles/cs9_stig : Set the file_groupowner_cron_d_newgroup variable if represented by gid] ***
skipping: [localhost]

TASK [/stigforge/roles/cs9_stig : Ensure group owner on /etc/cron.d/] **********
skipping: [localhost]

TASK [/stigforge/roles/cs9_stig : Set the file_groupowner_cron_daily_newgroup variable if represented by gid] ***
skipping: [localhost]

TASK [/stigforge/roles/cs9_stig : Ensure group owner on /etc/cron.daily/] ******
skipping: [localhost]

TASK [/stigforge/roles/cs9_stig : Set the file_groupowner_cron_deny_newgroup variable if represented by gid] ***
skipping: [localhost]

TASK [/stigforge/roles/cs9_stig : Test for existence /etc/cron.deny] ***********
skipping: [localhost]

TASK [/stigforge/roles/cs9_stig : Ensure group owner on /etc/cron.deny] ********
skipping: [localhost]

TASK [/stigforge/roles/cs9_stig : Set the file_groupowner_cron_hourly_newgroup variable if represented by gid] ***
skipping: [localhost]

TASK [/stigforge/roles/cs9_stig : Ensure group owner on /etc/cron.hourly/] *****
skipping: [localhost]

TASK [/stigforge/roles/cs9_stig : Set the file_groupowner_cron_monthly_newgroup variable if represented by gid] ***
skipping: [localhost]

TASK [/stigforge/roles/cs9_stig : Ensure group owner on /etc/cron.monthly/] ****
skipping: [localhost]

TASK [/stigforge/roles/cs9_stig : Set the file_groupowner_cron_weekly_newgroup variable if represented by gid] ***
skipping: [localhost]

TASK [/stigforge/roles/cs9_stig : Ensure group owner on /etc/cron.weekly/] *****
skipping: [localhost]

TASK [/stigforge/roles/cs9_stig : Set the file_groupowner_crontab_newgroup variable if represented by gid] ***
skipping: [localhost]

TASK [/stigforge/roles/cs9_stig : Test for existence /etc/crontab] *************
skipping: [localhost]

TASK [/stigforge/roles/cs9_stig : Ensure group owner on /etc/crontab] **********
skipping: [localhost]

TASK [/stigforge/roles/cs9_stig : Set the file_owner_cron_d_newown variable if represented by uid] ***
skipping: [localhost]

TASK [/stigforge/roles/cs9_stig : Ensure owner on directory /etc/cron.d/] ******
skipping: [localhost]

TASK [/stigforge/roles/cs9_stig : Set the file_owner_cron_daily_newown variable if represented by uid] ***
skipping: [localhost]

TASK [/stigforge/roles/cs9_stig : Ensure owner on directory /etc/cron.daily/] ***
skipping: [localhost]

TASK [/stigforge/roles/cs9_stig : Set the file_owner_cron_deny_newown variable if represented by uid] ***
skipping: [localhost]

TASK [/stigforge/roles/cs9_stig : Test for existence /etc/cron.deny] ***********
skipping: [localhost]

TASK [/stigforge/roles/cs9_stig : Ensure owner on /etc/cron.deny] **************
skipping: [localhost]

TASK [/stigforge/roles/cs9_stig : Set the file_owner_cron_hourly_newown variable if represented by uid] ***
skipping: [localhost]

TASK [/stigforge/roles/cs9_stig : Ensure owner on directory /etc/cron.hourly/] ***
skipping: [localhost]

TASK [/stigforge/roles/cs9_stig : Set the file_owner_cron_monthly_newown variable if represented by uid] ***
skipping: [localhost]

TASK [/stigforge/roles/cs9_stig : Ensure owner on directory /etc/cron.monthly/] ***
skipping: [localhost]

TASK [/stigforge/roles/cs9_stig : Set the file_owner_cron_weekly_newown variable if represented by uid] ***
skipping: [localhost]

TASK [/stigforge/roles/cs9_stig : Ensure owner on directory /etc/cron.weekly/] ***
skipping: [localhost]

TASK [/stigforge/roles/cs9_stig : Set the file_owner_crontab_newown variable if represented by uid] ***
skipping: [localhost]

TASK [/stigforge/roles/cs9_stig : Test for existence /etc/crontab] *************
skipping: [localhost]

TASK [/stigforge/roles/cs9_stig : Ensure owner on /etc/crontab] ****************
skipping: [localhost]

TASK [/stigforge/roles/cs9_stig : Verify Permissions on Cron Configuration Files Are Not Modified - Restore ownership of cronie files] ***
skipping: [localhost]

TASK [/stigforge/roles/cs9_stig : Verify Permissions on Cron Configuration Files Are Not Modified - Restore permissions of cronie files] ***
skipping: [localhost]

TASK [/stigforge/roles/cs9_stig : Verify Permissions on Cron Configuration Files Are Not Modified - Restore ownership of crontabs files] ***
skipping: [localhost]

TASK [/stigforge/roles/cs9_stig : Verify Permissions on Cron Configuration Files Are Not Modified - Restore permissions of crontabs files] ***
skipping: [localhost]

TASK [/stigforge/roles/cs9_stig : Configure Fapolicy Module to Employ a Deny-all, Permit-by-exception Policy to Allow the Execution of Authorized Software Programs. - Ensure a Final Rule Denying Everything] ***
skipping: [localhost]

TASK [/stigforge/roles/cs9_stig : Configure Fapolicy Module to Employ a Deny-all, Permit-by-exception Policy to Allow the Execution of Authorized Software Programs. - Ensure fapolicyd is Not Permissive] ***
skipping: [localhost]

TASK [/stigforge/roles/cs9_stig : Configure Fapolicy Module to Employ a Deny-all, Permit-by-exception Policy to Allow the Execution of Authorized Software Programs. - Restart fapolicyd If Permissive Mode or Final Rule is Changed] ***
skipping: [localhost]

TASK [/stigforge/roles/cs9_stig : Configure System to Forward All Mail For The Root Account - Make sure that "/etc/aliases" has a defined value for root] ***
skipping: [localhost]

TASK [/stigforge/roles/cs9_stig : Configure System to Forward All Mail For The Root Account - Check if newaliases command is available] ***
skipping: [localhost]

TASK [/stigforge/roles/cs9_stig : Configure System to Forward All Mail For The Root Account - Update postfix aliases] ***
skipping: [localhost]

TASK [/stigforge/roles/cs9_stig : Check for duplicate values] ******************
skipping: [localhost]

TASK [/stigforge/roles/cs9_stig : Deduplicate values from /etc/aliases] ********
skipping: [localhost]

TASK [/stigforge/roles/cs9_stig : Insert correct line to /etc/aliases] *********
skipping: [localhost]

TASK [/stigforge/roles/cs9_stig : Configure System to Forward All Mail From Postmaster to The Root Account - Check if newaliases command is available] ***
skipping: [localhost]

TASK [/stigforge/roles/cs9_stig : Configure System to Forward All Mail From Postmaster to The Root Account - Update postfix aliases] ***
skipping: [localhost]

TASK [/stigforge/roles/cs9_stig : Check for duplicate values] ******************
skipping: [localhost]

TASK [/stigforge/roles/cs9_stig : Deduplicate values from /etc/postfix/main.cf] ***
skipping: [localhost]

TASK [/stigforge/roles/cs9_stig : Insert correct line to /etc/postfix/main.cf] ***
skipping: [localhost]

TASK [/stigforge/roles/cs9_stig : Get nfs and nfs4 mount points, that don't have nodev] ***
skipping: [localhost]

TASK [/stigforge/roles/cs9_stig : Add nodev to nfs and nfs4 mount points] ******
skipping: [localhost]

TASK [/stigforge/roles/cs9_stig : Get nfs and nfs4 mount points, that don't have noexec] ***
skipping: [localhost]

TASK [/stigforge/roles/cs9_stig : Add noexec to nfs and nfs4 mount points] *****
skipping: [localhost]

TASK [/stigforge/roles/cs9_stig : Get nfs and nfs4 mount points, that don't have nosuid] ***
skipping: [localhost]

TASK [/stigforge/roles/cs9_stig : Add nosuid to nfs and nfs4 mount points] *****
skipping: [localhost]

TASK [/stigforge/roles/cs9_stig : Check if chrony main config has active server/pool entries] ***
skipping: [localhost]

TASK [/stigforge/roles/cs9_stig : Extract sourcedir paths from chrony configuration] ***
skipping: [localhost]

TASK [/stigforge/roles/cs9_stig : Check for server/pool entries in sourcedir .sources files] ***
skipping: [localhost]

TASK [/stigforge/roles/cs9_stig : Extract confdir paths from chrony configuration] ***
skipping: [localhost]

TASK [/stigforge/roles/cs9_stig : Check for server/pool entries in confdir .conf files] ***
skipping: [localhost]

TASK [/stigforge/roles/cs9_stig : Create sourcedir directory if needed] ********
skipping: [localhost]

TASK [/stigforge/roles/cs9_stig : Add remote time servers to sourcedir .sources file] ***
skipping: [localhost] => (item=0.us.pool.ntp.mil) 
skipping: [localhost]

TASK [/stigforge/roles/cs9_stig : Create confdir directory if needed] **********
skipping: [localhost]

TASK [/stigforge/roles/cs9_stig : Add remote time servers to confdir .conf file] ***
skipping: [localhost] => (item=0.us.pool.ntp.mil) 
skipping: [localhost]

TASK [/stigforge/roles/cs9_stig : Add remote time servers to main chrony configuration] ***
skipping: [localhost] => (item=0.us.pool.ntp.mil) 
skipping: [localhost]

TASK [/stigforge/roles/cs9_stig : Check for duplicate values] ******************
skipping: [localhost]

TASK [/stigforge/roles/cs9_stig : Deduplicate values from /etc/chrony.conf] ****
skipping: [localhost]

TASK [/stigforge/roles/cs9_stig : Insert correct line to /etc/chrony.conf] *****
skipping: [localhost]

TASK [/stigforge/roles/cs9_stig : Configure chrony-wait.service to use Unix socket - Check if chrony-wait.service exists] ***
skipping: [localhost]

TASK [/stigforge/roles/cs9_stig : Configure chrony-wait.service to use Unix socket - Replace chrony-wait.service to use Unix socket (KCS 7064388)] ***
skipping: [localhost]

TASK [/stigforge/roles/cs9_stig : Configure chrony-wait.service to use Unix socket - Reload systemd daemon and enable chrony-wait.service] ***
skipping: [localhost]

TASK [/stigforge/roles/cs9_stig : Check for duplicate values] ******************
skipping: [localhost]

TASK [/stigforge/roles/cs9_stig : Deduplicate values from /etc/chrony.conf] ****
skipping: [localhost]

TASK [/stigforge/roles/cs9_stig : Insert correct line to /etc/chrony.conf] *****
skipping: [localhost]

TASK [/stigforge/roles/cs9_stig : Configure Time Service Maxpoll Interval - Check That /etc/ntp.conf Exist] ***
skipping: [localhost]

TASK [/stigforge/roles/cs9_stig : Configure Time Service Maxpoll Interval - Update the maxpoll Values in /etc/ntp.conf] ***
skipping: [localhost]

TASK [/stigforge/roles/cs9_stig : Configure Time Service Maxpoll Interval - Set the maxpoll Values in /etc/ntp.conf] ***
skipping: [localhost]

TASK [/stigforge/roles/cs9_stig : Configure Time Service Maxpoll Interval - Check That /etc/chrony.conf Exist] ***
skipping: [localhost]

TASK [/stigforge/roles/cs9_stig : Configure Time Service Maxpoll Interval - Update the maxpoll Values in /etc/chrony.conf] ***
skipping: [localhost]

TASK [/stigforge/roles/cs9_stig : Configure Time Service Maxpoll Interval - Set the maxpoll Values in /etc/chrony.conf] ***
skipping: [localhost]

TASK [/stigforge/roles/cs9_stig : Configure Time Service Maxpoll Interval - Check That /etc/chrony.d/ Exist] ***
skipping: [localhost]

TASK [/stigforge/roles/cs9_stig : Configure Time Service Maxpoll Interval - Get Conf Files from /etc/chrony.d/] ***
skipping: [localhost]

TASK [/stigforge/roles/cs9_stig : Configure Time Service Maxpoll Interval - Update the maxpoll Values in /etc/chrony.d/] ***
skipping: [localhost]

TASK [/stigforge/roles/cs9_stig : Configure Time Service Maxpoll Interval - Set the maxpoll Values in /etc/chrony.d/] ***
skipping: [localhost]

TASK [/stigforge/roles/cs9_stig : Remove Host-Based Authentication Files - Define Excluded (Non-Local) File Systems and Paths] ***
ok: [localhost]

TASK [/stigforge/roles/cs9_stig : Remove Host-Based Authentication Files - Find Relevant Root Directories Ignoring Pre-Defined Excluded Paths] ***
ok: [localhost]

TASK [/stigforge/roles/cs9_stig : Remove Host-Based Authentication Files - Include Relevant Root Directories in a List of Paths to be Searched] ***
ok: [localhost] => (item={'path': '/opt', 'mode': '0755', 'isdir': True, 'ischr': False, 'isblk': False, 'isreg': False, 'isfifo': False, 'islnk': False, 'issock': False, 'uid': 0, 'gid': 0, 'size': 4096, 'inode': 19272672, 'dev': 93, 'nlink': 2, 'atime': 1788943485.607179, 'mtime': 1719325384.0, 'ctime': 1788943485.5985312, 'gr_name': 'root', 'pw_name': 'root', 'wusr': True, 'rusr': True, 'xusr': True, 'wgrp': False, 'rgrp': True, 'xgrp': True, 'woth': False, 'roth': True, 'xoth': True, 'isuid': False, 'isgid': False})
ok: [localhost] => (item={'path': '/boot', 'mode': '0555', 'isdir': True, 'ischr': False, 'isblk': False, 'isreg': False, 'isfifo': False, 'islnk': False, 'issock': False, 'uid': 0, 'gid': 0, 'size': 4096, 'inode': 19272671, 'dev': 93, 'nlink': 2, 'atime': 1788943485.6051788, 'mtime': 1719325384.0, 'ctime': 1788943485.5985312, 'gr_name': 'root', 'pw_name': 'root', 'wusr': False, 'rusr': True, 'xusr': True, 'wgrp': False, 'rgrp': True, 'xgrp': True, 'woth': False, 'roth': True, 'xoth': True, 'isuid': False, 'isgid': False})
ok: [localhost] => (item={'path': '/usr', 'mode': '0755', 'isdir': True, 'ischr': False, 'isblk': False, 'isreg': False, 'isfifo': False, 'islnk': False, 'issock': False, 'uid': 0, 'gid': 0, 'size': 4096, 'inode': 20977078, 'dev': 93, 'nlink': 1, 'atime': 1789217504.2565494, 'mtime': 1788840482.0, 'ctime': 1789218105.555154, 'gr_name': 'root', 'pw_name': 'root', 'wusr': True, 'rusr': True, 'xusr': True, 'wgrp': False, 'rgrp': True, 'xgrp': True, 'woth': False, 'roth': True, 'xoth': True, 'isuid': False, 'isgid': False})
ok: [localhost] => (item={'path': '/tmp', 'mode': '1777', 'isdir': True, 'ischr': False, 'isblk': False, 'isreg': False, 'isfifo': False, 'islnk': False, 'issock': False, 'uid': 0, 'gid': 0, 'size': 4096, 'inode': 19305054, 'dev': 93, 'nlink': 1, 'atime': 1789218115.7934906, 'mtime': 1789218115.7923224, 'ctime': 1789218115.7923224, 'gr_name': 'root', 'pw_name': 'root', 'wusr': True, 'rusr': True, 'xusr': True, 'wgrp': True, 'rgrp': True, 'xgrp': True, 'woth': True, 'roth': True, 'xoth': True, 'isuid': False, 'isgid': False})
ok: [localhost] => (item={'path': '/root', 'mode': '0550', 'isdir': True, 'ischr': False, 'isblk': False, 'isreg': False, 'isfifo': False, 'islnk': False, 'issock': False, 'uid': 0, 'gid': 0, 'size': 4096, 'inode': 20977046, 'dev': 93, 'nlink': 1, 'atime': 1789218084.192849, 'mtime': 1789218069.4916391, 'ctime': 1789218069.4916391, 'gr_name': 'root', 'pw_name': 'root', 'wusr': False, 'rusr': True, 'xusr': True, 'wgrp': False, 'rgrp': True, 'xgrp': True, 'woth': False, 'roth': False, 'xoth': False, 'isuid': False, 'isgid': False})
ok: [localhost] => (item={'path': '/home', 'mode': '0755', 'isdir': True, 'ischr': False, 'isblk': False, 'isreg': False, 'isfifo': False, 'islnk': False, 'issock': False, 'uid': 0, 'gid': 0, 'size': 4096, 'inode': 19281233, 'dev': 93, 'nlink': 2, 'atime': 1788943485.607179, 'mtime': 1719325384.0, 'ctime': 1788943485.5985312, 'gr_name': 'root', 'pw_name': 'root', 'wusr': True, 'rusr': True, 'xusr': True, 'wgrp': False, 'rgrp': True, 'xgrp': True, 'woth': False, 'roth': True, 'xoth': True, 'isuid': False, 'isgid': False})
ok: [localhost] => (item={'path': '/mnt', 'mode': '0755', 'isdir': True, 'ischr': False, 'isblk': False, 'isreg': False, 'isfifo': False, 'islnk': False, 'issock': False, 'uid': 0, 'gid': 0, 'size': 4096, 'inode': 19305053, 'dev': 93, 'nlink': 2, 'atime': 1788943485.607179, 'mtime': 1719325384.0, 'ctime': 1788943485.604179, 'gr_name': 'root', 'pw_name': 'root', 'wusr': True, 'rusr': True, 'xusr': True, 'wgrp': False, 'rgrp': True, 'xgrp': True, 'woth': False, 'roth': True, 'xoth': True, 'isuid': False, 'isgid': False})
ok: [localhost] => (item={'path': '/var', 'mode': '0755', 'isdir': True, 'ischr': False, 'isblk': False, 'isreg': False, 'isfifo': False, 'islnk': False, 'issock': False, 'uid': 0, 'gid': 0, 'size': 4096, 'inode': 19423679, 'dev': 93, 'nlink': 1, 'atime': 1789218093.2859788, 'mtime': 1788840484.0, 'ctime': 1789218035.0691473, 'gr_name': 'root', 'pw_name': 'root', 'wusr': True, 'rusr': True, 'xusr': True, 'wgrp': False, 'rgrp': True, 'xgrp': True, 'woth': False, 'roth': True, 'xoth': True, 'isuid': False, 'isgid': False})
ok: [localhost] => (item={'path': '/afs', 'mode': '0555', 'isdir': True, 'ischr': False, 'isblk': False, 'isreg': False, 'isfifo': False, 'islnk': False, 'issock': False, 'uid': 0, 'gid': 0, 'size': 4096, 'inode': 19281217, 'dev': 93, 'nlink': 2, 'atime': 1788943485.6051788, 'mtime': 1719325384.0, 'ctime': 1788943485.5985312, 'gr_name': 'root', 'pw_name': 'root', 'wusr': False, 'rusr': True, 'xusr': True, 'wgrp': False, 'rgrp': True, 'xgrp': True, 'woth': False, 'roth': True, 'xoth': True, 'isuid': False, 'isgid': False})
ok: [localhost] => (item={'path': '/srv', 'mode': '0755', 'isdir': True, 'ischr': False, 'isblk': False, 'isreg': False, 'isfifo': False, 'islnk': False, 'issock': False, 'uid': 0, 'gid': 0, 'size': 4096, 'inode': 19272673, 'dev': 93, 'nlink': 2, 'atime': 1788943485.607179, 'mtime': 1719325384.0, 'ctime': 1788943485.5985312, 'gr_name': 'root', 'pw_name': 'root', 'wusr': True, 'rusr': True, 'xusr': True, 'wgrp': False, 'rgrp': True, 'xgrp': True, 'woth': False, 'roth': True, 'xoth': True, 'isuid': False, 'isgid': False})
ok: [localhost] => (item={'path': '/etc', 'mode': '0755', 'isdir': True, 'ischr': False, 'isblk': False, 'isreg': False, 'isfifo': False, 'islnk': False, 'issock': False, 'uid': 0, 'gid': 0, 'size': 4096, 'inode': 20977103, 'dev': 93, 'nlink': 1, 'atime': 1789218091.3709517, 'mtime': 1789218085.4257843, 'ctime': 1789218085.4257843, 'gr_name': 'root', 'pw_name': 'root', 'wusr': True, 'rusr': True, 'xusr': True, 'wgrp': False, 'rgrp': True, 'xgrp': True, 'woth': False, 'roth': True, 'xoth': True, 'isuid': False, 'isgid': False})
ok: [localhost] => (item={'path': '/media', 'mode': '0755', 'isdir': True, 'ischr': False, 'isblk': False, 'isreg': False, 'isfifo': False, 'islnk': False, 'issock': False, 'uid': 0, 'gid': 0, 'size': 4096, 'inode': 19305052, 'dev': 93, 'nlink': 2, 'atime': 1788943485.607179, 'mtime': 1719325384.0, 'ctime': 1788943485.604179, 'gr_name': 'root', 'pw_name': 'root', 'wusr': True, 'rusr': True, 'xusr': True, 'wgrp': False, 'rgrp': True, 'xgrp': True, 'woth': False, 'roth': True, 'xoth': True, 'isuid': False, 'isgid': False})
ok: [localhost] => (item={'path': '/stigforge', 'mode': '0755', 'isdir': True, 'ischr': False, 'isblk': False, 'isreg': False, 'isfifo': False, 'islnk': False, 'issock': False, 'uid': 0, 'gid': 0, 'size': 4096, 'inode': 20977070, 'dev': 93, 'nlink': 1, 'atime': 1789218027.1670344, 'mtime': 1789218027.0862367, 'ctime': 1789218028.5880547, 'gr_name': 'root', 'pw_name': 'root', 'wusr': True, 'rusr': True, 'xusr': True, 'wgrp': False, 'rgrp': True, 'xgrp': True, 'woth': False, 'roth': True, 'xoth': True, 'isuid': False, 'isgid': False})

TASK [/stigforge/roles/cs9_stig : Remove Host-Based Authentication Files - Increment Search Paths List with Local Partitions Mount Points] ***
ok: [localhost] => (item={'mount': '/stigforge/roles', 'device': '/dev/nvme0n1p2', 'fstype': 'ext4', 'options': 'ro,relatime,bind', 'dump': 0, 'passno': 0, 'size_total': 1005867986944, 'size_available': 490072154112, 'block_size': 4096, 'block_total': 245573239, 'block_available': 119646522, 'block_used': 125926717, 'inode_total': 62447616, 'inode_available': 59713446, 'inode_used': 2734170, 'uuid': 'N/A'})
ok: [localhost] => (item={'mount': '/stigforge/policy', 'device': '/dev/nvme0n1p2', 'fstype': 'ext4', 'options': 'ro,relatime,bind', 'dump': 0, 'passno': 0, 'size_total': 1005867986944, 'size_available': 490072150016, 'block_size': 4096, 'block_total': 245573239, 'block_available': 119646521, 'block_used': 125926718, 'inode_total': 62447616, 'inode_available': 59713444, 'inode_used': 2734172, 'uuid': 'N/A'})
ok: [localhost] => (item={'mount': '/stigforge/generator', 'device': '/dev/nvme0n1p2', 'fstype': 'ext4', 'options': 'ro,relatime,bind', 'dump': 0, 'passno': 0, 'size_total': 1005867986944, 'size_available': 490072141824, 'block_size': 4096, 'block_total': 245573239, 'block_available': 119646519, 'block_used': 125926720, 'inode_total': 62447616, 'inode_available': 59713444, 'inode_used': 2734172, 'uuid': 'N/A'})
ok: [localhost] => (item={'mount': '/stigforge/pyproject.toml', 'device': '/dev/nvme0n1p2', 'fstype': 'ext4', 'options': 'ro,relatime,bind', 'dump': 0, 'passno': 0, 'size_total': 1005867986944, 'size_available': 490072125440, 'block_size': 4096, 'block_total': 245573239, 'block_available': 119646515, 'block_used': 125926724, 'inode_total': 62447616, 'inode_available': 59713444, 'inode_used': 2734172, 'uuid': 'N/A'})
ok: [localhost] => (item={'mount': '/stigforge/artifacts', 'device': '/dev/nvme0n1p2', 'fstype': 'ext4', 'options': 'rw,relatime,bind', 'dump': 0, 'passno': 0, 'size_total': 1005867986944, 'size_available': 490072125440, 'block_size': 4096, 'block_total': 245573239, 'block_available': 119646515, 'block_used': 125926724, 'inode_total': 62447616, 'inode_available': 59713444, 'inode_used': 2734172, 'uuid': 'N/A'})
ok: [localhost] => (item={'mount': '/etc/resolv.conf', 'device': '/dev/nvme0n1p2', 'fstype': 'ext4', 'options': 'rw,relatime,bind', 'dump': 0, 'passno': 0, 'size_total': 1005867986944, 'size_available': 490072076288, 'block_size': 4096, 'block_total': 245573239, 'block_available': 119646503, 'block_used': 125926736, 'inode_total': 62447616, 'inode_available': 59713434, 'inode_used': 2734182, 'uuid': 'N/A'})
ok: [localhost] => (item={'mount': '/etc/hostname', 'device': '/dev/nvme0n1p2', 'fstype': 'ext4', 'options': 'rw,relatime,bind', 'dump': 0, 'passno': 0, 'size_total': 1005867986944, 'size_available': 490072043520, 'block_size': 4096, 'block_total': 245573239, 'block_available': 119646495, 'block_used': 125926744, 'inode_total': 62447616, 'inode_available': 59713427, 'inode_used': 2734189, 'uuid': 'N/A'})
ok: [localhost] => (item={'mount': '/etc/hosts', 'device': '/dev/nvme0n1p2', 'fstype': 'ext4', 'options': 'rw,relatime,bind', 'dump': 0, 'passno': 0, 'size_total': 1005867986944, 'size_available': 490072043520, 'block_size': 4096, 'block_total': 245573239, 'block_available': 119646495, 'block_used': 125926744, 'inode_total': 62447616, 'inode_available': 59713427, 'inode_used': 2734189, 'uuid': 'N/A'})

TASK [/stigforge/roles/cs9_stig : Remove Host-Based Authentication Files - Increment Search Paths List with Local NFS File System Targets] ***
skipping: [localhost] => (item={'mount': '/stigforge/roles', 'device': '/dev/nvme0n1p2', 'fstype': 'ext4', 'options': 'ro,relatime,bind', 'dump': 0, 'passno': 0, 'size_total': 1005867986944, 'size_available': 490072154112, 'block_size': 4096, 'block_total': 245573239, 'block_available': 119646522, 'block_used': 125926717, 'inode_total': 62447616, 'inode_available': 59713446, 'inode_used': 2734170, 'uuid': 'N/A'}) 
skipping: [localhost] => (item={'mount': '/stigforge/policy', 'device': '/dev/nvme0n1p2', 'fstype': 'ext4', 'options': 'ro,relatime,bind', 'dump': 0, 'passno': 0, 'size_total': 1005867986944, 'size_available': 490072150016, 'block_size': 4096, 'block_total': 245573239, 'block_available': 119646521, 'block_used': 125926718, 'inode_total': 62447616, 'inode_available': 59713444, 'inode_used': 2734172, 'uuid': 'N/A'}) 
skipping: [localhost] => (item={'mount': '/stigforge/generator', 'device': '/dev/nvme0n1p2', 'fstype': 'ext4', 'options': 'ro,relatime,bind', 'dump': 0, 'passno': 0, 'size_total': 1005867986944, 'size_available': 490072141824, 'block_size': 4096, 'block_total': 245573239, 'block_available': 119646519, 'block_used': 125926720, 'inode_total': 62447616, 'inode_available': 59713444, 'inode_used': 2734172, 'uuid': 'N/A'}) 
skipping: [localhost] => (item={'mount': '/stigforge/pyproject.toml', 'device': '/dev/nvme0n1p2', 'fstype': 'ext4', 'options': 'ro,relatime,bind', 'dump': 0, 'passno': 0, 'size_total': 1005867986944, 'size_available': 490072125440, 'block_size': 4096, 'block_total': 245573239, 'block_available': 119646515, 'block_used': 125926724, 'inode_total': 62447616, 'inode_available': 59713444, 'inode_used': 2734172, 'uuid': 'N/A'}) 
skipping: [localhost] => (item={'mount': '/stigforge/artifacts', 'device': '/dev/nvme0n1p2', 'fstype': 'ext4', 'options': 'rw,relatime,bind', 'dump': 0, 'passno': 0, 'size_total': 1005867986944, 'size_available': 490072125440, 'block_size': 4096, 'block_total': 245573239, 'block_available': 119646515, 'block_used': 125926724, 'inode_total': 62447616, 'inode_available': 59713444, 'inode_used': 2734172, 'uuid': 'N/A'}) 
skipping: [localhost] => (item={'mount': '/etc/resolv.conf', 'device': '/dev/nvme0n1p2', 'fstype': 'ext4', 'options': 'rw,relatime,bind', 'dump': 0, 'passno': 0, 'size_total': 1005867986944, 'size_available': 490072076288, 'block_size': 4096, 'block_total': 245573239, 'block_available': 119646503, 'block_used': 125926736, 'inode_total': 62447616, 'inode_available': 59713434, 'inode_used': 2734182, 'uuid': 'N/A'}) 
skipping: [localhost] => (item={'mount': '/etc/hostname', 'device': '/dev/nvme0n1p2', 'fstype': 'ext4', 'options': 'rw,relatime,bind', 'dump': 0, 'passno': 0, 'size_total': 1005867986944, 'size_available': 490072043520, 'block_size': 4096, 'block_total': 245573239, 'block_available': 119646495, 'block_used': 125926744, 'inode_total': 62447616, 'inode_available': 59713427, 'inode_used': 2734189, 'uuid': 'N/A'}) 
skipping: [localhost] => (item={'mount': '/etc/hosts', 'device': '/dev/nvme0n1p2', 'fstype': 'ext4', 'options': 'rw,relatime,bind', 'dump': 0, 'passno': 0, 'size_total': 1005867986944, 'size_available': 490072043520, 'block_size': 4096, 'block_total': 245573239, 'block_available': 119646495, 'block_used': 125926744, 'inode_total': 62447616, 'inode_available': 59713427, 'inode_used': 2734189, 'uuid': 'N/A'}) 
skipping: [localhost]

TASK [/stigforge/roles/cs9_stig : Remove Host-Based Authentication Files - Define Rule Specific Facts] ***
ok: [localhost]

TASK [/stigforge/roles/cs9_stig : Remove Host-Based Authentication Files - Find All shosts.equiv Files in Local File Systems] ***
ok: [localhost] => (item=/root)
ok: [localhost] => (item=/stigforge/artifacts)
ok: [localhost] => (item=/etc)
ok: [localhost] => (item=/media)
ok: [localhost] => (item=/stigforge/roles)
ok: [localhost] => (item=/stigforge/pyproject.toml)
ok: [localhost] => (item=/stigforge)
ok: [localhost] => (item=/mnt)
ok: [localhost] => (item=/etc/resolv.conf)
ok: [localhost] => (item=/usr)
ok: [localhost] => (item=/etc/hostname)
ok: [localhost] => (item=/tmp)
ok: [localhost] => (item=/opt)
ok: [localhost] => (item=/srv)
ok: [localhost] => (item=/stigforge/generator)
ok: [localhost] => (item=/etc/hosts)
ok: [localhost] => (item=/stigforge/policy)
ok: [localhost] => (item=/afs)
ok: [localhost] => (item=/var)
ok: [localhost] => (item=/boot)
ok: [localhost] => (item=/home)

TASK [/stigforge/roles/cs9_stig : Remove Host-Based Authentication Files - Create List of shosts.equiv Files Present in Local File Systems] ***
ok: [localhost] => (item={'changed': False, 'stdout': '', 'stderr': '', 'rc': 0, 'cmd': ['find', '/root', '-xdev', '-type', 'f', '-name', 'shosts.equiv'], 'start': '2026-09-12 13:01:56.177404', 'end': '2026-09-12 13:01:56.180794', 'delta': '0:00:00.003390', 'msg': '', 'invocation': {'module_args': {'_raw_params': 'find /root -xdev -type f -name "shosts.equiv"', '_uses_shell': False, 'expand_argument_vars': True, 'stdin_add_newline': True, 'strip_empty_ends': True, 'argv': None, 'chdir': None, 'executable': None, 'creates': None, 'removes': None, 'stdin': None}}, 'stdout_lines': [], 'stderr_lines': [], 'failed': False, 'item': '/root', 'ansible_loop_var': 'item'})
ok: [localhost] => (item={'changed': False, 'stdout': '', 'stderr': '', 'rc': 0, 'cmd': ['find', '/stigforge/artifacts', '-xdev', '-type', 'f', '-name', 'shosts.equiv'], 'start': '2026-09-12 13:01:56.294999', 'end': '2026-09-12 13:01:56.297703', 'delta': '0:00:00.002704', 'msg': '', 'invocation': {'module_args': {'_raw_params': 'find /stigforge/artifacts -xdev -type f -name "shosts.equiv"', '_uses_shell': False, 'expand_argument_vars': True, 'stdin_add_newline': True, 'strip_empty_ends': True, 'argv': None, 'chdir': None, 'executable': None, 'creates': None, 'removes': None, 'stdin': None}}, 'stdout_lines': [], 'stderr_lines': [], 'failed': False, 'item': '/stigforge/artifacts', 'ansible_loop_var': 'item'})
ok: [localhost] => (item={'changed': False, 'stdout': '', 'stderr': '', 'rc': 0, 'cmd': ['find', '/etc', '-xdev', '-type', 'f', '-name', 'shosts.equiv'], 'start': '2026-09-12 13:01:56.412744', 'end': '2026-09-12 13:01:56.417514', 'delta': '0:00:00.004770', 'msg': '', 'invocation': {'module_args': {'_raw_params': 'find /etc -xdev -type f -name "shosts.equiv"', '_uses_shell': False, 'expand_argument_vars': True, 'stdin_add_newline': True, 'strip_empty_ends': True, 'argv': None, 'chdir': None, 'executable': None, 'creates': None, 'removes': None, 'stdin': None}}, 'stdout_lines': [], 'stderr_lines': [], 'failed': False, 'item': '/etc', 'ansible_loop_var': 'item'})
ok: [localhost] => (item={'changed': False, 'stdout': '', 'stderr': '', 'rc': 0, 'cmd': ['find', '/media', '-xdev', '-type', 'f', '-name', 'shosts.equiv'], 'start': '2026-09-12 13:01:56.530492', 'end': '2026-09-12 13:01:56.533813', 'delta': '0:00:00.003321', 'msg': '', 'invocation': {'module_args': {'_raw_params': 'find /media -xdev -type f -name "shosts.equiv"', '_uses_shell': False, 'expand_argument_vars': True, 'stdin_add_newline': True, 'strip_empty_ends': True, 'argv': None, 'chdir': None, 'executable': None, 'creates': None, 'removes': None, 'stdin': None}}, 'stdout_lines': [], 'stderr_lines': [], 'failed': False, 'item': '/media', 'ansible_loop_var': 'item'})
ok: [localhost] => (item={'changed': False, 'stdout': '', 'stderr': '', 'rc': 0, 'cmd': ['find', '/stigforge/roles', '-xdev', '-type', 'f', '-name', 'shosts.equiv'], 'start': '2026-09-12 13:01:56.645038', 'end': '2026-09-12 13:01:56.648490', 'delta': '0:00:00.003452', 'msg': '', 'invocation': {'module_args': {'_raw_params': 'find /stigforge/roles -xdev -type f -name "shosts.equiv"', '_uses_shell': False, 'expand_argument_vars': True, 'stdin_add_newline': True, 'strip_empty_ends': True, 'argv': None, 'chdir': None, 'executable': None, 'creates': None, 'removes': None, 'stdin': None}}, 'stdout_lines': [], 'stderr_lines': [], 'failed': False, 'item': '/stigforge/roles', 'ansible_loop_var': 'item'})
ok: [localhost] => (item={'changed': False, 'stdout': '', 'stderr': '', 'rc': 0, 'cmd': ['find', '/stigforge/pyproject.toml', '-xdev', '-type', 'f', '-name', 'shosts.equiv'], 'start': '2026-09-12 13:01:56.761560', 'end': '2026-09-12 13:01:56.764004', 'delta': '0:00:00.002444', 'msg': '', 'invocation': {'module_args': {'_raw_params': 'find /stigforge/pyproject.toml -xdev -type f -name "shosts.equiv"', '_uses_shell': False, 'expand_argument_vars': True, 'stdin_add_newline': True, 'strip_empty_ends': True, 'argv': None, 'chdir': None, 'executable': None, 'creates': None, 'removes': None, 'stdin': None}}, 'stdout_lines': [], 'stderr_lines': [], 'failed': False, 'item': '/stigforge/pyproject.toml', 'ansible_loop_var': 'item'})
ok: [localhost] => (item={'changed': False, 'stdout': '', 'stderr': '', 'rc': 0, 'cmd': ['find', '/stigforge', '-xdev', '-type', 'f', '-name', 'shosts.equiv'], 'start': '2026-09-12 13:01:56.879382', 'end': '2026-09-12 13:01:56.882101', 'delta': '0:00:00.002719', 'msg': '', 'invocation': {'module_args': {'_raw_params': 'find /stigforge -xdev -type f -name "shosts.equiv"', '_uses_shell': False, 'expand_argument_vars': True, 'stdin_add_newline': True, 'strip_empty_ends': True, 'argv': None, 'chdir': None, 'executable': None, 'creates': None, 'removes': None, 'stdin': None}}, 'stdout_lines': [], 'stderr_lines': [], 'failed': False, 'item': '/stigforge', 'ansible_loop_var': 'item'})
ok: [localhost] => (item={'changed': False, 'stdout': '', 'stderr': '', 'rc': 0, 'cmd': ['find', '/mnt', '-xdev', '-type', 'f', '-name', 'shosts.equiv'], 'start': '2026-09-12 13:01:56.997496', 'end': '2026-09-12 13:01:57.000174', 'delta': '0:00:00.002678', 'msg': '', 'invocation': {'module_args': {'_raw_params': 'find /mnt -xdev -type f -name "shosts.equiv"', '_uses_shell': False, 'expand_argument_vars': True, 'stdin_add_newline': True, 'strip_empty_ends': True, 'argv': None, 'chdir': None, 'executable': None, 'creates': None, 'removes': None, 'stdin': None}}, 'stdout_lines': [], 'stderr_lines': [], 'failed': False, 'item': '/mnt', 'ansible_loop_var': 'item'})
ok: [localhost] => (item={'changed': False, 'stdout': '', 'stderr': '', 'rc': 0, 'cmd': ['find', '/etc/resolv.conf', '-xdev', '-type', 'f', '-name', 'shosts.equiv'], 'start': '2026-09-12 13:01:57.112984', 'end': '2026-09-12 13:01:57.116047', 'delta': '0:00:00.003063', 'msg': '', 'invocation': {'module_args': {'_raw_params': 'find /etc/resolv.conf -xdev -type f -name "shosts.equiv"', '_uses_shell': False, 'expand_argument_vars': True, 'stdin_add_newline': True, 'strip_empty_ends': True, 'argv': None, 'chdir': None, 'executable': None, 'creates': None, 'removes': None, 'stdin': None}}, 'stdout_lines': [], 'stderr_lines': [], 'failed': False, 'item': '/etc/resolv.conf', 'ansible_loop_var': 'item'})
ok: [localhost] => (item={'changed': False, 'stdout': '', 'stderr': '', 'rc': 0, 'cmd': ['find', '/usr', '-xdev', '-type', 'f', '-name', 'shosts.equiv'], 'start': '2026-09-12 13:01:57.228011', 'end': '2026-09-12 13:01:57.257733', 'delta': '0:00:00.029722', 'msg': '', 'invocation': {'module_args': {'_raw_params': 'find /usr -xdev -type f -name "shosts.equiv"', '_uses_shell': False, 'expand_argument_vars': True, 'stdin_add_newline': True, 'strip_empty_ends': True, 'argv': None, 'chdir': None, 'executable': None, 'creates': None, 'removes': None, 'stdin': None}}, 'stdout_lines': [], 'stderr_lines': [], 'failed': False, 'item': '/usr', 'ansible_loop_var': 'item'})
ok: [localhost] => (item={'changed': False, 'stdout': '', 'stderr': '', 'rc': 0, 'cmd': ['find', '/etc/hostname', '-xdev', '-type', 'f', '-name', 'shosts.equiv'], 'start': '2026-09-12 13:01:57.371943', 'end': '2026-09-12 13:01:57.375156', 'delta': '0:00:00.003213', 'msg': '', 'invocation': {'module_args': {'_raw_params': 'find /etc/hostname -xdev -type f -name "shosts.equiv"', '_uses_shell': False, 'expand_argument_vars': True, 'stdin_add_newline': True, 'strip_empty_ends': True, 'argv': None, 'chdir': None, 'executable': None, 'creates': None, 'removes': None, 'stdin': None}}, 'stdout_lines': [], 'stderr_lines': [], 'failed': False, 'item': '/etc/hostname', 'ansible_loop_var': 'item'})
ok: [localhost] => (item={'changed': False, 'stdout': '', 'stderr': '', 'rc': 0, 'cmd': ['find', '/tmp', '-xdev', '-type', 'f', '-name', 'shosts.equiv'], 'start': '2026-09-12 13:01:57.491110', 'end': '2026-09-12 13:01:57.493610', 'delta': '0:00:00.002500', 'msg': '', 'invocation': {'module_args': {'_raw_params': 'find /tmp -xdev -type f -name "shosts.equiv"', '_uses_shell': False, 'expand_argument_vars': True, 'stdin_add_newline': True, 'strip_empty_ends': True, 'argv': None, 'chdir': None, 'executable': None, 'creates': None, 'removes': None, 'stdin': None}}, 'stdout_lines': [], 'stderr_lines': [], 'failed': False, 'item': '/tmp', 'ansible_loop_var': 'item'})
ok: [localhost] => (item={'changed': False, 'stdout': '', 'stderr': '', 'rc': 0, 'cmd': ['find', '/opt', '-xdev', '-type', 'f', '-name', 'shosts.equiv'], 'start': '2026-09-12 13:01:57.607343', 'end': '2026-09-12 13:01:57.609756', 'delta': '0:00:00.002413', 'msg': '', 'invocation': {'module_args': {'_raw_params': 'find /opt -xdev -type f -name "shosts.equiv"', '_uses_shell': False, 'expand_argument_vars': True, 'stdin_add_newline': True, 'strip_empty_ends': True, 'argv': None, 'chdir': None, 'executable': None, 'creates': None, 'removes': None, 'stdin': None}}, 'stdout_lines': [], 'stderr_lines': [], 'failed': False, 'item': '/opt', 'ansible_loop_var': 'item'})
ok: [localhost] => (item={'changed': False, 'stdout': '', 'stderr': '', 'rc': 0, 'cmd': ['find', '/srv', '-xdev', '-type', 'f', '-name', 'shosts.equiv'], 'start': '2026-09-12 13:01:57.727060', 'end': '2026-09-12 13:01:57.729758', 'delta': '0:00:00.002698', 'msg': '', 'invocation': {'module_args': {'_raw_params': 'find /srv -xdev -type f -name "shosts.equiv"', '_uses_shell': False, 'expand_argument_vars': True, 'stdin_add_newline': True, 'strip_empty_ends': True, 'argv': None, 'chdir': None, 'executable': None, 'creates': None, 'removes': None, 'stdin': None}}, 'stdout_lines': [], 'stderr_lines': [], 'failed': False, 'item': '/srv', 'ansible_loop_var': 'item'})
ok: [localhost] => (item={'changed': False, 'stdout': '', 'stderr': '', 'rc': 0, 'cmd': ['find', '/stigforge/generator', '-xdev', '-type', 'f', '-name', 'shosts.equiv'], 'start': '2026-09-12 13:01:57.846315', 'end': '2026-09-12 13:01:57.849074', 'delta': '0:00:00.002759', 'msg': '', 'invocation': {'module_args': {'_raw_params': 'find /stigforge/generator -xdev -type f -name "shosts.equiv"', '_uses_shell': False, 'expand_argument_vars': True, 'stdin_add_newline': True, 'strip_empty_ends': True, 'argv': None, 'chdir': None, 'executable': None, 'creates': None, 'removes': None, 'stdin': None}}, 'stdout_lines': [], 'stderr_lines': [], 'failed': False, 'item': '/stigforge/generator', 'ansible_loop_var': 'item'})
ok: [localhost] => (item={'changed': False, 'stdout': '', 'stderr': '', 'rc': 0, 'cmd': ['find', '/etc/hosts', '-xdev', '-type', 'f', '-name', 'shosts.equiv'], 'start': '2026-09-12 13:01:57.964472', 'end': '2026-09-12 13:01:57.967025', 'delta': '0:00:00.002553', 'msg': '', 'invocation': {'module_args': {'_raw_params': 'find /etc/hosts -xdev -type f -name "shosts.equiv"', '_uses_shell': False, 'expand_argument_vars': True, 'stdin_add_newline': True, 'strip_empty_ends': True, 'argv': None, 'chdir': None, 'executable': None, 'creates': None, 'removes': None, 'stdin': None}}, 'stdout_lines': [], 'stderr_lines': [], 'failed': False, 'item': '/etc/hosts', 'ansible_loop_var': 'item'})
ok: [localhost] => (item={'changed': False, 'stdout': '', 'stderr': '', 'rc': 0, 'cmd': ['find', '/stigforge/policy', '-xdev', '-type', 'f', '-name', 'shosts.equiv'], 'start': '2026-09-12 13:01:58.080543', 'end': '2026-09-12 13:01:59.083956', 'delta': '0:00:01.003413', 'msg': '', 'invocation': {'module_args': {'_raw_params': 'find /stigforge/policy -xdev -type f -name "shosts.equiv"', '_uses_shell': False, 'expand_argument_vars': True, 'stdin_add_newline': True, 'strip_empty_ends': True, 'argv': None, 'chdir': None, 'executable': None, 'creates': None, 'removes': None, 'stdin': None}}, 'stdout_lines': [], 'stderr_lines': [], 'failed': False, 'item': '/stigforge/policy', 'ansible_loop_var': 'item'})
ok: [localhost] => (item={'changed': False, 'stdout': '', 'stderr': '', 'rc': 0, 'cmd': ['find', '/afs', '-xdev', '-type', 'f', '-name', 'shosts.equiv'], 'start': '2026-09-12 13:01:59.200107', 'end': '2026-09-12 13:01:59.203053', 'delta': '0:00:00.002946', 'msg': '', 'invocation': {'module_args': {'_raw_params': 'find /afs -xdev -type f -name "shosts.equiv"', '_uses_shell': False, 'expand_argument_vars': True, 'stdin_add_newline': True, 'strip_empty_ends': True, 'argv': None, 'chdir': None, 'executable': None, 'creates': None, 'removes': None, 'stdin': None}}, 'stdout_lines': [], 'stderr_lines': [], 'failed': False, 'item': '/afs', 'ansible_loop_var': 'item'})
ok: [localhost] => (item={'changed': False, 'stdout': '', 'stderr': '', 'rc': 0, 'cmd': ['find', '/var', '-xdev', '-type', 'f', '-name', 'shosts.equiv'], 'start': '2026-09-12 13:01:59.317369', 'end': '2026-09-12 13:01:59.320285', 'delta': '0:00:00.002916', 'msg': '', 'invocation': {'module_args': {'_raw_params': 'find /var -xdev -type f -name "shosts.equiv"', '_uses_shell': False, 'expand_argument_vars': True, 'stdin_add_newline': True, 'strip_empty_ends': True, 'argv': None, 'chdir': None, 'executable': None, 'creates': None, 'removes': None, 'stdin': None}}, 'stdout_lines': [], 'stderr_lines': [], 'failed': False, 'item': '/var', 'ansible_loop_var': 'item'})
ok: [localhost] => (item={'changed': False, 'stdout': '', 'stderr': '', 'rc': 0, 'cmd': ['find', '/boot', '-xdev', '-type', 'f', '-name', 'shosts.equiv'], 'start': '2026-09-12 13:01:59.433618', 'end': '2026-09-12 13:01:59.436552', 'delta': '0:00:00.002934', 'msg': '', 'invocation': {'module_args': {'_raw_params': 'find /boot -xdev -type f -name "shosts.equiv"', '_uses_shell': False, 'expand_argument_vars': True, 'stdin_add_newline': True, 'strip_empty_ends': True, 'argv': None, 'chdir': None, 'executable': None, 'creates': None, 'removes': None, 'stdin': None}}, 'stdout_lines': [], 'stderr_lines': [], 'failed': False, 'item': '/boot', 'ansible_loop_var': 'item'})
ok: [localhost] => (item={'changed': False, 'stdout': '', 'stderr': '', 'rc': 0, 'cmd': ['find', '/home', '-xdev', '-type', 'f', '-name', 'shosts.equiv'], 'start': '2026-09-12 13:01:59.550539', 'end': '2026-09-12 13:01:59.552936', 'delta': '0:00:00.002397', 'msg': '', 'invocation': {'module_args': {'_raw_params': 'find /home -xdev -type f -name "shosts.equiv"', '_uses_shell': False, 'expand_argument_vars': True, 'stdin_add_newline': True, 'strip_empty_ends': True, 'argv': None, 'chdir': None, 'executable': None, 'creates': None, 'removes': None, 'stdin': None}}, 'stdout_lines': [], 'stderr_lines': [], 'failed': False, 'item': '/home', 'ansible_loop_var': 'item'})

TASK [/stigforge/roles/cs9_stig : Remove Host-Based Authentication Files - Ensure No shosts.equiv Files Are Present in the System] ***
ok: [localhost] => (item=/shosts.equiv)

TASK [/stigforge/roles/cs9_stig : Remove User Host-Based Authentication Files - Define Excluded (Non-Local) File Systems and Paths] ***
ok: [localhost]

TASK [/stigforge/roles/cs9_stig : Remove User Host-Based Authentication Files - Find Relevant Root Directories Ignoring Pre-Defined Excluded Paths] ***
ok: [localhost]

TASK [/stigforge/roles/cs9_stig : Remove User Host-Based Authentication Files - Include Relevant Root Directories in a List of Paths to be Searched] ***
ok: [localhost] => (item={'path': '/opt', 'mode': '0755', 'isdir': True, 'ischr': False, 'isblk': False, 'isreg': False, 'isfifo': False, 'islnk': False, 'issock': False, 'uid': 0, 'gid': 0, 'size': 4096, 'inode': 19272672, 'dev': 93, 'nlink': 2, 'atime': 1788943485.607179, 'mtime': 1719325384.0, 'ctime': 1788943485.5985312, 'gr_name': 'root', 'pw_name': 'root', 'wusr': True, 'rusr': True, 'xusr': True, 'wgrp': False, 'rgrp': True, 'xgrp': True, 'woth': False, 'roth': True, 'xoth': True, 'isuid': False, 'isgid': False})
ok: [localhost] => (item={'path': '/boot', 'mode': '0555', 'isdir': True, 'ischr': False, 'isblk': False, 'isreg': False, 'isfifo': False, 'islnk': False, 'issock': False, 'uid': 0, 'gid': 0, 'size': 4096, 'inode': 19272671, 'dev': 93, 'nlink': 2, 'atime': 1788943485.6051788, 'mtime': 1719325384.0, 'ctime': 1788943485.5985312, 'gr_name': 'root', 'pw_name': 'root', 'wusr': False, 'rusr': True, 'xusr': True, 'wgrp': False, 'rgrp': True, 'xgrp': True, 'woth': False, 'roth': True, 'xoth': True, 'isuid': False, 'isgid': False})
ok: [localhost] => (item={'path': '/usr', 'mode': '0755', 'isdir': True, 'ischr': False, 'isblk': False, 'isreg': False, 'isfifo': False, 'islnk': False, 'issock': False, 'uid': 0, 'gid': 0, 'size': 4096, 'inode': 20977078, 'dev': 93, 'nlink': 1, 'atime': 1789217504.2565494, 'mtime': 1788840482.0, 'ctime': 1789218105.555154, 'gr_name': 'root', 'pw_name': 'root', 'wusr': True, 'rusr': True, 'xusr': True, 'wgrp': False, 'rgrp': True, 'xgrp': True, 'woth': False, 'roth': True, 'xoth': True, 'isuid': False, 'isgid': False})
ok: [localhost] => (item={'path': '/tmp', 'mode': '1777', 'isdir': True, 'ischr': False, 'isblk': False, 'isreg': False, 'isfifo': False, 'islnk': False, 'issock': False, 'uid': 0, 'gid': 0, 'size': 4096, 'inode': 19305054, 'dev': 93, 'nlink': 1, 'atime': 1789218119.904619, 'mtime': 1789218119.903413, 'ctime': 1789218119.903413, 'gr_name': 'root', 'pw_name': 'root', 'wusr': True, 'rusr': True, 'xusr': True, 'wgrp': True, 'rgrp': True, 'xgrp': True, 'woth': True, 'roth': True, 'xoth': True, 'isuid': False, 'isgid': False})
ok: [localhost] => (item={'path': '/root', 'mode': '0550', 'isdir': True, 'ischr': False, 'isblk': False, 'isreg': False, 'isfifo': False, 'islnk': False, 'issock': False, 'uid': 0, 'gid': 0, 'size': 4096, 'inode': 20977046, 'dev': 93, 'nlink': 1, 'atime': 1789218084.192849, 'mtime': 1789218069.4916391, 'ctime': 1789218069.4916391, 'gr_name': 'root', 'pw_name': 'root', 'wusr': False, 'rusr': True, 'xusr': True, 'wgrp': False, 'rgrp': True, 'xgrp': True, 'woth': False, 'roth': False, 'xoth': False, 'isuid': False, 'isgid': False})
ok: [localhost] => (item={'path': '/home', 'mode': '0755', 'isdir': True, 'ischr': False, 'isblk': False, 'isreg': False, 'isfifo': False, 'islnk': False, 'issock': False, 'uid': 0, 'gid': 0, 'size': 4096, 'inode': 19281233, 'dev': 93, 'nlink': 2, 'atime': 1788943485.607179, 'mtime': 1719325384.0, 'ctime': 1788943485.5985312, 'gr_name': 'root', 'pw_name': 'root', 'wusr': True, 'rusr': True, 'xusr': True, 'wgrp': False, 'rgrp': True, 'xgrp': True, 'woth': False, 'roth': True, 'xoth': True, 'isuid': False, 'isgid': False})
ok: [localhost] => (item={'path': '/mnt', 'mode': '0755', 'isdir': True, 'ischr': False, 'isblk': False, 'isreg': False, 'isfifo': False, 'islnk': False, 'issock': False, 'uid': 0, 'gid': 0, 'size': 4096, 'inode': 19305053, 'dev': 93, 'nlink': 2, 'atime': 1788943485.607179, 'mtime': 1719325384.0, 'ctime': 1788943485.604179, 'gr_name': 'root', 'pw_name': 'root', 'wusr': True, 'rusr': True, 'xusr': True, 'wgrp': False, 'rgrp': True, 'xgrp': True, 'woth': False, 'roth': True, 'xoth': True, 'isuid': False, 'isgid': False})
ok: [localhost] => (item={'path': '/var', 'mode': '0755', 'isdir': True, 'ischr': False, 'isblk': False, 'isreg': False, 'isfifo': False, 'islnk': False, 'issock': False, 'uid': 0, 'gid': 0, 'size': 4096, 'inode': 19423679, 'dev': 93, 'nlink': 1, 'atime': 1789218093.2859788, 'mtime': 1788840484.0, 'ctime': 1789218035.0691473, 'gr_name': 'root', 'pw_name': 'root', 'wusr': True, 'rusr': True, 'xusr': True, 'wgrp': False, 'rgrp': True, 'xgrp': True, 'woth': False, 'roth': True, 'xoth': True, 'isuid': False, 'isgid': False})
ok: [localhost] => (item={'path': '/afs', 'mode': '0555', 'isdir': True, 'ischr': False, 'isblk': False, 'isreg': False, 'isfifo': False, 'islnk': False, 'issock': False, 'uid': 0, 'gid': 0, 'size': 4096, 'inode': 19281217, 'dev': 93, 'nlink': 2, 'atime': 1788943485.6051788, 'mtime': 1719325384.0, 'ctime': 1788943485.5985312, 'gr_name': 'root', 'pw_name': 'root', 'wusr': False, 'rusr': True, 'xusr': True, 'wgrp': False, 'rgrp': True, 'xgrp': True, 'woth': False, 'roth': True, 'xoth': True, 'isuid': False, 'isgid': False})
ok: [localhost] => (item={'path': '/srv', 'mode': '0755', 'isdir': True, 'ischr': False, 'isblk': False, 'isreg': False, 'isfifo': False, 'islnk': False, 'issock': False, 'uid': 0, 'gid': 0, 'size': 4096, 'inode': 19272673, 'dev': 93, 'nlink': 2, 'atime': 1788943485.607179, 'mtime': 1719325384.0, 'ctime': 1788943485.5985312, 'gr_name': 'root', 'pw_name': 'root', 'wusr': True, 'rusr': True, 'xusr': True, 'wgrp': False, 'rgrp': True, 'xgrp': True, 'woth': False, 'roth': True, 'xoth': True, 'isuid': False, 'isgid': False})
ok: [localhost] => (item={'path': '/etc', 'mode': '0755', 'isdir': True, 'ischr': False, 'isblk': False, 'isreg': False, 'isfifo': False, 'islnk': False, 'issock': False, 'uid': 0, 'gid': 0, 'size': 4096, 'inode': 20977103, 'dev': 93, 'nlink': 1, 'atime': 1789218091.3709517, 'mtime': 1789218085.4257843, 'ctime': 1789218085.4257843, 'gr_name': 'root', 'pw_name': 'root', 'wusr': True, 'rusr': True, 'xusr': True, 'wgrp': False, 'rgrp': True, 'xgrp': True, 'woth': False, 'roth': True, 'xoth': True, 'isuid': False, 'isgid': False})
ok: [localhost] => (item={'path': '/media', 'mode': '0755', 'isdir': True, 'ischr': False, 'isblk': False, 'isreg': False, 'isfifo': False, 'islnk': False, 'issock': False, 'uid': 0, 'gid': 0, 'size': 4096, 'inode': 19305052, 'dev': 93, 'nlink': 2, 'atime': 1788943485.607179, 'mtime': 1719325384.0, 'ctime': 1788943485.604179, 'gr_name': 'root', 'pw_name': 'root', 'wusr': True, 'rusr': True, 'xusr': True, 'wgrp': False, 'rgrp': True, 'xgrp': True, 'woth': False, 'roth': True, 'xoth': True, 'isuid': False, 'isgid': False})
ok: [localhost] => (item={'path': '/stigforge', 'mode': '0755', 'isdir': True, 'ischr': False, 'isblk': False, 'isreg': False, 'isfifo': False, 'islnk': False, 'issock': False, 'uid': 0, 'gid': 0, 'size': 4096, 'inode': 20977070, 'dev': 93, 'nlink': 1, 'atime': 1789218027.1670344, 'mtime': 1789218027.0862367, 'ctime': 1789218028.5880547, 'gr_name': 'root', 'pw_name': 'root', 'wusr': True, 'rusr': True, 'xusr': True, 'wgrp': False, 'rgrp': True, 'xgrp': True, 'woth': False, 'roth': True, 'xoth': True, 'isuid': False, 'isgid': False})

TASK [/stigforge/roles/cs9_stig : Remove User Host-Based Authentication Files - Increment Search Paths List with Local Partitions Mount Points] ***
ok: [localhost] => (item={'mount': '/stigforge/roles', 'device': '/dev/nvme0n1p2', 'fstype': 'ext4', 'options': 'ro,relatime,bind', 'dump': 0, 'passno': 0, 'size_total': 1005867986944, 'size_available': 490072154112, 'block_size': 4096, 'block_total': 245573239, 'block_available': 119646522, 'block_used': 125926717, 'inode_total': 62447616, 'inode_available': 59713446, 'inode_used': 2734170, 'uuid': 'N/A'})
ok: [localhost] => (item={'mount': '/stigforge/policy', 'device': '/dev/nvme0n1p2', 'fstype': 'ext4', 'options': 'ro,relatime,bind', 'dump': 0, 'passno': 0, 'size_total': 1005867986944, 'size_available': 490072150016, 'block_size': 4096, 'block_total': 245573239, 'block_available': 119646521, 'block_used': 125926718, 'inode_total': 62447616, 'inode_available': 59713444, 'inode_used': 2734172, 'uuid': 'N/A'})
ok: [localhost] => (item={'mount': '/stigforge/generator', 'device': '/dev/nvme0n1p2', 'fstype': 'ext4', 'options': 'ro,relatime,bind', 'dump': 0, 'passno': 0, 'size_total': 1005867986944, 'size_available': 490072141824, 'block_size': 4096, 'block_total': 245573239, 'block_available': 119646519, 'block_used': 125926720, 'inode_total': 62447616, 'inode_available': 59713444, 'inode_used': 2734172, 'uuid': 'N/A'})
ok: [localhost] => (item={'mount': '/stigforge/pyproject.toml', 'device': '/dev/nvme0n1p2', 'fstype': 'ext4', 'options': 'ro,relatime,bind', 'dump': 0, 'passno': 0, 'size_total': 1005867986944, 'size_available': 490072125440, 'block_size': 4096, 'block_total': 245573239, 'block_available': 119646515, 'block_used': 125926724, 'inode_total': 62447616, 'inode_available': 59713444, 'inode_used': 2734172, 'uuid': 'N/A'})
ok: [localhost] => (item={'mount': '/stigforge/artifacts', 'device': '/dev/nvme0n1p2', 'fstype': 'ext4', 'options': 'rw,relatime,bind', 'dump': 0, 'passno': 0, 'size_total': 1005867986944, 'size_available': 490072125440, 'block_size': 4096, 'block_total': 245573239, 'block_available': 119646515, 'block_used': 125926724, 'inode_total': 62447616, 'inode_available': 59713444, 'inode_used': 2734172, 'uuid': 'N/A'})
ok: [localhost] => (item={'mount': '/etc/resolv.conf', 'device': '/dev/nvme0n1p2', 'fstype': 'ext4', 'options': 'rw,relatime,bind', 'dump': 0, 'passno': 0, 'size_total': 1005867986944, 'size_available': 490072076288, 'block_size': 4096, 'block_total': 245573239, 'block_available': 119646503, 'block_used': 125926736, 'inode_total': 62447616, 'inode_available': 59713434, 'inode_used': 2734182, 'uuid': 'N/A'})
ok: [localhost] => (item={'mount': '/etc/hostname', 'device': '/dev/nvme0n1p2', 'fstype': 'ext4', 'options': 'rw,relatime,bind', 'dump': 0, 'passno': 0, 'size_total': 1005867986944, 'size_available': 490072043520, 'block_size': 4096, 'block_total': 245573239, 'block_available': 119646495, 'block_used': 125926744, 'inode_total': 62447616, 'inode_available': 59713427, 'inode_used': 2734189, 'uuid': 'N/A'})
ok: [localhost] => (item={'mount': '/etc/hosts', 'device': '/dev/nvme0n1p2', 'fstype': 'ext4', 'options': 'rw,relatime,bind', 'dump': 0, 'passno': 0, 'size_total': 1005867986944, 'size_available': 490072043520, 'block_size': 4096, 'block_total': 245573239, 'block_available': 119646495, 'block_used': 125926744, 'inode_total': 62447616, 'inode_available': 59713427, 'inode_used': 2734189, 'uuid': 'N/A'})

TASK [/stigforge/roles/cs9_stig : Remove User Host-Based Authentication Files - Increment Search Paths List with Local NFS File System Targets] ***
skipping: [localhost] => (item={'mount': '/stigforge/roles', 'device': '/dev/nvme0n1p2', 'fstype': 'ext4', 'options': 'ro,relatime,bind', 'dump': 0, 'passno': 0, 'size_total': 1005867986944, 'size_available': 490072154112, 'block_size': 4096, 'block_total': 245573239, 'block_available': 119646522, 'block_used': 125926717, 'inode_total': 62447616, 'inode_available': 59713446, 'inode_used': 2734170, 'uuid': 'N/A'}) 
skipping: [localhost] => (item={'mount': '/stigforge/policy', 'device': '/dev/nvme0n1p2', 'fstype': 'ext4', 'options': 'ro,relatime,bind', 'dump': 0, 'passno': 0, 'size_total': 1005867986944, 'size_available': 490072150016, 'block_size': 4096, 'block_total': 245573239, 'block_available': 119646521, 'block_used': 125926718, 'inode_total': 62447616, 'inode_available': 59713444, 'inode_used': 2734172, 'uuid': 'N/A'}) 
skipping: [localhost] => (item={'mount': '/stigforge/generator', 'device': '/dev/nvme0n1p2', 'fstype': 'ext4', 'options': 'ro,relatime,bind', 'dump': 0, 'passno': 0, 'size_total': 1005867986944, 'size_available': 490072141824, 'block_size': 4096, 'block_total': 245573239, 'block_available': 119646519, 'block_used': 125926720, 'inode_total': 62447616, 'inode_available': 59713444, 'inode_used': 2734172, 'uuid': 'N/A'}) 
skipping: [localhost] => (item={'mount': '/stigforge/pyproject.toml', 'device': '/dev/nvme0n1p2', 'fstype': 'ext4', 'options': 'ro,relatime,bind', 'dump': 0, 'passno': 0, 'size_total': 1005867986944, 'size_available': 490072125440, 'block_size': 4096, 'block_total': 245573239, 'block_available': 119646515, 'block_used': 125926724, 'inode_total': 62447616, 'inode_available': 59713444, 'inode_used': 2734172, 'uuid': 'N/A'}) 
skipping: [localhost] => (item={'mount': '/stigforge/artifacts', 'device': '/dev/nvme0n1p2', 'fstype': 'ext4', 'options': 'rw,relatime,bind', 'dump': 0, 'passno': 0, 'size_total': 1005867986944, 'size_available': 490072125440, 'block_size': 4096, 'block_total': 245573239, 'block_available': 119646515, 'block_used': 125926724, 'inode_total': 62447616, 'inode_available': 59713444, 'inode_used': 2734172, 'uuid': 'N/A'}) 
skipping: [localhost] => (item={'mount': '/etc/resolv.conf', 'device': '/dev/nvme0n1p2', 'fstype': 'ext4', 'options': 'rw,relatime,bind', 'dump': 0, 'passno': 0, 'size_total': 1005867986944, 'size_available': 490072076288, 'block_size': 4096, 'block_total': 245573239, 'block_available': 119646503, 'block_used': 125926736, 'inode_total': 62447616, 'inode_available': 59713434, 'inode_used': 2734182, 'uuid': 'N/A'}) 
skipping: [localhost] => (item={'mount': '/etc/hostname', 'device': '/dev/nvme0n1p2', 'fstype': 'ext4', 'options': 'rw,relatime,bind', 'dump': 0, 'passno': 0, 'size_total': 1005867986944, 'size_available': 490072043520, 'block_size': 4096, 'block_total': 245573239, 'block_available': 119646495, 'block_used': 125926744, 'inode_total': 62447616, 'inode_available': 59713427, 'inode_used': 2734189, 'uuid': 'N/A'}) 
skipping: [localhost] => (item={'mount': '/etc/hosts', 'device': '/dev/nvme0n1p2', 'fstype': 'ext4', 'options': 'rw,relatime,bind', 'dump': 0, 'passno': 0, 'size_total': 1005867986944, 'size_available': 490072043520, 'block_size': 4096, 'block_total': 245573239, 'block_available': 119646495, 'block_used': 125926744, 'inode_total': 62447616, 'inode_available': 59713427, 'inode_used': 2734189, 'uuid': 'N/A'}) 
skipping: [localhost]

TASK [/stigforge/roles/cs9_stig : Remove User Host-Based Authentication Files - Define Rule Specific Facts] ***
ok: [localhost]

TASK [/stigforge/roles/cs9_stig : Remove User Host-Based Authentication Files - Find All .shosts Files in Local File Systems] ***
ok: [localhost] => (item=/root)
ok: [localhost] => (item=/stigforge/artifacts)
ok: [localhost] => (item=/etc)
ok: [localhost] => (item=/media)
ok: [localhost] => (item=/stigforge/roles)
ok: [localhost] => (item=/stigforge/pyproject.toml)
ok: [localhost] => (item=/stigforge)
ok: [localhost] => (item=/mnt)
ok: [localhost] => (item=/etc/resolv.conf)
ok: [localhost] => (item=/usr)
ok: [localhost] => (item=/etc/hostname)
ok: [localhost] => (item=/tmp)
ok: [localhost] => (item=/opt)
ok: [localhost] => (item=/srv)
ok: [localhost] => (item=/stigforge/generator)
ok: [localhost] => (item=/etc/hosts)
ok: [localhost] => (item=/stigforge/policy)
ok: [localhost] => (item=/afs)
ok: [localhost] => (item=/var)
ok: [localhost] => (item=/boot)
ok: [localhost] => (item=/home)

TASK [/stigforge/roles/cs9_stig : Remove User Host-Based Authentication Files - Create List of .shosts Files Present in Local File Systems] ***
ok: [localhost] => (item={'changed': False, 'stdout': '', 'stderr': '', 'rc': 0, 'cmd': ['find', '/root', '-xdev', '-type', 'f', '-name', '.shosts'], 'start': '2026-09-12 13:02:00.411175', 'end': '2026-09-12 13:02:00.413960', 'delta': '0:00:00.002785', 'msg': '', 'invocation': {'module_args': {'_raw_params': 'find /root -xdev -type f -name ".shosts"', '_uses_shell': False, 'expand_argument_vars': True, 'stdin_add_newline': True, 'strip_empty_ends': True, 'argv': None, 'chdir': None, 'executable': None, 'creates': None, 'removes': None, 'stdin': None}}, 'stdout_lines': [], 'stderr_lines': [], 'failed': False, 'item': '/root', 'ansible_loop_var': 'item'})
ok: [localhost] => (item={'changed': False, 'stdout': '', 'stderr': '', 'rc': 0, 'cmd': ['find', '/stigforge/artifacts', '-xdev', '-type', 'f', '-name', '.shosts'], 'start': '2026-09-12 13:02:00.527878', 'end': '2026-09-12 13:02:00.530610', 'delta': '0:00:00.002732', 'msg': '', 'invocation': {'module_args': {'_raw_params': 'find /stigforge/artifacts -xdev -type f -name ".shosts"', '_uses_shell': False, 'expand_argument_vars': True, 'stdin_add_newline': True, 'strip_empty_ends': True, 'argv': None, 'chdir': None, 'executable': None, 'creates': None, 'removes': None, 'stdin': None}}, 'stdout_lines': [], 'stderr_lines': [], 'failed': False, 'item': '/stigforge/artifacts', 'ansible_loop_var': 'item'})
ok: [localhost] => (item={'changed': False, 'stdout': '', 'stderr': '', 'rc': 0, 'cmd': ['find', '/etc', '-xdev', '-type', 'f', '-name', '.shosts'], 'start': '2026-09-12 13:02:00.643833', 'end': '2026-09-12 13:02:00.648439', 'delta': '0:00:00.004606', 'msg': '', 'invocation': {'module_args': {'_raw_params': 'find /etc -xdev -type f -name ".shosts"', '_uses_shell': False, 'expand_argument_vars': True, 'stdin_add_newline': True, 'strip_empty_ends': True, 'argv': None, 'chdir': None, 'executable': None, 'creates': None, 'removes': None, 'stdin': None}}, 'stdout_lines': [], 'stderr_lines': [], 'failed': False, 'item': '/etc', 'ansible_loop_var': 'item'})
ok: [localhost] => (item={'changed': False, 'stdout': '', 'stderr': '', 'rc': 0, 'cmd': ['find', '/media', '-xdev', '-type', 'f', '-name', '.shosts'], 'start': '2026-09-12 13:02:00.760312', 'end': '2026-09-12 13:02:00.763007', 'delta': '0:00:00.002695', 'msg': '', 'invocation': {'module_args': {'_raw_params': 'find /media -xdev -type f -name ".shosts"', '_uses_shell': False, 'expand_argument_vars': True, 'stdin_add_newline': True, 'strip_empty_ends': True, 'argv': None, 'chdir': None, 'executable': None, 'creates': None, 'removes': None, 'stdin': None}}, 'stdout_lines': [], 'stderr_lines': [], 'failed': False, 'item': '/media', 'ansible_loop_var': 'item'})
ok: [localhost] => (item={'changed': False, 'stdout': '', 'stderr': '', 'rc': 0, 'cmd': ['find', '/stigforge/roles', '-xdev', '-type', 'f', '-name', '.shosts'], 'start': '2026-09-12 13:02:00.875090', 'end': '2026-09-12 13:02:00.878232', 'delta': '0:00:00.003142', 'msg': '', 'invocation': {'module_args': {'_raw_params': 'find /stigforge/roles -xdev -type f -name ".shosts"', '_uses_shell': False, 'expand_argument_vars': True, 'stdin_add_newline': True, 'strip_empty_ends': True, 'argv': None, 'chdir': None, 'executable': None, 'creates': None, 'removes': None, 'stdin': None}}, 'stdout_lines': [], 'stderr_lines': [], 'failed': False, 'item': '/stigforge/roles', 'ansible_loop_var': 'item'})
ok: [localhost] => (item={'changed': False, 'stdout': '', 'stderr': '', 'rc': 0, 'cmd': ['find', '/stigforge/pyproject.toml', '-xdev', '-type', 'f', '-name', '.shosts'], 'start': '2026-09-12 13:02:00.992927', 'end': '2026-09-12 13:02:00.995433', 'delta': '0:00:00.002506', 'msg': '', 'invocation': {'module_args': {'_raw_params': 'find /stigforge/pyproject.toml -xdev -type f -name ".shosts"', '_uses_shell': False, 'expand_argument_vars': True, 'stdin_add_newline': True, 'strip_empty_ends': True, 'argv': None, 'chdir': None, 'executable': None, 'creates': None, 'removes': None, 'stdin': None}}, 'stdout_lines': [], 'stderr_lines': [], 'failed': False, 'item': '/stigforge/pyproject.toml', 'ansible_loop_var': 'item'})
ok: [localhost] => (item={'changed': False, 'stdout': '', 'stderr': '', 'rc': 0, 'cmd': ['find', '/stigforge', '-xdev', '-type', 'f', '-name', '.shosts'], 'start': '2026-09-12 13:02:01.109069', 'end': '2026-09-12 13:02:01.111658', 'delta': '0:00:00.002589', 'msg': '', 'invocation': {'module_args': {'_raw_params': 'find /stigforge -xdev -type f -name ".shosts"', '_uses_shell': False, 'expand_argument_vars': True, 'stdin_add_newline': True, 'strip_empty_ends': True, 'argv': None, 'chdir': None, 'executable': None, 'creates': None, 'removes': None, 'stdin': None}}, 'stdout_lines': [], 'stderr_lines': [], 'failed': False, 'item': '/stigforge', 'ansible_loop_var': 'item'})
ok: [localhost] => (item={'changed': False, 'stdout': '', 'stderr': '', 'rc': 0, 'cmd': ['find', '/mnt', '-xdev', '-type', 'f', '-name', '.shosts'], 'start': '2026-09-12 13:02:01.228762', 'end': '2026-09-12 13:02:01.231606', 'delta': '0:00:00.002844', 'msg': '', 'invocation': {'module_args': {'_raw_params': 'find /mnt -xdev -type f -name ".shosts"', '_uses_shell': False, 'expand_argument_vars': True, 'stdin_add_newline': True, 'strip_empty_ends': True, 'argv': None, 'chdir': None, 'executable': None, 'creates': None, 'removes': None, 'stdin': None}}, 'stdout_lines': [], 'stderr_lines': [], 'failed': False, 'item': '/mnt', 'ansible_loop_var': 'item'})
ok: [localhost] => (item={'changed': False, 'stdout': '', 'stderr': '', 'rc': 0, 'cmd': ['find', '/etc/resolv.conf', '-xdev', '-type', 'f', '-name', '.shosts'], 'start': '2026-09-12 13:02:01.350764', 'end': '2026-09-12 13:02:01.353598', 'delta': '0:00:00.002834', 'msg': '', 'invocation': {'module_args': {'_raw_params': 'find /etc/resolv.conf -xdev -type f -name ".shosts"', '_uses_shell': False, 'expand_argument_vars': True, 'stdin_add_newline': True, 'strip_empty_ends': True, 'argv': None, 'chdir': None, 'executable': None, 'creates': None, 'removes': None, 'stdin': None}}, 'stdout_lines': [], 'stderr_lines': [], 'failed': False, 'item': '/etc/resolv.conf', 'ansible_loop_var': 'item'})
ok: [localhost] => (item={'changed': False, 'stdout': '', 'stderr': '', 'rc': 0, 'cmd': ['find', '/usr', '-xdev', '-type', 'f', '-name', '.shosts'], 'start': '2026-09-12 13:02:01.466492', 'end': '2026-09-12 13:02:01.501374', 'delta': '0:00:00.034882', 'msg': '', 'invocation': {'module_args': {'_raw_params': 'find /usr -xdev -type f -name ".shosts"', '_uses_shell': False, 'expand_argument_vars': True, 'stdin_add_newline': True, 'strip_empty_ends': True, 'argv': None, 'chdir': None, 'executable': None, 'creates': None, 'removes': None, 'stdin': None}}, 'stdout_lines': [], 'stderr_lines': [], 'failed': False, 'item': '/usr', 'ansible_loop_var': 'item'})
ok: [localhost] => (item={'changed': False, 'stdout': '', 'stderr': '', 'rc': 0, 'cmd': ['find', '/etc/hostname', '-xdev', '-type', 'f', '-name', '.shosts'], 'start': '2026-09-12 13:02:01.617560', 'end': '2026-09-12 13:02:01.620306', 'delta': '0:00:00.002746', 'msg': '', 'invocation': {'module_args': {'_raw_params': 'find /etc/hostname -xdev -type f -name ".shosts"', '_uses_shell': False, 'expand_argument_vars': True, 'stdin_add_newline': True, 'strip_empty_ends': True, 'argv': None, 'chdir': None, 'executable': None, 'creates': None, 'removes': None, 'stdin': None}}, 'stdout_lines': [], 'stderr_lines': [], 'failed': False, 'item': '/etc/hostname', 'ansible_loop_var': 'item'})
ok: [localhost] => (item={'changed': False, 'stdout': '', 'stderr': '', 'rc': 0, 'cmd': ['find', '/tmp', '-xdev', '-type', 'f', '-name', '.shosts'], 'start': '2026-09-12 13:02:01.733317', 'end': '2026-09-12 13:02:01.735821', 'delta': '0:00:00.002504', 'msg': '', 'invocation': {'module_args': {'_raw_params': 'find /tmp -xdev -type f -name ".shosts"', '_uses_shell': False, 'expand_argument_vars': True, 'stdin_add_newline': True, 'strip_empty_ends': True, 'argv': None, 'chdir': None, 'executable': None, 'creates': None, 'removes': None, 'stdin': None}}, 'stdout_lines': [], 'stderr_lines': [], 'failed': False, 'item': '/tmp', 'ansible_loop_var': 'item'})
ok: [localhost] => (item={'changed': False, 'stdout': '', 'stderr': '', 'rc': 0, 'cmd': ['find', '/opt', '-xdev', '-type', 'f', '-name', '.shosts'], 'start': '2026-09-12 13:02:01.849849', 'end': '2026-09-12 13:02:01.852703', 'delta': '0:00:00.002854', 'msg': '', 'invocation': {'module_args': {'_raw_params': 'find /opt -xdev -type f -name ".shosts"', '_uses_shell': False, 'expand_argument_vars': True, 'stdin_add_newline': True, 'strip_empty_ends': True, 'argv': None, 'chdir': None, 'executable': None, 'creates': None, 'removes': None, 'stdin': None}}, 'stdout_lines': [], 'stderr_lines': [], 'failed': False, 'item': '/opt', 'ansible_loop_var': 'item'})
ok: [localhost] => (item={'changed': False, 'stdout': '', 'stderr': '', 'rc': 0, 'cmd': ['find', '/srv', '-xdev', '-type', 'f', '-name', '.shosts'], 'start': '2026-09-12 13:02:01.966139', 'end': '2026-09-12 13:02:01.968648', 'delta': '0:00:00.002509', 'msg': '', 'invocation': {'module_args': {'_raw_params': 'find /srv -xdev -type f -name ".shosts"', '_uses_shell': False, 'expand_argument_vars': True, 'stdin_add_newline': True, 'strip_empty_ends': True, 'argv': None, 'chdir': None, 'executable': None, 'creates': None, 'removes': None, 'stdin': None}}, 'stdout_lines': [], 'stderr_lines': [], 'failed': False, 'item': '/srv', 'ansible_loop_var': 'item'})
ok: [localhost] => (item={'changed': False, 'stdout': '', 'stderr': '', 'rc': 0, 'cmd': ['find', '/stigforge/generator', '-xdev', '-type', 'f', '-name', '.shosts'], 'start': '2026-09-12 13:02:02.083690', 'end': '2026-09-12 13:02:02.086685', 'delta': '0:00:00.002995', 'msg': '', 'invocation': {'module_args': {'_raw_params': 'find /stigforge/generator -xdev -type f -name ".shosts"', '_uses_shell': False, 'expand_argument_vars': True, 'stdin_add_newline': True, 'strip_empty_ends': True, 'argv': None, 'chdir': None, 'executable': None, 'creates': None, 'removes': None, 'stdin': None}}, 'stdout_lines': [], 'stderr_lines': [], 'failed': False, 'item': '/stigforge/generator', 'ansible_loop_var': 'item'})
ok: [localhost] => (item={'changed': False, 'stdout': '', 'stderr': '', 'rc': 0, 'cmd': ['find', '/etc/hosts', '-xdev', '-type', 'f', '-name', '.shosts'], 'start': '2026-09-12 13:02:02.198874', 'end': '2026-09-12 13:02:02.201847', 'delta': '0:00:00.002973', 'msg': '', 'invocation': {'module_args': {'_raw_params': 'find /etc/hosts -xdev -type f -name ".shosts"', '_uses_shell': False, 'expand_argument_vars': True, 'stdin_add_newline': True, 'strip_empty_ends': True, 'argv': None, 'chdir': None, 'executable': None, 'creates': None, 'removes': None, 'stdin': None}}, 'stdout_lines': [], 'stderr_lines': [], 'failed': False, 'item': '/etc/hosts', 'ansible_loop_var': 'item'})
ok: [localhost] => (item={'changed': False, 'stdout': '', 'stderr': '', 'rc': 0, 'cmd': ['find', '/stigforge/policy', '-xdev', '-type', 'f', '-name', '.shosts'], 'start': '2026-09-12 13:02:02.316870', 'end': '2026-09-12 13:02:02.320003', 'delta': '0:00:00.003133', 'msg': '', 'invocation': {'module_args': {'_raw_params': 'find /stigforge/policy -xdev -type f -name ".shosts"', '_uses_shell': False, 'expand_argument_vars': True, 'stdin_add_newline': True, 'strip_empty_ends': True, 'argv': None, 'chdir': None, 'executable': None, 'creates': None, 'removes': None, 'stdin': None}}, 'stdout_lines': [], 'stderr_lines': [], 'failed': False, 'item': '/stigforge/policy', 'ansible_loop_var': 'item'})
ok: [localhost] => (item={'changed': False, 'stdout': '', 'stderr': '', 'rc': 0, 'cmd': ['find', '/afs', '-xdev', '-type', 'f', '-name', '.shosts'], 'start': '2026-09-12 13:02:02.435258', 'end': '2026-09-12 13:02:02.437695', 'delta': '0:00:00.002437', 'msg': '', 'invocation': {'module_args': {'_raw_params': 'find /afs -xdev -type f -name ".shosts"', '_uses_shell': False, 'expand_argument_vars': True, 'stdin_add_newline': True, 'strip_empty_ends': True, 'argv': None, 'chdir': None, 'executable': None, 'creates': None, 'removes': None, 'stdin': None}}, 'stdout_lines': [], 'stderr_lines': [], 'failed': False, 'item': '/afs', 'ansible_loop_var': 'item'})
ok: [localhost] => (item={'changed': False, 'stdout': '', 'stderr': '', 'rc': 0, 'cmd': ['find', '/var', '-xdev', '-type', 'f', '-name', '.shosts'], 'start': '2026-09-12 13:02:02.551936', 'end': '2026-09-12 13:02:02.555304', 'delta': '0:00:00.003368', 'msg': '', 'invocation': {'module_args': {'_raw_params': 'find /var -xdev -type f -name ".shosts"', '_uses_shell': False, 'expand_argument_vars': True, 'stdin_add_newline': True, 'strip_empty_ends': True, 'argv': None, 'chdir': None, 'executable': None, 'creates': None, 'removes': None, 'stdin': None}}, 'stdout_lines': [], 'stderr_lines': [], 'failed': False, 'item': '/var', 'ansible_loop_var': 'item'})
ok: [localhost] => (item={'changed': False, 'stdout': '', 'stderr': '', 'rc': 0, 'cmd': ['find', '/boot', '-xdev', '-type', 'f', '-name', '.shosts'], 'start': '2026-09-12 13:02:02.668752', 'end': '2026-09-12 13:02:02.671787', 'delta': '0:00:00.003035', 'msg': '', 'invocation': {'module_args': {'_raw_params': 'find /boot -xdev -type f -name ".shosts"', '_uses_shell': False, 'expand_argument_vars': True, 'stdin_add_newline': True, 'strip_empty_ends': True, 'argv': None, 'chdir': None, 'executable': None, 'creates': None, 'removes': None, 'stdin': None}}, 'stdout_lines': [], 'stderr_lines': [], 'failed': False, 'item': '/boot', 'ansible_loop_var': 'item'})
ok: [localhost] => (item={'changed': False, 'stdout': '', 'stderr': '', 'rc': 0, 'cmd': ['find', '/home', '-xdev', '-type', 'f', '-name', '.shosts'], 'start': '2026-09-12 13:02:02.784983', 'end': '2026-09-12 13:02:02.787740', 'delta': '0:00:00.002757', 'msg': '', 'invocation': {'module_args': {'_raw_params': 'find /home -xdev -type f -name ".shosts"', '_uses_shell': False, 'expand_argument_vars': True, 'stdin_add_newline': True, 'strip_empty_ends': True, 'argv': None, 'chdir': None, 'executable': None, 'creates': None, 'removes': None, 'stdin': None}}, 'stdout_lines': [], 'stderr_lines': [], 'failed': False, 'item': '/home', 'ansible_loop_var': 'item'})

TASK [/stigforge/roles/cs9_stig : Remove User Host-Based Authentication Files - Ensure No .shosts Files Are Present in the System] ***
ok: [localhost] => (item=/.shosts)

TASK [/stigforge/roles/cs9_stig : Set the directory_groupowner_sshd_config_d_newgroup variable if represented by gid] ***
skipping: [localhost]

TASK [/stigforge/roles/cs9_stig : Ensure group owner on /etc/ssh/sshd_config.d/] ***
skipping: [localhost]

TASK [/stigforge/roles/cs9_stig : Set the directory_owner_sshd_config_d_newown variable if represented by uid] ***
skipping: [localhost]

TASK [/stigforge/roles/cs9_stig : Ensure owner on directory /etc/ssh/sshd_config.d/] ***
skipping: [localhost]

TASK [/stigforge/roles/cs9_stig : Find /etc/ssh/sshd_config.d/ file(s)] ********
skipping: [localhost]

TASK [/stigforge/roles/cs9_stig : Set permissions for /etc/ssh/sshd_config.d/ file(s)] ***
skipping: [localhost]

TASK [/stigforge/roles/cs9_stig : Set the file_groupowner_sshd_config_newgroup variable if represented by gid] ***
skipping: [localhost]

TASK [/stigforge/roles/cs9_stig : Test for existence /etc/ssh/sshd_config] *****
skipping: [localhost]

TASK [/stigforge/roles/cs9_stig : Ensure group owner on /etc/ssh/sshd_config] ***
skipping: [localhost]

TASK [/stigforge/roles/cs9_stig : Set the file_groupowner_sshd_drop_in_config_newgroup variable if represented by gid] ***
skipping: [localhost]

TASK [/stigforge/roles/cs9_stig : Find /etc/ssh/sshd_config.d/ file(s) matching ^.*$] ***
skipping: [localhost]

TASK [/stigforge/roles/cs9_stig : Ensure group owner on /etc/ssh/sshd_config.d/ file(s) matching ^.*$] ***
skipping: [localhost]

TASK [/stigforge/roles/cs9_stig : Set the file_owner_sshd_config_newown variable if represented by uid] ***
skipping: [localhost]

TASK [/stigforge/roles/cs9_stig : Test for existence /etc/ssh/sshd_config] *****
skipping: [localhost]

TASK [/stigforge/roles/cs9_stig : Ensure owner on /etc/ssh/sshd_config] ********
skipping: [localhost]

TASK [/stigforge/roles/cs9_stig : Set the file_owner_sshd_drop_in_config_newown variable if represented by uid] ***
skipping: [localhost]

TASK [/stigforge/roles/cs9_stig : Find /etc/ssh/sshd_config.d/ file(s) matching ^.*$] ***
skipping: [localhost]

TASK [/stigforge/roles/cs9_stig : Ensure owner on /etc/ssh/sshd_config.d/ file(s) matching ^.*$] ***
skipping: [localhost]

TASK [/stigforge/roles/cs9_stig : Test for existence /etc/ssh/sshd_config] *****
skipping: [localhost]

TASK [/stigforge/roles/cs9_stig : Ensure permission u-xs,g-xwrs,o-xwrt on /etc/ssh/sshd_config] ***
skipping: [localhost]

TASK [/stigforge/roles/cs9_stig : Find /etc/ssh/sshd_config.d/ file(s)] ********
skipping: [localhost]

TASK [/stigforge/roles/cs9_stig : Set permissions for /etc/ssh/sshd_config.d/ file(s)] ***
skipping: [localhost]

TASK [/stigforge/roles/cs9_stig : Find root:root-owned keys] *******************
skipping: [localhost]

TASK [/stigforge/roles/cs9_stig : Set permissions for root:root-owned keys] ****
skipping: [localhost]

TASK [/stigforge/roles/cs9_stig : Find root:ssh_keys-owned keys] ***************
skipping: [localhost]

TASK [/stigforge/roles/cs9_stig : Set permissions for root:ssh_keys-owned keys] ***
skipping: [localhost]

TASK [/stigforge/roles/cs9_stig : Find /etc/ssh/ file(s)] **********************
skipping: [localhost]

TASK [/stigforge/roles/cs9_stig : Set permissions for /etc/ssh/ file(s)] *******
skipping: [localhost]

TASK [/stigforge/roles/cs9_stig : Set SSH Client Alive Count Max - Check if the parameter ClientAliveCountMax is configured in /etc/ssh/sshd_config] ***
skipping: [localhost]

TASK [/stigforge/roles/cs9_stig : Set SSH Client Alive Count Max - Check if the parameter ClientAliveCountMax is configured in /etc/ssh/sshd_config.d] ***
skipping: [localhost]

TASK [/stigforge/roles/cs9_stig : Set SSH Client Alive Count Max - Check if /etc/ssh/sshd_config exists] ***
skipping: [localhost]

TASK [/stigforge/roles/cs9_stig : Set SSH Client Alive Count Max - Check if the parameter ClientAliveCountMax is configured correctly in /etc/ssh/sshd_config] ***
skipping: [localhost]

TASK [/stigforge/roles/cs9_stig : Set SSH Client Alive Count Max - Check if the parameter ClientAliveCountMax is configured correctly in /etc/ssh/sshd_config.d] ***
skipping: [localhost]

TASK [/stigforge/roles/cs9_stig : Deduplicate values from /etc/ssh/sshd_config] ***
skipping: [localhost]

TASK [/stigforge/roles/cs9_stig : Check if /etc/ssh/sshd_config.d exists] ******
skipping: [localhost]

TASK [/stigforge/roles/cs9_stig : Check if the parameter ClientAliveCountMax is present in /etc/ssh/sshd_config.d] ***
skipping: [localhost]

TASK [/stigforge/roles/cs9_stig : Remove parameter from files in /etc/ssh/sshd_config.d] ***
skipping: [localhost]

TASK [/stigforge/roles/cs9_stig : Insert correct line to /etc/ssh/sshd_config.d/00-complianceascode-hardening.conf] ***
skipping: [localhost]

TASK [/stigforge/roles/cs9_stig : Set SSH Client Alive Count Max - set file mode for /etc/ssh/sshd_config.d/00-complianceascode-hardening.conf] ***
skipping: [localhost]

TASK [/stigforge/roles/cs9_stig : Set SSH Client Alive Interval - Check if the parameter ClientAliveInterval is configured in /etc/ssh/sshd_config] ***
skipping: [localhost]

TASK [/stigforge/roles/cs9_stig : Set SSH Client Alive Interval - Check if the parameter ClientAliveInterval is configured in /etc/ssh/sshd_config.d] ***
skipping: [localhost]

TASK [/stigforge/roles/cs9_stig : Set SSH Client Alive Interval - Check if /etc/ssh/sshd_config exists] ***
skipping: [localhost]

TASK [/stigforge/roles/cs9_stig : Set SSH Client Alive Interval - Check if the parameter ClientAliveInterval is configured correctly in /etc/ssh/sshd_config] ***
skipping: [localhost]

TASK [/stigforge/roles/cs9_stig : Set SSH Client Alive Interval - Check if the parameter ClientAliveInterval is configured correctly in /etc/ssh/sshd_config.d] ***
skipping: [localhost]

TASK [/stigforge/roles/cs9_stig : Deduplicate values from /etc/ssh/sshd_config] ***
skipping: [localhost]

TASK [/stigforge/roles/cs9_stig : Check if /etc/ssh/sshd_config.d exists] ******
skipping: [localhost]

TASK [/stigforge/roles/cs9_stig : Check if the parameter ClientAliveInterval is present in /etc/ssh/sshd_config.d] ***
skipping: [localhost]

TASK [/stigforge/roles/cs9_stig : Remove parameter from files in /etc/ssh/sshd_config.d] ***
skipping: [localhost]

TASK [/stigforge/roles/cs9_stig : Insert correct line to /etc/ssh/sshd_config.d/00-complianceascode-hardening.conf] ***
skipping: [localhost]

TASK [/stigforge/roles/cs9_stig : Set SSH Client Alive Interval - set file mode for /etc/ssh/sshd_config.d/00-complianceascode-hardening.conf] ***
skipping: [localhost]

TASK [/stigforge/roles/cs9_stig : Disable Host-Based Authentication - Check if the parameter HostbasedAuthentication is configured in /etc/ssh/sshd_config] ***
skipping: [localhost]

TASK [/stigforge/roles/cs9_stig : Disable Host-Based Authentication - Check if the parameter HostbasedAuthentication is configured in /etc/ssh/sshd_config.d] ***
skipping: [localhost]

TASK [/stigforge/roles/cs9_stig : Disable Host-Based Authentication - Check if /etc/ssh/sshd_config exists] ***
skipping: [localhost]

TASK [/stigforge/roles/cs9_stig : Disable Host-Based Authentication - Check if the parameter HostbasedAuthentication is configured correctly in /etc/ssh/sshd_config] ***
skipping: [localhost]

TASK [/stigforge/roles/cs9_stig : Disable Host-Based Authentication - Check if the parameter HostbasedAuthentication is configured correctly in /etc/ssh/sshd_config.d] ***
skipping: [localhost]

TASK [/stigforge/roles/cs9_stig : Deduplicate values from /etc/ssh/sshd_config] ***
skipping: [localhost]

TASK [/stigforge/roles/cs9_stig : Check if /etc/ssh/sshd_config.d exists] ******
skipping: [localhost]

TASK [/stigforge/roles/cs9_stig : Check if the parameter HostbasedAuthentication is present in /etc/ssh/sshd_config.d] ***
skipping: [localhost]

TASK [/stigforge/roles/cs9_stig : Remove parameter from files in /etc/ssh/sshd_config.d] ***
skipping: [localhost]

TASK [/stigforge/roles/cs9_stig : Insert correct line to /etc/ssh/sshd_config.d/01-complianceascode-reinforce-os-defaults.conf] ***
skipping: [localhost]

TASK [/stigforge/roles/cs9_stig : Disable Host-Based Authentication - set file mode for /etc/ssh/sshd_config.d/01-complianceascode-reinforce-os-defaults.conf] ***
skipping: [localhost]

TASK [/stigforge/roles/cs9_stig : Enable SSH Server firewalld Firewall Exception - Collect NetworkManager connections names] ***
skipping: [localhost]

TASK [/stigforge/roles/cs9_stig : Enable SSH Server firewalld Firewall Exception - Collect NetworkManager connections zones] ***
skipping: [localhost]

TASK [/stigforge/roles/cs9_stig : Enable SSH Server firewalld Firewall Exception - Ensure NetworkManager connections are assigned to a firewalld zone] ***
skipping: [localhost]

TASK [/stigforge/roles/cs9_stig : Enable SSH Server firewalld Firewall Exception - Ensure NetworkManager connections changes are applied] ***
skipping: [localhost]

TASK [/stigforge/roles/cs9_stig : Enable SSH Server firewalld Firewall Exception - Collect firewalld active zones] ***
skipping: [localhost]

TASK [/stigforge/roles/cs9_stig : Enable SSH Server firewalld Firewall Exception - Ensure firewalld zones allow SSH] ***
skipping: [localhost]

TASK [/stigforge/roles/cs9_stig : Enable SSH Server firewalld Firewall Exception - Informative message based on services states] ***
skipping: [localhost]

TASK [/stigforge/roles/cs9_stig : Disable SSH Access via Empty Passwords - Check if the parameter PermitEmptyPasswords is configured in /etc/ssh/sshd_config] ***
skipping: [localhost]

TASK [/stigforge/roles/cs9_stig : Disable SSH Access via Empty Passwords - Check if the parameter PermitEmptyPasswords is configured in /etc/ssh/sshd_config.d] ***
skipping: [localhost]

TASK [/stigforge/roles/cs9_stig : Disable SSH Access via Empty Passwords - Check if /etc/ssh/sshd_config exists] ***
skipping: [localhost]

TASK [/stigforge/roles/cs9_stig : Disable SSH Access via Empty Passwords - Check if the parameter PermitEmptyPasswords is configured correctly in /etc/ssh/sshd_config] ***
skipping: [localhost]

TASK [/stigforge/roles/cs9_stig : Disable SSH Access via Empty Passwords - Check if the parameter PermitEmptyPasswords is configured correctly in /etc/ssh/sshd_config.d] ***
skipping: [localhost]

TASK [/stigforge/roles/cs9_stig : Deduplicate values from /etc/ssh/sshd_config] ***
skipping: [localhost]

TASK [/stigforge/roles/cs9_stig : Check if /etc/ssh/sshd_config.d exists] ******
skipping: [localhost]

TASK [/stigforge/roles/cs9_stig : Check if the parameter PermitEmptyPasswords is present in /etc/ssh/sshd_config.d] ***
skipping: [localhost]

TASK [/stigforge/roles/cs9_stig : Remove parameter from files in /etc/ssh/sshd_config.d] ***
skipping: [localhost]

TASK [/stigforge/roles/cs9_stig : Insert correct line to /etc/ssh/sshd_config.d/01-complianceascode-reinforce-os-defaults.conf] ***
skipping: [localhost]

TASK [/stigforge/roles/cs9_stig : Disable SSH Access via Empty Passwords - set file mode for /etc/ssh/sshd_config.d/01-complianceascode-reinforce-os-defaults.conf] ***
skipping: [localhost]

TASK [/stigforge/roles/cs9_stig : Disable GSSAPI Authentication - Check if the parameter GSSAPIAuthentication is configured in /etc/ssh/sshd_config] ***
skipping: [localhost]

TASK [/stigforge/roles/cs9_stig : Disable GSSAPI Authentication - Check if the parameter GSSAPIAuthentication is configured in /etc/ssh/sshd_config.d] ***
skipping: [localhost]

TASK [/stigforge/roles/cs9_stig : Disable GSSAPI Authentication - Check if /etc/ssh/sshd_config exists] ***
skipping: [localhost]

TASK [/stigforge/roles/cs9_stig : Disable GSSAPI Authentication - Check if the parameter GSSAPIAuthentication is configured correctly in /etc/ssh/sshd_config] ***
skipping: [localhost]

TASK [/stigforge/roles/cs9_stig : Disable GSSAPI Authentication - Check if the parameter GSSAPIAuthentication is configured correctly in /etc/ssh/sshd_config.d] ***
skipping: [localhost]

TASK [/stigforge/roles/cs9_stig : Deduplicate values from /etc/ssh/sshd_config] ***
skipping: [localhost]

TASK [/stigforge/roles/cs9_stig : Check if /etc/ssh/sshd_config.d exists] ******
skipping: [localhost]

TASK [/stigforge/roles/cs9_stig : Check if the parameter GSSAPIAuthentication is present in /etc/ssh/sshd_config.d] ***
skipping: [localhost]

TASK [/stigforge/roles/cs9_stig : Remove parameter from files in /etc/ssh/sshd_config.d] ***
skipping: [localhost]

TASK [/stigforge/roles/cs9_stig : Insert correct line to /etc/ssh/sshd_config.d/01-complianceascode-reinforce-os-defaults.conf] ***
skipping: [localhost]

TASK [/stigforge/roles/cs9_stig : Disable GSSAPI Authentication - set file mode for /etc/ssh/sshd_config.d/01-complianceascode-reinforce-os-defaults.conf] ***
skipping: [localhost]

TASK [/stigforge/roles/cs9_stig : Disable Kerberos Authentication - Check if the parameter KerberosAuthentication is configured in /etc/ssh/sshd_config] ***
skipping: [localhost]

TASK [/stigforge/roles/cs9_stig : Disable Kerberos Authentication - Check if the parameter KerberosAuthentication is configured in /etc/ssh/sshd_config.d] ***
skipping: [localhost]

TASK [/stigforge/roles/cs9_stig : Disable Kerberos Authentication - Check if /etc/ssh/sshd_config exists] ***
skipping: [localhost]

TASK [/stigforge/roles/cs9_stig : Disable Kerberos Authentication - Check if the parameter KerberosAuthentication is configured correctly in /etc/ssh/sshd_config] ***
skipping: [localhost]

TASK [/stigforge/roles/cs9_stig : Disable Kerberos Authentication - Check if the parameter KerberosAuthentication is configured correctly in /etc/ssh/sshd_config.d] ***
skipping: [localhost]

TASK [/stigforge/roles/cs9_stig : Deduplicate values from /etc/ssh/sshd_config] ***
skipping: [localhost]

TASK [/stigforge/roles/cs9_stig : Check if /etc/ssh/sshd_config.d exists] ******
skipping: [localhost]

TASK [/stigforge/roles/cs9_stig : Check if the parameter KerberosAuthentication is present in /etc/ssh/sshd_config.d] ***
skipping: [localhost]

TASK [/stigforge/roles/cs9_stig : Remove parameter from files in /etc/ssh/sshd_config.d] ***
skipping: [localhost]

TASK [/stigforge/roles/cs9_stig : Insert correct line to /etc/ssh/sshd_config.d/01-complianceascode-reinforce-os-defaults.conf] ***
skipping: [localhost]

TASK [/stigforge/roles/cs9_stig : Disable Kerberos Authentication - set file mode for /etc/ssh/sshd_config.d/01-complianceascode-reinforce-os-defaults.conf] ***
skipping: [localhost]

TASK [/stigforge/roles/cs9_stig : Disable SSH Support for .rhosts Files - Check if the parameter IgnoreRhosts is configured in /etc/ssh/sshd_config] ***
skipping: [localhost]

TASK [/stigforge/roles/cs9_stig : Disable SSH Support for .rhosts Files - Check if the parameter IgnoreRhosts is configured in /etc/ssh/sshd_config.d] ***
skipping: [localhost]

TASK [/stigforge/roles/cs9_stig : Disable SSH Support for .rhosts Files - Check if /etc/ssh/sshd_config exists] ***
skipping: [localhost]

TASK [/stigforge/roles/cs9_stig : Disable SSH Support for .rhosts Files - Check if the parameter IgnoreRhosts is configured correctly in /etc/ssh/sshd_config] ***
skipping: [localhost]

TASK [/stigforge/roles/cs9_stig : Disable SSH Support for .rhosts Files - Check if the parameter IgnoreRhosts is configured correctly in /etc/ssh/sshd_config.d] ***
skipping: [localhost]

TASK [/stigforge/roles/cs9_stig : Deduplicate values from /etc/ssh/sshd_config] ***
skipping: [localhost]

TASK [/stigforge/roles/cs9_stig : Check if /etc/ssh/sshd_config.d exists] ******
skipping: [localhost]

TASK [/stigforge/roles/cs9_stig : Check if the parameter IgnoreRhosts is present in /etc/ssh/sshd_config.d] ***
skipping: [localhost]

TASK [/stigforge/roles/cs9_stig : Remove parameter from files in /etc/ssh/sshd_config.d] ***
skipping: [localhost]

TASK [/stigforge/roles/cs9_stig : Insert correct line to /etc/ssh/sshd_config.d/01-complianceascode-reinforce-os-defaults.conf] ***
skipping: [localhost]

TASK [/stigforge/roles/cs9_stig : Disable SSH Support for .rhosts Files - set file mode for /etc/ssh/sshd_config.d/01-complianceascode-reinforce-os-defaults.conf] ***
skipping: [localhost]

TASK [/stigforge/roles/cs9_stig : Disable SSH Root Login - Check if the parameter PermitRootLogin is configured in /etc/ssh/sshd_config] ***
skipping: [localhost]

TASK [/stigforge/roles/cs9_stig : Disable SSH Root Login - Check if the parameter PermitRootLogin is configured in /etc/ssh/sshd_config.d] ***
skipping: [localhost]

TASK [/stigforge/roles/cs9_stig : Disable SSH Root Login - Check if /etc/ssh/sshd_config exists] ***
skipping: [localhost]

TASK [/stigforge/roles/cs9_stig : Disable SSH Root Login - Check if the parameter PermitRootLogin is configured correctly in /etc/ssh/sshd_config] ***
skipping: [localhost]

TASK [/stigforge/roles/cs9_stig : Disable SSH Root Login - Check if the parameter PermitRootLogin is configured correctly in /etc/ssh/sshd_config.d] ***
skipping: [localhost]

TASK [/stigforge/roles/cs9_stig : Deduplicate values from /etc/ssh/sshd_config] ***
skipping: [localhost]

TASK [/stigforge/roles/cs9_stig : Check if /etc/ssh/sshd_config.d exists] ******
skipping: [localhost]

TASK [/stigforge/roles/cs9_stig : Check if the parameter PermitRootLogin is present in /etc/ssh/sshd_config.d] ***
skipping: [localhost]

TASK [/stigforge/roles/cs9_stig : Remove parameter from files in /etc/ssh/sshd_config.d] ***
skipping: [localhost]

TASK [/stigforge/roles/cs9_stig : Insert correct line to /etc/ssh/sshd_config.d/00-complianceascode-hardening.conf] ***
skipping: [localhost]

TASK [/stigforge/roles/cs9_stig : Disable SSH Root Login - set file mode for /etc/ssh/sshd_config.d/00-complianceascode-hardening.conf] ***
skipping: [localhost]

TASK [/stigforge/roles/cs9_stig : Disable SSH Support for User Known Hosts - Check if the parameter IgnoreUserKnownHosts is configured in /etc/ssh/sshd_config] ***
skipping: [localhost]

TASK [/stigforge/roles/cs9_stig : Disable SSH Support for User Known Hosts - Check if the parameter IgnoreUserKnownHosts is configured in /etc/ssh/sshd_config.d] ***
skipping: [localhost]

TASK [/stigforge/roles/cs9_stig : Disable SSH Support for User Known Hosts - Check if /etc/ssh/sshd_config exists] ***
skipping: [localhost]

TASK [/stigforge/roles/cs9_stig : Disable SSH Support for User Known Hosts - Check if the parameter IgnoreUserKnownHosts is configured correctly in /etc/ssh/sshd_config] ***
skipping: [localhost]

TASK [/stigforge/roles/cs9_stig : Disable SSH Support for User Known Hosts - Check if the parameter IgnoreUserKnownHosts is configured correctly in /etc/ssh/sshd_config.d] ***
skipping: [localhost]

TASK [/stigforge/roles/cs9_stig : Deduplicate values from /etc/ssh/sshd_config] ***
skipping: [localhost]

TASK [/stigforge/roles/cs9_stig : Check if /etc/ssh/sshd_config.d exists] ******
skipping: [localhost]

TASK [/stigforge/roles/cs9_stig : Check if the parameter IgnoreUserKnownHosts is present in /etc/ssh/sshd_config.d] ***
skipping: [localhost]

TASK [/stigforge/roles/cs9_stig : Remove parameter from files in /etc/ssh/sshd_config.d] ***
skipping: [localhost]

TASK [/stigforge/roles/cs9_stig : Insert correct line to /etc/ssh/sshd_config.d/00-complianceascode-hardening.conf] ***
skipping: [localhost]

TASK [/stigforge/roles/cs9_stig : Disable SSH Support for User Known Hosts - set file mode for /etc/ssh/sshd_config.d/00-complianceascode-hardening.conf] ***
skipping: [localhost]

TASK [/stigforge/roles/cs9_stig : Disable X11 Forwarding - Check if the parameter X11Forwarding is configured in /etc/ssh/sshd_config] ***
skipping: [localhost]

TASK [/stigforge/roles/cs9_stig : Disable X11 Forwarding - Check if the parameter X11Forwarding is configured in /etc/ssh/sshd_config.d] ***
skipping: [localhost]

TASK [/stigforge/roles/cs9_stig : Disable X11 Forwarding - Check if /etc/ssh/sshd_config exists] ***
skipping: [localhost]

TASK [/stigforge/roles/cs9_stig : Disable X11 Forwarding - Check if the parameter X11Forwarding is configured correctly in /etc/ssh/sshd_config] ***
skipping: [localhost]

TASK [/stigforge/roles/cs9_stig : Disable X11 Forwarding - Check if the parameter X11Forwarding is configured correctly in /etc/ssh/sshd_config.d] ***
skipping: [localhost]

TASK [/stigforge/roles/cs9_stig : Deduplicate values from /etc/ssh/sshd_config] ***
skipping: [localhost]

TASK [/stigforge/roles/cs9_stig : Check if /etc/ssh/sshd_config.d exists] ******
skipping: [localhost]

TASK [/stigforge/roles/cs9_stig : Check if the parameter X11Forwarding is present in /etc/ssh/sshd_config.d] ***
skipping: [localhost]

TASK [/stigforge/roles/cs9_stig : Remove parameter from files in /etc/ssh/sshd_config.d] ***
skipping: [localhost]

TASK [/stigforge/roles/cs9_stig : Insert correct line to /etc/ssh/sshd_config.d/01-complianceascode-reinforce-os-defaults.conf] ***
skipping: [localhost]

TASK [/stigforge/roles/cs9_stig : Disable X11 Forwarding - set file mode for /etc/ssh/sshd_config.d/01-complianceascode-reinforce-os-defaults.conf] ***
skipping: [localhost]

TASK [/stigforge/roles/cs9_stig : Do Not Allow SSH Environment Options - Check if the parameter PermitUserEnvironment is configured in /etc/ssh/sshd_config] ***
skipping: [localhost]

TASK [/stigforge/roles/cs9_stig : Do Not Allow SSH Environment Options - Check if the parameter PermitUserEnvironment is configured in /etc/ssh/sshd_config.d] ***
skipping: [localhost]

TASK [/stigforge/roles/cs9_stig : Do Not Allow SSH Environment Options - Check if /etc/ssh/sshd_config exists] ***
skipping: [localhost]

TASK [/stigforge/roles/cs9_stig : Do Not Allow SSH Environment Options - Check if the parameter PermitUserEnvironment is configured correctly in /etc/ssh/sshd_config] ***
skipping: [localhost]

TASK [/stigforge/roles/cs9_stig : Do Not Allow SSH Environment Options - Check if the parameter PermitUserEnvironment is configured correctly in /etc/ssh/sshd_config.d] ***
skipping: [localhost]

TASK [/stigforge/roles/cs9_stig : Deduplicate values from /etc/ssh/sshd_config] ***
skipping: [localhost]

TASK [/stigforge/roles/cs9_stig : Check if /etc/ssh/sshd_config.d exists] ******
skipping: [localhost]

TASK [/stigforge/roles/cs9_stig : Check if the parameter PermitUserEnvironment is present in /etc/ssh/sshd_config.d] ***
skipping: [localhost]

TASK [/stigforge/roles/cs9_stig : Remove parameter from files in /etc/ssh/sshd_config.d] ***
skipping: [localhost]

TASK [/stigforge/roles/cs9_stig : Insert correct line to /etc/ssh/sshd_config.d/01-complianceascode-reinforce-os-defaults.conf] ***
skipping: [localhost]

TASK [/stigforge/roles/cs9_stig : Do Not Allow SSH Environment Options - set file mode for /etc/ssh/sshd_config.d/01-complianceascode-reinforce-os-defaults.conf] ***
skipping: [localhost]

TASK [/stigforge/roles/cs9_stig : Enable PAM - Check if the parameter UsePAM is configured in /etc/ssh/sshd_config] ***
skipping: [localhost]

TASK [/stigforge/roles/cs9_stig : Enable PAM - Check if the parameter UsePAM is configured in /etc/ssh/sshd_config.d] ***
skipping: [localhost]

TASK [/stigforge/roles/cs9_stig : Enable PAM - Check if /etc/ssh/sshd_config exists] ***
skipping: [localhost]

TASK [/stigforge/roles/cs9_stig : Enable PAM - Check if the parameter UsePAM is configured correctly in /etc/ssh/sshd_config] ***
skipping: [localhost]

TASK [/stigforge/roles/cs9_stig : Enable PAM - Check if the parameter UsePAM is configured correctly in /etc/ssh/sshd_config.d] ***
skipping: [localhost]

TASK [/stigforge/roles/cs9_stig : Deduplicate values from /etc/ssh/sshd_config] ***
skipping: [localhost]

TASK [/stigforge/roles/cs9_stig : Check if /etc/ssh/sshd_config.d exists] ******
skipping: [localhost]

TASK [/stigforge/roles/cs9_stig : Check if the parameter UsePAM is present in /etc/ssh/sshd_config.d] ***
skipping: [localhost]

TASK [/stigforge/roles/cs9_stig : Remove parameter from files in /etc/ssh/sshd_config.d] ***
skipping: [localhost]

TASK [/stigforge/roles/cs9_stig : Insert correct line to /etc/ssh/sshd_config.d/00-complianceascode-hardening.conf] ***
skipping: [localhost]

TASK [/stigforge/roles/cs9_stig : Enable PAM - set file mode for /etc/ssh/sshd_config.d/00-complianceascode-hardening.conf] ***
skipping: [localhost]

TASK [/stigforge/roles/cs9_stig : Enable Public Key Authentication - Check if the parameter PubkeyAuthentication is configured in /etc/ssh/sshd_config] ***
skipping: [localhost]

TASK [/stigforge/roles/cs9_stig : Enable Public Key Authentication - Check if the parameter PubkeyAuthentication is configured in /etc/ssh/sshd_config.d] ***
skipping: [localhost]

TASK [/stigforge/roles/cs9_stig : Enable Public Key Authentication - Check if /etc/ssh/sshd_config exists] ***
skipping: [localhost]

TASK [/stigforge/roles/cs9_stig : Enable Public Key Authentication - Check if the parameter PubkeyAuthentication is configured correctly in /etc/ssh/sshd_config] ***
skipping: [localhost]

TASK [/stigforge/roles/cs9_stig : Enable Public Key Authentication - Check if the parameter PubkeyAuthentication is configured correctly in /etc/ssh/sshd_config.d] ***
skipping: [localhost]

TASK [/stigforge/roles/cs9_stig : Deduplicate values from /etc/ssh/sshd_config] ***
skipping: [localhost]

TASK [/stigforge/roles/cs9_stig : Check if /etc/ssh/sshd_config.d exists] ******
skipping: [localhost]

TASK [/stigforge/roles/cs9_stig : Check if the parameter PubkeyAuthentication is present in /etc/ssh/sshd_config.d] ***
skipping: [localhost]

TASK [/stigforge/roles/cs9_stig : Remove parameter from files in /etc/ssh/sshd_config.d] ***
skipping: [localhost]

TASK [/stigforge/roles/cs9_stig : Insert correct line to /etc/ssh/sshd_config.d/00-complianceascode-hardening.conf] ***
skipping: [localhost]

TASK [/stigforge/roles/cs9_stig : Enable Public Key Authentication - set file mode for /etc/ssh/sshd_config.d/00-complianceascode-hardening.conf] ***
skipping: [localhost]

TASK [/stigforge/roles/cs9_stig : Enable Use of Strict Mode Checking - Check if the parameter StrictModes is configured in /etc/ssh/sshd_config] ***
skipping: [localhost]

TASK [/stigforge/roles/cs9_stig : Enable Use of Strict Mode Checking - Check if the parameter StrictModes is configured in /etc/ssh/sshd_config.d] ***
skipping: [localhost]

TASK [/stigforge/roles/cs9_stig : Enable Use of Strict Mode Checking - Check if /etc/ssh/sshd_config exists] ***
skipping: [localhost]

TASK [/stigforge/roles/cs9_stig : Enable Use of Strict Mode Checking - Check if the parameter StrictModes is configured correctly in /etc/ssh/sshd_config] ***
skipping: [localhost]

TASK [/stigforge/roles/cs9_stig : Enable Use of Strict Mode Checking - Check if the parameter StrictModes is configured correctly in /etc/ssh/sshd_config.d] ***
skipping: [localhost]

TASK [/stigforge/roles/cs9_stig : Deduplicate values from /etc/ssh/sshd_config] ***
skipping: [localhost]

TASK [/stigforge/roles/cs9_stig : Check if /etc/ssh/sshd_config.d exists] ******
skipping: [localhost]

TASK [/stigforge/roles/cs9_stig : Check if the parameter StrictModes is present in /etc/ssh/sshd_config.d] ***
skipping: [localhost]

TASK [/stigforge/roles/cs9_stig : Remove parameter from files in /etc/ssh/sshd_config.d] ***
skipping: [localhost]

TASK [/stigforge/roles/cs9_stig : Insert correct line to /etc/ssh/sshd_config.d/01-complianceascode-reinforce-os-defaults.conf] ***
skipping: [localhost]

TASK [/stigforge/roles/cs9_stig : Enable Use of Strict Mode Checking - set file mode for /etc/ssh/sshd_config.d/01-complianceascode-reinforce-os-defaults.conf] ***
skipping: [localhost]

TASK [/stigforge/roles/cs9_stig : Enable SSH Warning Banner - Check if the parameter Banner is configured in /etc/ssh/sshd_config] ***
skipping: [localhost]

TASK [/stigforge/roles/cs9_stig : Enable SSH Warning Banner - Check if the parameter Banner is configured in /etc/ssh/sshd_config.d] ***
skipping: [localhost]

TASK [/stigforge/roles/cs9_stig : Enable SSH Warning Banner - Check if /etc/ssh/sshd_config exists] ***
skipping: [localhost]

TASK [/stigforge/roles/cs9_stig : Enable SSH Warning Banner - Check if the parameter Banner is configured correctly in /etc/ssh/sshd_config] ***
skipping: [localhost]

TASK [/stigforge/roles/cs9_stig : Enable SSH Warning Banner - Check if the parameter Banner is configured correctly in /etc/ssh/sshd_config.d] ***
skipping: [localhost]

TASK [/stigforge/roles/cs9_stig : Deduplicate values from /etc/ssh/sshd_config] ***
skipping: [localhost]

TASK [/stigforge/roles/cs9_stig : Check if /etc/ssh/sshd_config.d exists] ******
skipping: [localhost]

TASK [/stigforge/roles/cs9_stig : Check if the parameter Banner is present in /etc/ssh/sshd_config.d] ***
skipping: [localhost]

TASK [/stigforge/roles/cs9_stig : Remove parameter from files in /etc/ssh/sshd_config.d] ***
skipping: [localhost]

TASK [/stigforge/roles/cs9_stig : Insert correct line to /etc/ssh/sshd_config.d/00-complianceascode-hardening.conf] ***
skipping: [localhost]

TASK [/stigforge/roles/cs9_stig : Enable SSH Warning Banner - set file mode for /etc/ssh/sshd_config.d/00-complianceascode-hardening.conf] ***
skipping: [localhost]

TASK [/stigforge/roles/cs9_stig : Enable SSH Print Last Log - Check if the parameter PrintLastLog is configured in /etc/ssh/sshd_config] ***
skipping: [localhost]

TASK [/stigforge/roles/cs9_stig : Enable SSH Print Last Log - Check if the parameter PrintLastLog is configured in /etc/ssh/sshd_config.d] ***
skipping: [localhost]

TASK [/stigforge/roles/cs9_stig : Enable SSH Print Last Log - Check if /etc/ssh/sshd_config exists] ***
skipping: [localhost]

TASK [/stigforge/roles/cs9_stig : Enable SSH Print Last Log - Check if the parameter PrintLastLog is configured correctly in /etc/ssh/sshd_config] ***
skipping: [localhost]

TASK [/stigforge/roles/cs9_stig : Enable SSH Print Last Log - Check if the parameter PrintLastLog is configured correctly in /etc/ssh/sshd_config.d] ***
skipping: [localhost]

TASK [/stigforge/roles/cs9_stig : Deduplicate values from /etc/ssh/sshd_config] ***
skipping: [localhost]

TASK [/stigforge/roles/cs9_stig : Check if /etc/ssh/sshd_config.d exists] ******
skipping: [localhost]

TASK [/stigforge/roles/cs9_stig : Check if the parameter PrintLastLog is present in /etc/ssh/sshd_config.d] ***
skipping: [localhost]

TASK [/stigforge/roles/cs9_stig : Remove parameter from files in /etc/ssh/sshd_config.d] ***
skipping: [localhost]

TASK [/stigforge/roles/cs9_stig : Insert correct line to /etc/ssh/sshd_config.d/01-complianceascode-reinforce-os-defaults.conf] ***
skipping: [localhost]

TASK [/stigforge/roles/cs9_stig : Enable SSH Print Last Log - set file mode for /etc/ssh/sshd_config.d/01-complianceascode-reinforce-os-defaults.conf] ***
skipping: [localhost]

TASK [/stigforge/roles/cs9_stig : Force frequent session key renegotiation - Check if the parameter RekeyLimit is configured in /etc/ssh/sshd_config] ***
skipping: [localhost]

TASK [/stigforge/roles/cs9_stig : Force frequent session key renegotiation - Check if the parameter RekeyLimit is configured in /etc/ssh/sshd_config.d] ***
skipping: [localhost]

TASK [/stigforge/roles/cs9_stig : Force frequent session key renegotiation - Check if /etc/ssh/sshd_config exists] ***
skipping: [localhost]

TASK [/stigforge/roles/cs9_stig : Force frequent session key renegotiation - Check if the parameter RekeyLimit is configured correctly in /etc/ssh/sshd_config] ***
skipping: [localhost]

TASK [/stigforge/roles/cs9_stig : Force frequent session key renegotiation - Check if the parameter RekeyLimit is configured correctly in /etc/ssh/sshd_config.d] ***
skipping: [localhost]

TASK [/stigforge/roles/cs9_stig : Deduplicate values from /etc/ssh/sshd_config] ***
skipping: [localhost]

TASK [/stigforge/roles/cs9_stig : Check if /etc/ssh/sshd_config.d exists] ******
skipping: [localhost]

TASK [/stigforge/roles/cs9_stig : Check if the parameter RekeyLimit is present in /etc/ssh/sshd_config.d] ***
skipping: [localhost]

TASK [/stigforge/roles/cs9_stig : Remove parameter from files in /etc/ssh/sshd_config.d] ***
skipping: [localhost]

TASK [/stigforge/roles/cs9_stig : Insert correct line to /etc/ssh/sshd_config.d/00-complianceascode-hardening.conf] ***
skipping: [localhost]

TASK [/stigforge/roles/cs9_stig : Force frequent session key renegotiation - set file mode for /etc/ssh/sshd_config.d/00-complianceascode-hardening.conf] ***
skipping: [localhost]

TASK [/stigforge/roles/cs9_stig : Set SSH Daemon LogLevel to VERBOSE - Check if the parameter LogLevel is configured in /etc/ssh/sshd_config] ***
skipping: [localhost]

TASK [/stigforge/roles/cs9_stig : Set SSH Daemon LogLevel to VERBOSE - Check if the parameter LogLevel is configured in /etc/ssh/sshd_config.d] ***
skipping: [localhost]

TASK [/stigforge/roles/cs9_stig : Set SSH Daemon LogLevel to VERBOSE - Check if /etc/ssh/sshd_config exists] ***
skipping: [localhost]

TASK [/stigforge/roles/cs9_stig : Set SSH Daemon LogLevel to VERBOSE - Check if the parameter LogLevel is configured correctly in /etc/ssh/sshd_config] ***
skipping: [localhost]

TASK [/stigforge/roles/cs9_stig : Set SSH Daemon LogLevel to VERBOSE - Check if the parameter LogLevel is configured correctly in /etc/ssh/sshd_config.d] ***
skipping: [localhost]

TASK [/stigforge/roles/cs9_stig : Deduplicate values from /etc/ssh/sshd_config] ***
skipping: [localhost]

TASK [/stigforge/roles/cs9_stig : Check if /etc/ssh/sshd_config.d exists] ******
skipping: [localhost]

TASK [/stigforge/roles/cs9_stig : Check if the parameter LogLevel is present in /etc/ssh/sshd_config.d] ***
skipping: [localhost]

TASK [/stigforge/roles/cs9_stig : Remove parameter from files in /etc/ssh/sshd_config.d] ***
skipping: [localhost]

TASK [/stigforge/roles/cs9_stig : Insert correct line to /etc/ssh/sshd_config.d/00-complianceascode-hardening.conf] ***
skipping: [localhost]

TASK [/stigforge/roles/cs9_stig : Set SSH Daemon LogLevel to VERBOSE - set file mode for /etc/ssh/sshd_config.d/00-complianceascode-hardening.conf] ***
skipping: [localhost]

TASK [/stigforge/roles/cs9_stig : Prevent remote hosts from connecting to the proxy display - Check if the parameter X11UseLocalhost is configured in /etc/ssh/sshd_config] ***
skipping: [localhost]

TASK [/stigforge/roles/cs9_stig : Prevent remote hosts from connecting to the proxy display - Check if the parameter X11UseLocalhost is configured in /etc/ssh/sshd_config.d] ***
skipping: [localhost]

TASK [/stigforge/roles/cs9_stig : Prevent remote hosts from connecting to the proxy display - Check if /etc/ssh/sshd_config exists] ***
skipping: [localhost]

TASK [/stigforge/roles/cs9_stig : Prevent remote hosts from connecting to the proxy display - Check if the parameter X11UseLocalhost is configured correctly in /etc/ssh/sshd_config] ***
skipping: [localhost]

TASK [/stigforge/roles/cs9_stig : Prevent remote hosts from connecting to the proxy display - Check if the parameter X11UseLocalhost is configured correctly in /etc/ssh/sshd_config.d] ***
skipping: [localhost]

TASK [/stigforge/roles/cs9_stig : Deduplicate values from /etc/ssh/sshd_config] ***
skipping: [localhost]

TASK [/stigforge/roles/cs9_stig : Check if /etc/ssh/sshd_config.d exists] ******
skipping: [localhost]

TASK [/stigforge/roles/cs9_stig : Check if the parameter X11UseLocalhost is present in /etc/ssh/sshd_config.d] ***
skipping: [localhost]

TASK [/stigforge/roles/cs9_stig : Remove parameter from files in /etc/ssh/sshd_config.d] ***
skipping: [localhost]

TASK [/stigforge/roles/cs9_stig : Insert correct line to /etc/ssh/sshd_config.d/01-complianceascode-reinforce-os-defaults.conf] ***
skipping: [localhost]

TASK [/stigforge/roles/cs9_stig : Prevent remote hosts from connecting to the proxy display - set file mode for /etc/ssh/sshd_config.d/01-complianceascode-reinforce-os-defaults.conf] ***
skipping: [localhost]

TASK [/stigforge/roles/cs9_stig : Configure SSSD to Expire Offline Credentials - Ensure sssd config directory exists] ***
skipping: [localhost]

TASK [/stigforge/roles/cs9_stig : Configure SSSD to Expire Offline Credentials - Test for domain group in main config] ***
skipping: [localhost]

TASK [/stigforge/roles/cs9_stig : Configure SSSD to Expire Offline Credentials - Test for domain group in conf.d] ***
skipping: [localhost]

TASK [/stigforge/roles/cs9_stig : Configure SSSD to Expire Offline Credentials - Add default domain group (if no domain there)] ***
skipping: [localhost] => (item={'section': 'sssd', 'option': 'domains', 'value': 'default'}) 
skipping: [localhost] => (item={'section': 'domain/default', 'option': 'id_provider', 'value': 'files'}) 
skipping: [localhost]

TASK [/stigforge/roles/cs9_stig : Configure SSD to Expire Offline Credentials] ***
skipping: [localhost]

TASK [/stigforge/roles/cs9_stig : Find all the conf files inside /etc/sssd/conf.d] ***
skipping: [localhost]

TASK [/stigforge/roles/cs9_stig : Fix offline_credentials_expiration configuration in /etc/sssd/conf.d] ***
skipping: [localhost]

TASK [/stigforge/roles/cs9_stig : Check for duplicate values] ******************
skipping: [localhost]

TASK [/stigforge/roles/cs9_stig : Deduplicate values from /etc/usbguard/usbguard-daemon.conf] ***
skipping: [localhost]

TASK [/stigforge/roles/cs9_stig : Insert correct line to /etc/usbguard/usbguard-daemon.conf] ***
skipping: [localhost]

TASK [/stigforge/roles/cs9_stig : Switch to multi-user runlevel] ***************
skipping: [localhost]

TASK [/stigforge/roles/cs9_stig : Check if audit argument is already present in /etc/default/grub] ***
skipping: [localhost]

TASK [/stigforge/roles/cs9_stig : Check if audit argument is already present] ***
skipping: [localhost]

TASK [/stigforge/roles/cs9_stig : Update grub defaults and the bootloader menu] ***
skipping: [localhost]

TASK [/stigforge/roles/cs9_stig : Check if audit_backlog_limit argument is already present in /etc/default/grub] ***
skipping: [localhost]

TASK [/stigforge/roles/cs9_stig : Check if audit_backlog_limit argument is already present] ***
skipping: [localhost]

TASK [/stigforge/roles/cs9_stig : Update grub defaults and the bootloader menu] ***
skipping: [localhost]

TASK [/stigforge/roles/cs9_stig : Audit Any Script or Executable Called by Cron as Root or by Any Privileged User - Set cron_exec_audit_rules fact] ***
skipping: [localhost]

TASK [/stigforge/roles/cs9_stig : Audit Any Script or Executable Called by Cron as Root or by Any Privileged User - Update /etc/audit/rules.d/cron_exec.rules to audit cron execution] ***
skipping: [localhost]

TASK [/stigforge/roles/cs9_stig : Audit Any Script or Executable Called by Cron as Root or by Any Privileged User - Update /etc/audit/audit.rules to audit cron execution] ***
skipping: [localhost]

TASK [/stigforge/roles/cs9_stig : Make the auditd Configuration Immutable - Collect all files from /etc/audit/rules.d with .rules extension] ***
skipping: [localhost]

TASK [/stigforge/roles/cs9_stig : Make the auditd Configuration Immutable - Check if target files exist and get their content] ***
skipping: [localhost] => (item=/etc/audit/audit.rules) 
skipping: [localhost] => (item=/etc/audit/rules.d/immutable.rules) 
skipping: [localhost]

TASK [/stigforge/roles/cs9_stig : Make the auditd Configuration Immutable - Read content of existing audit files] ***
skipping: [localhost] => (item={'changed': False, 'skipped': True, 'skip_reason': 'Conditional result was False', 'false_condition': '"audit" in ansible_facts.packages', 'item': '/etc/audit/audit.rules', 'ansible_loop_var': 'item'}) 
skipping: [localhost] => (item={'changed': False, 'skipped': True, 'skip_reason': 'Conditional result was False', 'false_condition': '"audit" in ansible_facts.packages', 'item': '/etc/audit/rules.d/immutable.rules', 'ansible_loop_var': 'item'}) 
skipping: [localhost]

TASK [/stigforge/roles/cs9_stig : Make the auditd Configuration Immutable - Check if -e 2 is already correctly set in target files] ***
skipping: [localhost]

TASK [/stigforge/roles/cs9_stig : Make the auditd Configuration Immutable - Remove any existing -e option from all Audit config files] ***
skipping: [localhost]

TASK [/stigforge/roles/cs9_stig : Make the auditd Configuration Immutable - Ensure target directories exist] ***
skipping: [localhost] => (item=/etc/audit/audit.rules) 
skipping: [localhost] => (item=/etc/audit/rules.d/immutable.rules) 
skipping: [localhost]

TASK [/stigforge/roles/cs9_stig : Make the auditd Configuration Immutable - Add Audit -e 2 option to make rules immutable] ***
skipping: [localhost] => (item=/etc/audit/audit.rules) 
skipping: [localhost] => (item=/etc/audit/rules.d/immutable.rules) 
skipping: [localhost]

TASK [/stigforge/roles/cs9_stig : Ensure auditd Collects System Administrator Actions - /etc/sudoers - Check if watch rule for /etc/sudoers already exists in /etc/audit/rules.d/] ***
skipping: [localhost]

TASK [/stigforge/roles/cs9_stig : Ensure auditd Collects System Administrator Actions - /etc/sudoers - Search /etc/audit/rules.d for other rules with specified key actions] ***
skipping: [localhost]

TASK [/stigforge/roles/cs9_stig : Ensure auditd Collects System Administrator Actions - /etc/sudoers - Use /etc/audit/rules.d/actions.rules as the recipient for the rule] ***
skipping: [localhost]

TASK [/stigforge/roles/cs9_stig : Ensure auditd Collects System Administrator Actions - /etc/sudoers - Use matched file as the recipient for the rule] ***
skipping: [localhost]

TASK [/stigforge/roles/cs9_stig : Ensure auditd Collects System Administrator Actions - /etc/sudoers - Add watch rule for /etc/sudoers in /etc/audit/rules.d/] ***
skipping: [localhost]

TASK [/stigforge/roles/cs9_stig : Ensure auditd Collects System Administrator Actions - /etc/sudoers - Check if watch rule for /etc/sudoers already exists in /etc/audit/rules.d/] ***
skipping: [localhost]

TASK [/stigforge/roles/cs9_stig : Ensure auditd Collects System Administrator Actions - /etc/sudoers - Search /etc/audit/rules.d for other rules with specified key actions] ***
skipping: [localhost]

TASK [/stigforge/roles/cs9_stig : Ensure auditd Collects System Administrator Actions - /etc/sudoers - Use /etc/audit/rules.d/actions.rules as the recipient for the rule] ***
skipping: [localhost]

TASK [/stigforge/roles/cs9_stig : Ensure auditd Collects System Administrator Actions - /etc/sudoers - Use matched file as the recipient for the rule] ***
skipping: [localhost]

TASK [/stigforge/roles/cs9_stig : Ensure auditd Collects System Administrator Actions - /etc/sudoers - Add watch rule for /etc/sudoers in /etc/audit/rules.d/] ***
skipping: [localhost]

TASK [/stigforge/roles/cs9_stig : Ensure auditd Collects System Administrator Actions - /etc/sudoers - Check if watch rule for /etc/sudoers already exists in /etc/audit/audit.rules] ***
skipping: [localhost]

TASK [/stigforge/roles/cs9_stig : Ensure auditd Collects System Administrator Actions - /etc/sudoers - Add watch rule for /etc/sudoers in /etc/audit/audit.rules] ***
skipping: [localhost]

TASK [/stigforge/roles/cs9_stig : Ensure auditd Collects System Administrator Actions - /etc/sudoers - Check if watch rule for /etc/sudoers already exists in /etc/audit/audit.rules] ***
skipping: [localhost]

TASK [/stigforge/roles/cs9_stig : Ensure auditd Collects System Administrator Actions - /etc/sudoers - Add watch rule for /etc/sudoers in /etc/audit/audit.rules] ***
skipping: [localhost]

TASK [/stigforge/roles/cs9_stig : Ensure auditd Collects System Administrator Actions - /etc/sudoers.d/ - Check if watch rule for /etc/sudoers.d/ already exists in /etc/audit/rules.d/] ***
skipping: [localhost]

TASK [/stigforge/roles/cs9_stig : Ensure auditd Collects System Administrator Actions - /etc/sudoers.d/ - Search /etc/audit/rules.d for other rules with specified key actions] ***
skipping: [localhost]

TASK [/stigforge/roles/cs9_stig : Ensure auditd Collects System Administrator Actions - /etc/sudoers.d/ - Use /etc/audit/rules.d/actions.rules as the recipient for the rule] ***
skipping: [localhost]

TASK [/stigforge/roles/cs9_stig : Ensure auditd Collects System Administrator Actions - /etc/sudoers.d/ - Use matched file as the recipient for the rule] ***
skipping: [localhost]

TASK [/stigforge/roles/cs9_stig : Ensure auditd Collects System Administrator Actions - /etc/sudoers.d/ - Add watch rule for /etc/sudoers.d/ in /etc/audit/rules.d/] ***
skipping: [localhost]

TASK [/stigforge/roles/cs9_stig : Ensure auditd Collects System Administrator Actions - /etc/sudoers.d/ - Check if watch rule for /etc/sudoers.d/ already exists in /etc/audit/rules.d/] ***
skipping: [localhost]

TASK [/stigforge/roles/cs9_stig : Ensure auditd Collects System Administrator Actions - /etc/sudoers.d/ - Search /etc/audit/rules.d for other rules with specified key actions] ***
skipping: [localhost]

TASK [/stigforge/roles/cs9_stig : Ensure auditd Collects System Administrator Actions - /etc/sudoers.d/ - Use /etc/audit/rules.d/actions.rules as the recipient for the rule] ***
skipping: [localhost]

TASK [/stigforge/roles/cs9_stig : Ensure auditd Collects System Administrator Actions - /etc/sudoers.d/ - Use matched file as the recipient for the rule] ***
skipping: [localhost]

TASK [/stigforge/roles/cs9_stig : Ensure auditd Collects System Administrator Actions - /etc/sudoers.d/ - Add watch rule for /etc/sudoers.d/ in /etc/audit/rules.d/] ***
skipping: [localhost]

TASK [/stigforge/roles/cs9_stig : Ensure auditd Collects System Administrator Actions - /etc/sudoers.d/ - Check if watch rule for /etc/sudoers.d/ already exists in /etc/audit/audit.rules] ***
skipping: [localhost]

TASK [/stigforge/roles/cs9_stig : Ensure auditd Collects System Administrator Actions - /etc/sudoers.d/ - Add watch rule for /etc/sudoers.d/ in /etc/audit/audit.rules] ***
skipping: [localhost]

TASK [/stigforge/roles/cs9_stig : Ensure auditd Collects System Administrator Actions - /etc/sudoers.d/ - Check if watch rule for /etc/sudoers.d/ already exists in /etc/audit/audit.rules] ***
skipping: [localhost]

TASK [/stigforge/roles/cs9_stig : Ensure auditd Collects System Administrator Actions - /etc/sudoers.d/ - Add watch rule for /etc/sudoers.d/ in /etc/audit/audit.rules] ***
skipping: [localhost]

TASK [/stigforge/roles/cs9_stig : Set suid_audit_rules fact] *******************
skipping: [localhost]

TASK [/stigforge/roles/cs9_stig : Update /etc/audit/rules.d/privileged.rules to audit privileged functions] ***
skipping: [localhost]

TASK [/stigforge/roles/cs9_stig : Update /etc/audit/audit.rules to audit privileged functions] ***
skipping: [localhost]

TASK [/stigforge/roles/cs9_stig : Restart Auditd] ******************************
skipping: [localhost]

TASK [/stigforge/roles/cs9_stig : Collect all files from /etc/audit/rules.d with .rules extension] ***
skipping: [localhost]

TASK [/stigforge/roles/cs9_stig : Remove the -f option from all Audit config files] ***
skipping: [localhost]

TASK [/stigforge/roles/cs9_stig : Add Audit -f option into /etc/audit/rules.d/immutable.rules and /etc/audit/audit.rules] ***
skipping: [localhost] => (item=/etc/audit/audit.rules) 
skipping: [localhost] => (item=/etc/audit/rules.d/immutable.rules) 
skipping: [localhost]

TASK [/stigforge/roles/cs9_stig : Record Events that Modify User/Group Information - /etc/group - Check if watch rule for /etc/group already exists in /etc/audit/rules.d/] ***
skipping: [localhost]

TASK [/stigforge/roles/cs9_stig : Record Events that Modify User/Group Information - /etc/group - Search /etc/audit/rules.d for other rules with specified key audit_rules_usergroup_modification] ***
skipping: [localhost]

TASK [/stigforge/roles/cs9_stig : Record Events that Modify User/Group Information - /etc/group - Use /etc/audit/rules.d/audit_rules_usergroup_modification.rules as the recipient for the rule] ***
skipping: [localhost]

TASK [/stigforge/roles/cs9_stig : Record Events that Modify User/Group Information - /etc/group - Use matched file as the recipient for the rule] ***
skipping: [localhost]

TASK [/stigforge/roles/cs9_stig : Record Events that Modify User/Group Information - /etc/group - Add watch rule for /etc/group in /etc/audit/rules.d/] ***
skipping: [localhost]

TASK [/stigforge/roles/cs9_stig : Record Events that Modify User/Group Information - /etc/group - Check if watch rule for /etc/group already exists in /etc/audit/rules.d/] ***
skipping: [localhost]

TASK [/stigforge/roles/cs9_stig : Record Events that Modify User/Group Information - /etc/group - Search /etc/audit/rules.d for other rules with specified key audit_rules_usergroup_modification] ***
skipping: [localhost]

TASK [/stigforge/roles/cs9_stig : Record Events that Modify User/Group Information - /etc/group - Use /etc/audit/rules.d/audit_rules_usergroup_modification.rules as the recipient for the rule] ***
skipping: [localhost]

TASK [/stigforge/roles/cs9_stig : Record Events that Modify User/Group Information - /etc/group - Use matched file as the recipient for the rule] ***
skipping: [localhost]

TASK [/stigforge/roles/cs9_stig : Record Events that Modify User/Group Information - /etc/group - Add watch rule for /etc/group in /etc/audit/rules.d/] ***
skipping: [localhost]

TASK [/stigforge/roles/cs9_stig : Record Events that Modify User/Group Information - /etc/group - Check if watch rule for /etc/group already exists in /etc/audit/audit.rules] ***
skipping: [localhost]

TASK [/stigforge/roles/cs9_stig : Record Events that Modify User/Group Information - /etc/group - Add watch rule for /etc/group in /etc/audit/audit.rules] ***
skipping: [localhost]

TASK [/stigforge/roles/cs9_stig : Record Events that Modify User/Group Information - /etc/group - Check if watch rule for /etc/group already exists in /etc/audit/audit.rules] ***
skipping: [localhost]

TASK [/stigforge/roles/cs9_stig : Record Events that Modify User/Group Information - /etc/group - Add watch rule for /etc/group in /etc/audit/audit.rules] ***
skipping: [localhost]

TASK [/stigforge/roles/cs9_stig : Record Events that Modify User/Group Information - /etc/gshadow - Check if watch rule for /etc/gshadow already exists in /etc/audit/rules.d/] ***
skipping: [localhost]

TASK [/stigforge/roles/cs9_stig : Record Events that Modify User/Group Information - /etc/gshadow - Search /etc/audit/rules.d for other rules with specified key audit_rules_usergroup_modification] ***
skipping: [localhost]

TASK [/stigforge/roles/cs9_stig : Record Events that Modify User/Group Information - /etc/gshadow - Use /etc/audit/rules.d/audit_rules_usergroup_modification.rules as the recipient for the rule] ***
skipping: [localhost]

TASK [/stigforge/roles/cs9_stig : Record Events that Modify User/Group Information - /etc/gshadow - Use matched file as the recipient for the rule] ***
skipping: [localhost]

TASK [/stigforge/roles/cs9_stig : Record Events that Modify User/Group Information - /etc/gshadow - Add watch rule for /etc/gshadow in /etc/audit/rules.d/] ***
skipping: [localhost]

TASK [/stigforge/roles/cs9_stig : Record Events that Modify User/Group Information - /etc/gshadow - Check if watch rule for /etc/gshadow already exists in /etc/audit/rules.d/] ***
skipping: [localhost]

TASK [/stigforge/roles/cs9_stig : Record Events that Modify User/Group Information - /etc/gshadow - Search /etc/audit/rules.d for other rules with specified key audit_rules_usergroup_modification] ***
skipping: [localhost]

TASK [/stigforge/roles/cs9_stig : Record Events that Modify User/Group Information - /etc/gshadow - Use /etc/audit/rules.d/audit_rules_usergroup_modification.rules as the recipient for the rule] ***
skipping: [localhost]

TASK [/stigforge/roles/cs9_stig : Record Events that Modify User/Group Information - /etc/gshadow - Use matched file as the recipient for the rule] ***
skipping: [localhost]

TASK [/stigforge/roles/cs9_stig : Record Events that Modify User/Group Information - /etc/gshadow - Add watch rule for /etc/gshadow in /etc/audit/rules.d/] ***
skipping: [localhost]

TASK [/stigforge/roles/cs9_stig : Record Events that Modify User/Group Information - /etc/gshadow - Check if watch rule for /etc/gshadow already exists in /etc/audit/audit.rules] ***
skipping: [localhost]

TASK [/stigforge/roles/cs9_stig : Record Events that Modify User/Group Information - /etc/gshadow - Add watch rule for /etc/gshadow in /etc/audit/audit.rules] ***
skipping: [localhost]

TASK [/stigforge/roles/cs9_stig : Record Events that Modify User/Group Information - /etc/gshadow - Check if watch rule for /etc/gshadow already exists in /etc/audit/audit.rules] ***
skipping: [localhost]

TASK [/stigforge/roles/cs9_stig : Record Events that Modify User/Group Information - /etc/gshadow - Add watch rule for /etc/gshadow in /etc/audit/audit.rules] ***
skipping: [localhost]

TASK [/stigforge/roles/cs9_stig : Record Events that Modify User/Group Information - /etc/security/opasswd - Check if watch rule for /etc/security/opasswd already exists in /etc/audit/rules.d/] ***
skipping: [localhost]

TASK [/stigforge/roles/cs9_stig : Record Events that Modify User/Group Information - /etc/security/opasswd - Search /etc/audit/rules.d for other rules with specified key audit_rules_usergroup_modification] ***
skipping: [localhost]

TASK [/stigforge/roles/cs9_stig : Record Events that Modify User/Group Information - /etc/security/opasswd - Use /etc/audit/rules.d/audit_rules_usergroup_modification.rules as the recipient for the rule] ***
skipping: [localhost]

TASK [/stigforge/roles/cs9_stig : Record Events that Modify User/Group Information - /etc/security/opasswd - Use matched file as the recipient for the rule] ***
skipping: [localhost]

TASK [/stigforge/roles/cs9_stig : Record Events that Modify User/Group Information - /etc/security/opasswd - Add watch rule for /etc/security/opasswd in /etc/audit/rules.d/] ***
skipping: [localhost]

TASK [/stigforge/roles/cs9_stig : Record Events that Modify User/Group Information - /etc/security/opasswd - Check if watch rule for /etc/security/opasswd already exists in /etc/audit/rules.d/] ***
skipping: [localhost]

TASK [/stigforge/roles/cs9_stig : Record Events that Modify User/Group Information - /etc/security/opasswd - Search /etc/audit/rules.d for other rules with specified key audit_rules_usergroup_modification] ***
skipping: [localhost]

TASK [/stigforge/roles/cs9_stig : Record Events that Modify User/Group Information - /etc/security/opasswd - Use /etc/audit/rules.d/audit_rules_usergroup_modification.rules as the recipient for the rule] ***
skipping: [localhost]

TASK [/stigforge/roles/cs9_stig : Record Events that Modify User/Group Information - /etc/security/opasswd - Use matched file as the recipient for the rule] ***
skipping: [localhost]

TASK [/stigforge/roles/cs9_stig : Record Events that Modify User/Group Information - /etc/security/opasswd - Add watch rule for /etc/security/opasswd in /etc/audit/rules.d/] ***
skipping: [localhost]

TASK [/stigforge/roles/cs9_stig : Record Events that Modify User/Group Information - /etc/security/opasswd - Check if watch rule for /etc/security/opasswd already exists in /etc/audit/audit.rules] ***
skipping: [localhost]

TASK [/stigforge/roles/cs9_stig : Record Events that Modify User/Group Information - /etc/security/opasswd - Add watch rule for /etc/security/opasswd in /etc/audit/audit.rules] ***
skipping: [localhost]

TASK [/stigforge/roles/cs9_stig : Record Events that Modify User/Group Information - /etc/security/opasswd - Check if watch rule for /etc/security/opasswd already exists in /etc/audit/audit.rules] ***
skipping: [localhost]

TASK [/stigforge/roles/cs9_stig : Record Events that Modify User/Group Information - /etc/security/opasswd - Add watch rule for /etc/security/opasswd in /etc/audit/audit.rules] ***
skipping: [localhost]

TASK [/stigforge/roles/cs9_stig : Record Events that Modify User/Group Information - /etc/passwd - Check if watch rule for /etc/passwd already exists in /etc/audit/rules.d/] ***
skipping: [localhost]

TASK [/stigforge/roles/cs9_stig : Record Events that Modify User/Group Information - /etc/passwd - Search /etc/audit/rules.d for other rules with specified key audit_rules_usergroup_modification] ***
skipping: [localhost]

TASK [/stigforge/roles/cs9_stig : Record Events that Modify User/Group Information - /etc/passwd - Use /etc/audit/rules.d/audit_rules_usergroup_modification.rules as the recipient for the rule] ***
skipping: [localhost]

TASK [/stigforge/roles/cs9_stig : Record Events that Modify User/Group Information - /etc/passwd - Use matched file as the recipient for the rule] ***
skipping: [localhost]

TASK [/stigforge/roles/cs9_stig : Record Events that Modify User/Group Information - /etc/passwd - Add watch rule for /etc/passwd in /etc/audit/rules.d/] ***
skipping: [localhost]

TASK [/stigforge/roles/cs9_stig : Record Events that Modify User/Group Information - /etc/passwd - Check if watch rule for /etc/passwd already exists in /etc/audit/rules.d/] ***
skipping: [localhost]

TASK [/stigforge/roles/cs9_stig : Record Events that Modify User/Group Information - /etc/passwd - Search /etc/audit/rules.d for other rules with specified key audit_rules_usergroup_modification] ***
skipping: [localhost]

TASK [/stigforge/roles/cs9_stig : Record Events that Modify User/Group Information - /etc/passwd - Use /etc/audit/rules.d/audit_rules_usergroup_modification.rules as the recipient for the rule] ***
skipping: [localhost]

TASK [/stigforge/roles/cs9_stig : Record Events that Modify User/Group Information - /etc/passwd - Use matched file as the recipient for the rule] ***
skipping: [localhost]

TASK [/stigforge/roles/cs9_stig : Record Events that Modify User/Group Information - /etc/passwd - Add watch rule for /etc/passwd in /etc/audit/rules.d/] ***
skipping: [localhost]

TASK [/stigforge/roles/cs9_stig : Record Events that Modify User/Group Information - /etc/passwd - Check if watch rule for /etc/passwd already exists in /etc/audit/audit.rules] ***
skipping: [localhost]

TASK [/stigforge/roles/cs9_stig : Record Events that Modify User/Group Information - /etc/passwd - Add watch rule for /etc/passwd in /etc/audit/audit.rules] ***
skipping: [localhost]

TASK [/stigforge/roles/cs9_stig : Record Events that Modify User/Group Information - /etc/passwd - Check if watch rule for /etc/passwd already exists in /etc/audit/audit.rules] ***
skipping: [localhost]

TASK [/stigforge/roles/cs9_stig : Record Events that Modify User/Group Information - /etc/passwd - Add watch rule for /etc/passwd in /etc/audit/audit.rules] ***
skipping: [localhost]

TASK [/stigforge/roles/cs9_stig : Record Events that Modify User/Group Information - /etc/shadow - Check if watch rule for /etc/shadow already exists in /etc/audit/rules.d/] ***
skipping: [localhost]

TASK [/stigforge/roles/cs9_stig : Record Events that Modify User/Group Information - /etc/shadow - Search /etc/audit/rules.d for other rules with specified key audit_rules_usergroup_modification] ***
skipping: [localhost]

TASK [/stigforge/roles/cs9_stig : Record Events that Modify User/Group Information - /etc/shadow - Use /etc/audit/rules.d/audit_rules_usergroup_modification.rules as the recipient for the rule] ***
skipping: [localhost]

TASK [/stigforge/roles/cs9_stig : Record Events that Modify User/Group Information - /etc/shadow - Use matched file as the recipient for the rule] ***
skipping: [localhost]

TASK [/stigforge/roles/cs9_stig : Record Events that Modify User/Group Information - /etc/shadow - Add watch rule for /etc/shadow in /etc/audit/rules.d/] ***
skipping: [localhost]

TASK [/stigforge/roles/cs9_stig : Record Events that Modify User/Group Information - /etc/shadow - Check if watch rule for /etc/shadow already exists in /etc/audit/rules.d/] ***
skipping: [localhost]

TASK [/stigforge/roles/cs9_stig : Record Events that Modify User/Group Information - /etc/shadow - Search /etc/audit/rules.d for other rules with specified key audit_rules_usergroup_modification] ***
skipping: [localhost]

TASK [/stigforge/roles/cs9_stig : Record Events that Modify User/Group Information - /etc/shadow - Use /etc/audit/rules.d/audit_rules_usergroup_modification.rules as the recipient for the rule] ***
skipping: [localhost]

TASK [/stigforge/roles/cs9_stig : Record Events that Modify User/Group Information - /etc/shadow - Use matched file as the recipient for the rule] ***
skipping: [localhost]

TASK [/stigforge/roles/cs9_stig : Record Events that Modify User/Group Information - /etc/shadow - Add watch rule for /etc/shadow in /etc/audit/rules.d/] ***
skipping: [localhost]

TASK [/stigforge/roles/cs9_stig : Record Events that Modify User/Group Information - /etc/shadow - Check if watch rule for /etc/shadow already exists in /etc/audit/audit.rules] ***
skipping: [localhost]

TASK [/stigforge/roles/cs9_stig : Record Events that Modify User/Group Information - /etc/shadow - Add watch rule for /etc/shadow in /etc/audit/audit.rules] ***
skipping: [localhost]

TASK [/stigforge/roles/cs9_stig : Record Events that Modify User/Group Information - /etc/shadow - Check if watch rule for /etc/shadow already exists in /etc/audit/audit.rules] ***
skipping: [localhost]

TASK [/stigforge/roles/cs9_stig : Record Events that Modify User/Group Information - /etc/shadow - Add watch rule for /etc/shadow in /etc/audit/audit.rules] ***
skipping: [localhost]

TASK [/stigforge/roles/cs9_stig : System Audit Directories Must Be Group Owned By Root - Register Audit Configuration Text] ***
skipping: [localhost]

TASK [/stigforge/roles/cs9_stig : System Audit Directories Must Be Group Owned By Root - Set Permissions Custom Location] ***
skipping: [localhost]

TASK [/stigforge/roles/cs9_stig : System Audit Directories Must Be Owned By Root - Register Audit Configuration Text] ***
skipping: [localhost]

TASK [/stigforge/roles/cs9_stig : System Audit Directories Must Be Owned By Root - Set Permissions Custom Location] ***
skipping: [localhost]

TASK [/stigforge/roles/cs9_stig : Set the file_groupownership_audit_configuration_newgroup variable if represented by gid] ***
skipping: [localhost]

TASK [/stigforge/roles/cs9_stig : Find /etc/audit/ file(s) matching ^.*audit(\.rules|d\.conf)$] ***
skipping: [localhost]

TASK [/stigforge/roles/cs9_stig : Ensure group owner on /etc/audit/ file(s) matching ^.*audit(\.rules|d\.conf)$] ***
skipping: [localhost]

TASK [/stigforge/roles/cs9_stig : Find /etc/audit/rules.d/ file(s) matching ^.*\.rules$] ***
skipping: [localhost]

TASK [/stigforge/roles/cs9_stig : Ensure group owner on /etc/audit/rules.d/ file(s) matching ^.*\.rules$] ***
skipping: [localhost]

TASK [/stigforge/roles/cs9_stig : Set the file_ownership_audit_configuration_newown variable if represented by uid] ***
skipping: [localhost]

TASK [/stigforge/roles/cs9_stig : Find /etc/audit/ file(s) matching ^.*audit(\.rules|d\.conf)$] ***
skipping: [localhost]

TASK [/stigforge/roles/cs9_stig : Ensure owner on /etc/audit/ file(s) matching ^.*audit(\.rules|d\.conf)$] ***
skipping: [localhost]

TASK [/stigforge/roles/cs9_stig : Find /etc/audit/rules.d/ file(s) matching ^.*\.rules$] ***
skipping: [localhost]

TASK [/stigforge/roles/cs9_stig : Ensure owner on /etc/audit/rules.d/ file(s) matching ^.*\.rules$] ***
skipping: [localhost]

TASK [/stigforge/roles/cs9_stig : Audit Configuration Files Permissions are 600 or More Restrictive - Set /etc/audit/audit.rules and /etc/audit/auditd.conf to 0600, owned by root] ***
skipping: [localhost] => (item=/etc/audit/audit.rules) 
skipping: [localhost] => (item=/etc/audit/auditd.conf) 
skipping: [localhost]

TASK [/stigforge/roles/cs9_stig : Audit Configuration Files Permissions are 600 or More Restrictive - Find /etc/audit/rules.d/*.rules files] ***
skipping: [localhost]

TASK [/stigforge/roles/cs9_stig : Audit Configuration Files Permissions are 600 or More Restrictive - Set /etc/audit/rules.d/*.rules files to 0600, owned by root] ***
skipping: [localhost]

TASK [/stigforge/roles/cs9_stig : Audit Configuration Files Permissions are 600 or More Restrictive - Create dropin directory /etc/systemd/system/auditd.service.d] ***
skipping: [localhost]

TASK [/stigforge/roles/cs9_stig : Audit Configuration Files Permissions are 600 or More Restrictive - Install /etc/systemd/system/auditd.service.d/permissions.conf] ***
skipping: [localhost]

TASK [/stigforge/roles/cs9_stig : Audit Configuration Files Permissions are 600 or More Restrictive - Restore SELinux context on /etc/systemd/system/auditd.service.d/permissions.conf] ***
skipping: [localhost]

TASK [/stigforge/roles/cs9_stig : Audit Configuration Files Permissions are 600 or More Restrictive - Reload systemd daemon to pick up permissions.conf] ***
skipping: [localhost]

TASK [/stigforge/roles/cs9_stig : Audit Configuration Files Permissions are 600 or More Restrictive - Restart auditd.service] ***
skipping: [localhost]

TASK [/stigforge/roles/cs9_stig : System Audit Logs Must Have Mode 0640 or Less Permissive - Get audit log file from /etc/audit/auditd.conf] ***
skipping: [localhost]

TASK [/stigforge/roles/cs9_stig : System Audit Logs Must Have Mode 0640 or Less Permissive - Set audit log file path] ***
skipping: [localhost]

TASK [/stigforge/roles/cs9_stig : System Audit Logs Must Have Mode 0640 or Less Permissive - Get audit log group from /etc/audit/auditd.conf] ***
skipping: [localhost]

TASK [/stigforge/roles/cs9_stig : System Audit Logs Must Have Mode 0640 or Less Permissive - Set audit log group] ***
skipping: [localhost]

TASK [/stigforge/roles/cs9_stig : System Audit Logs Must Have Mode 0640 or Less Permissive - Set audit log file permissions] ***
skipping: [localhost]

TASK [/stigforge/roles/cs9_stig : Set architecture for audit chmod tasks] ******
skipping: [localhost]

TASK [/stigforge/roles/cs9_stig : Declare list of syscalls] ********************
skipping: [localhost]

TASK [/stigforge/roles/cs9_stig : Check existence of chmod in /etc/audit/rules.d/] ***
skipping: [localhost]

TASK [/stigforge/roles/cs9_stig : Reset syscalls found per file] ***************
skipping: [localhost]

TASK [/stigforge/roles/cs9_stig : Declare syscalls found per file] *************
skipping: [localhost]

TASK [/stigforge/roles/cs9_stig : Declare files where syscalls were found] *****
skipping: [localhost]

TASK [/stigforge/roles/cs9_stig : Count occurrences of syscalls in paths] ******
skipping: [localhost]

TASK [/stigforge/roles/cs9_stig : Get path with most syscalls] *****************
skipping: [localhost]

TASK [/stigforge/roles/cs9_stig : No file with syscall found, set path to /etc/audit/rules.d/perm_mod.rules] ***
skipping: [localhost]

TASK [/stigforge/roles/cs9_stig : Declare found syscalls] **********************
skipping: [localhost]

TASK [/stigforge/roles/cs9_stig : Declare missing syscalls] ********************
skipping: [localhost]

TASK [/stigforge/roles/cs9_stig : Replace the audit rule in {{ audit_file }}] ***
skipping: [localhost]

TASK [/stigforge/roles/cs9_stig : Add the audit rule to {{ audit_file }}] ******
skipping: [localhost]

TASK [/stigforge/roles/cs9_stig : Declare list of syscalls] ********************
skipping: [localhost]

TASK [/stigforge/roles/cs9_stig : Check existence of chmod in /etc/audit/audit.rules] ***
skipping: [localhost]

TASK [/stigforge/roles/cs9_stig : Set path to /etc/audit/audit.rules] **********
skipping: [localhost]

TASK [/stigforge/roles/cs9_stig : Declare found syscalls] **********************
skipping: [localhost]

TASK [/stigforge/roles/cs9_stig : Declare missing syscalls] ********************
skipping: [localhost]

TASK [/stigforge/roles/cs9_stig : Replace the audit rule in {{ audit_file }}] ***
skipping: [localhost]

TASK [/stigforge/roles/cs9_stig : Add the audit rule to {{ audit_file }}] ******
skipping: [localhost]

TASK [/stigforge/roles/cs9_stig : Declare list of syscalls] ********************
skipping: [localhost]

TASK [/stigforge/roles/cs9_stig : Check existence of chmod in /etc/audit/rules.d/] ***
skipping: [localhost]

TASK [/stigforge/roles/cs9_stig : Reset syscalls found per file] ***************
skipping: [localhost]

TASK [/stigforge/roles/cs9_stig : Declare syscalls found per file] *************
skipping: [localhost]

TASK [/stigforge/roles/cs9_stig : Declare files where syscalls were found] *****
skipping: [localhost]

TASK [/stigforge/roles/cs9_stig : Count occurrences of syscalls in paths] ******
skipping: [localhost]

TASK [/stigforge/roles/cs9_stig : Get path with most syscalls] *****************
skipping: [localhost]

TASK [/stigforge/roles/cs9_stig : No file with syscall found, set path to /etc/audit/rules.d/perm_mod.rules] ***
skipping: [localhost]

TASK [/stigforge/roles/cs9_stig : Declare found syscalls] **********************
skipping: [localhost]

TASK [/stigforge/roles/cs9_stig : Declare missing syscalls] ********************
skipping: [localhost]

TASK [/stigforge/roles/cs9_stig : Replace the audit rule in {{ audit_file }}] ***
skipping: [localhost]

TASK [/stigforge/roles/cs9_stig : Add the audit rule to {{ audit_file }}] ******
skipping: [localhost]

TASK [/stigforge/roles/cs9_stig : Declare list of syscalls] ********************
skipping: [localhost]

TASK [/stigforge/roles/cs9_stig : Check existence of chmod in /etc/audit/audit.rules] ***
skipping: [localhost]

TASK [/stigforge/roles/cs9_stig : Set path to /etc/audit/audit.rules] **********
skipping: [localhost]

TASK [/stigforge/roles/cs9_stig : Declare found syscalls] **********************
skipping: [localhost]

TASK [/stigforge/roles/cs9_stig : Declare missing syscalls] ********************
skipping: [localhost]

TASK [/stigforge/roles/cs9_stig : Replace the audit rule in {{ audit_file }}] ***
skipping: [localhost]

TASK [/stigforge/roles/cs9_stig : Add the audit rule to {{ audit_file }}] ******
skipping: [localhost]

TASK [/stigforge/roles/cs9_stig : Set architecture for audit chown tasks] ******
skipping: [localhost]

TASK [/stigforge/roles/cs9_stig : Declare list of syscalls] ********************
skipping: [localhost]

TASK [/stigforge/roles/cs9_stig : Check existence of chown in /etc/audit/rules.d/] ***
skipping: [localhost]

TASK [/stigforge/roles/cs9_stig : Reset syscalls found per file] ***************
skipping: [localhost]

TASK [/stigforge/roles/cs9_stig : Declare syscalls found per file] *************
skipping: [localhost]

TASK [/stigforge/roles/cs9_stig : Declare files where syscalls were found] *****
skipping: [localhost]

TASK [/stigforge/roles/cs9_stig : Count occurrences of syscalls in paths] ******
skipping: [localhost]

TASK [/stigforge/roles/cs9_stig : Get path with most syscalls] *****************
skipping: [localhost]

TASK [/stigforge/roles/cs9_stig : No file with syscall found, set path to /etc/audit/rules.d/perm_mod.rules] ***
skipping: [localhost]

TASK [/stigforge/roles/cs9_stig : Declare found syscalls] **********************
skipping: [localhost]

TASK [/stigforge/roles/cs9_stig : Declare missing syscalls] ********************
skipping: [localhost]

TASK [/stigforge/roles/cs9_stig : Replace the audit rule in {{ audit_file }}] ***
skipping: [localhost]

TASK [/stigforge/roles/cs9_stig : Add the audit rule to {{ audit_file }}] ******
skipping: [localhost]

TASK [/stigforge/roles/cs9_stig : Declare list of syscalls] ********************
skipping: [localhost]

TASK [/stigforge/roles/cs9_stig : Check existence of chown in /etc/audit/audit.rules] ***
skipping: [localhost]

TASK [/stigforge/roles/cs9_stig : Set path to /etc/audit/audit.rules] **********
skipping: [localhost]

TASK [/stigforge/roles/cs9_stig : Declare found syscalls] **********************
skipping: [localhost]

TASK [/stigforge/roles/cs9_stig : Declare missing syscalls] ********************
skipping: [localhost]

TASK [/stigforge/roles/cs9_stig : Replace the audit rule in {{ audit_file }}] ***
skipping: [localhost]

TASK [/stigforge/roles/cs9_stig : Add the audit rule to {{ audit_file }}] ******
skipping: [localhost]

TASK [/stigforge/roles/cs9_stig : Declare list of syscalls] ********************
skipping: [localhost]

TASK [/stigforge/roles/cs9_stig : Check existence of chown in /etc/audit/rules.d/] ***
skipping: [localhost]

TASK [/stigforge/roles/cs9_stig : Reset syscalls found per file] ***************
skipping: [localhost]

TASK [/stigforge/roles/cs9_stig : Declare syscalls found per file] *************
skipping: [localhost]

TASK [/stigforge/roles/cs9_stig : Declare files where syscalls were found] *****
skipping: [localhost]

TASK [/stigforge/roles/cs9_stig : Count occurrences of syscalls in paths] ******
skipping: [localhost]

TASK [/stigforge/roles/cs9_stig : Get path with most syscalls] *****************
skipping: [localhost]

TASK [/stigforge/roles/cs9_stig : No file with syscall found, set path to /etc/audit/rules.d/perm_mod.rules] ***
skipping: [localhost]

TASK [/stigforge/roles/cs9_stig : Declare found syscalls] **********************
skipping: [localhost]

TASK [/stigforge/roles/cs9_stig : Declare missing syscalls] ********************
skipping: [localhost]

TASK [/stigforge/roles/cs9_stig : Replace the audit rule in {{ audit_file }}] ***
skipping: [localhost]

TASK [/stigforge/roles/cs9_stig : Add the audit rule to {{ audit_file }}] ******
skipping: [localhost]

TASK [/stigforge/roles/cs9_stig : Declare list of syscalls] ********************
skipping: [localhost]

TASK [/stigforge/roles/cs9_stig : Check existence of chown in /etc/audit/audit.rules] ***
skipping: [localhost]

TASK [/stigforge/roles/cs9_stig : Set path to /etc/audit/audit.rules] **********
skipping: [localhost]

TASK [/stigforge/roles/cs9_stig : Declare found syscalls] **********************
skipping: [localhost]

TASK [/stigforge/roles/cs9_stig : Declare missing syscalls] ********************
skipping: [localhost]

TASK [/stigforge/roles/cs9_stig : Replace the audit rule in {{ audit_file }}] ***
skipping: [localhost]

TASK [/stigforge/roles/cs9_stig : Add the audit rule to {{ audit_file }}] ******
skipping: [localhost]

TASK [/stigforge/roles/cs9_stig : Set architecture for audit fchmod tasks] *****
skipping: [localhost]

TASK [/stigforge/roles/cs9_stig : Declare list of syscalls] ********************
skipping: [localhost]

TASK [/stigforge/roles/cs9_stig : Check existence of fchmod in /etc/audit/rules.d/] ***
skipping: [localhost]

TASK [/stigforge/roles/cs9_stig : Reset syscalls found per file] ***************
skipping: [localhost]

TASK [/stigforge/roles/cs9_stig : Declare syscalls found per file] *************
skipping: [localhost]

TASK [/stigforge/roles/cs9_stig : Declare files where syscalls were found] *****
skipping: [localhost]

TASK [/stigforge/roles/cs9_stig : Count occurrences of syscalls in paths] ******
skipping: [localhost]

TASK [/stigforge/roles/cs9_stig : Get path with most syscalls] *****************
skipping: [localhost]

TASK [/stigforge/roles/cs9_stig : No file with syscall found, set path to /etc/audit/rules.d/perm_mod.rules] ***
skipping: [localhost]

TASK [/stigforge/roles/cs9_stig : Declare found syscalls] **********************
skipping: [localhost]

TASK [/stigforge/roles/cs9_stig : Declare missing syscalls] ********************
skipping: [localhost]

TASK [/stigforge/roles/cs9_stig : Replace the audit rule in {{ audit_file }}] ***
skipping: [localhost]

TASK [/stigforge/roles/cs9_stig : Add the audit rule to {{ audit_file }}] ******
skipping: [localhost]

TASK [/stigforge/roles/cs9_stig : Declare list of syscalls] ********************
skipping: [localhost]

TASK [/stigforge/roles/cs9_stig : Check existence of fchmod in /etc/audit/audit.rules] ***
skipping: [localhost]

TASK [/stigforge/roles/cs9_stig : Set path to /etc/audit/audit.rules] **********
skipping: [localhost]

TASK [/stigforge/roles/cs9_stig : Declare found syscalls] **********************
skipping: [localhost]

TASK [/stigforge/roles/cs9_stig : Declare missing syscalls] ********************
skipping: [localhost]

TASK [/stigforge/roles/cs9_stig : Replace the audit rule in {{ audit_file }}] ***
skipping: [localhost]

TASK [/stigforge/roles/cs9_stig : Add the audit rule to {{ audit_file }}] ******
skipping: [localhost]

TASK [/stigforge/roles/cs9_stig : Declare list of syscalls] ********************
skipping: [localhost]

TASK [/stigforge/roles/cs9_stig : Check existence of fchmod in /etc/audit/rules.d/] ***
skipping: [localhost]

TASK [/stigforge/roles/cs9_stig : Reset syscalls found per file] ***************
skipping: [localhost]

TASK [/stigforge/roles/cs9_stig : Declare syscalls found per file] *************
skipping: [localhost]

TASK [/stigforge/roles/cs9_stig : Declare files where syscalls were found] *****
skipping: [localhost]

TASK [/stigforge/roles/cs9_stig : Count occurrences of syscalls in paths] ******
skipping: [localhost]

TASK [/stigforge/roles/cs9_stig : Get path with most syscalls] *****************
skipping: [localhost]

TASK [/stigforge/roles/cs9_stig : No file with syscall found, set path to /etc/audit/rules.d/perm_mod.rules] ***
skipping: [localhost]

TASK [/stigforge/roles/cs9_stig : Declare found syscalls] **********************
skipping: [localhost]

TASK [/stigforge/roles/cs9_stig : Declare missing syscalls] ********************
skipping: [localhost]

TASK [/stigforge/roles/cs9_stig : Replace the audit rule in {{ audit_file }}] ***
skipping: [localhost]

TASK [/stigforge/roles/cs9_stig : Add the audit rule to {{ audit_file }}] ******
skipping: [localhost]

TASK [/stigforge/roles/cs9_stig : Declare list of syscalls] ********************
skipping: [localhost]

TASK [/stigforge/roles/cs9_stig : Check existence of fchmod in /etc/audit/audit.rules] ***
skipping: [localhost]

TASK [/stigforge/roles/cs9_stig : Set path to /etc/audit/audit.rules] **********
skipping: [localhost]

TASK [/stigforge/roles/cs9_stig : Declare found syscalls] **********************
skipping: [localhost]

TASK [/stigforge/roles/cs9_stig : Declare missing syscalls] ********************
skipping: [localhost]

TASK [/stigforge/roles/cs9_stig : Replace the audit rule in {{ audit_file }}] ***
skipping: [localhost]

TASK [/stigforge/roles/cs9_stig : Add the audit rule to {{ audit_file }}] ******
skipping: [localhost]

TASK [/stigforge/roles/cs9_stig : Set architecture for audit fchmodat tasks] ***
skipping: [localhost]

TASK [/stigforge/roles/cs9_stig : Declare list of syscalls] ********************
skipping: [localhost]

TASK [/stigforge/roles/cs9_stig : Check existence of fchmodat in /etc/audit/rules.d/] ***
skipping: [localhost]

TASK [/stigforge/roles/cs9_stig : Reset syscalls found per file] ***************
skipping: [localhost]

TASK [/stigforge/roles/cs9_stig : Declare syscalls found per file] *************
skipping: [localhost]

TASK [/stigforge/roles/cs9_stig : Declare files where syscalls were found] *****
skipping: [localhost]

TASK [/stigforge/roles/cs9_stig : Count occurrences of syscalls in paths] ******
skipping: [localhost]

TASK [/stigforge/roles/cs9_stig : Get path with most syscalls] *****************
skipping: [localhost]

TASK [/stigforge/roles/cs9_stig : No file with syscall found, set path to /etc/audit/rules.d/perm_mod.rules] ***
skipping: [localhost]

TASK [/stigforge/roles/cs9_stig : Declare found syscalls] **********************
skipping: [localhost]

TASK [/stigforge/roles/cs9_stig : Declare missing syscalls] ********************
skipping: [localhost]

TASK [/stigforge/roles/cs9_stig : Replace the audit rule in {{ audit_file }}] ***
skipping: [localhost]

TASK [/stigforge/roles/cs9_stig : Add the audit rule to {{ audit_file }}] ******
skipping: [localhost]

TASK [/stigforge/roles/cs9_stig : Declare list of syscalls] ********************
skipping: [localhost]

TASK [/stigforge/roles/cs9_stig : Check existence of fchmodat in /etc/audit/audit.rules] ***
skipping: [localhost]

TASK [/stigforge/roles/cs9_stig : Set path to /etc/audit/audit.rules] **********
skipping: [localhost]

TASK [/stigforge/roles/cs9_stig : Declare found syscalls] **********************
skipping: [localhost]

TASK [/stigforge/roles/cs9_stig : Declare missing syscalls] ********************
skipping: [localhost]

TASK [/stigforge/roles/cs9_stig : Replace the audit rule in {{ audit_file }}] ***
skipping: [localhost]

TASK [/stigforge/roles/cs9_stig : Add the audit rule to {{ audit_file }}] ******
skipping: [localhost]

TASK [/stigforge/roles/cs9_stig : Declare list of syscalls] ********************
skipping: [localhost]

TASK [/stigforge/roles/cs9_stig : Check existence of fchmodat in /etc/audit/rules.d/] ***
skipping: [localhost]

TASK [/stigforge/roles/cs9_stig : Reset syscalls found per file] ***************
skipping: [localhost]

TASK [/stigforge/roles/cs9_stig : Declare syscalls found per file] *************
skipping: [localhost]

TASK [/stigforge/roles/cs9_stig : Declare files where syscalls were found] *****
skipping: [localhost]

TASK [/stigforge/roles/cs9_stig : Count occurrences of syscalls in paths] ******
skipping: [localhost]

TASK [/stigforge/roles/cs9_stig : Get path with most syscalls] *****************
skipping: [localhost]

TASK [/stigforge/roles/cs9_stig : No file with syscall found, set path to /etc/audit/rules.d/perm_mod.rules] ***
skipping: [localhost]

TASK [/stigforge/roles/cs9_stig : Declare found syscalls] **********************
skipping: [localhost]

TASK [/stigforge/roles/cs9_stig : Declare missing syscalls] ********************
skipping: [localhost]

TASK [/stigforge/roles/cs9_stig : Replace the audit rule in {{ audit_file }}] ***
skipping: [localhost]

TASK [/stigforge/roles/cs9_stig : Add the audit rule to {{ audit_file }}] ******
skipping: [localhost]

TASK [/stigforge/roles/cs9_stig : Declare list of syscalls] ********************
skipping: [localhost]

TASK [/stigforge/roles/cs9_stig : Check existence of fchmodat in /etc/audit/audit.rules] ***
skipping: [localhost]

TASK [/stigforge/roles/cs9_stig : Set path to /etc/audit/audit.rules] **********
skipping: [localhost]

TASK [/stigforge/roles/cs9_stig : Declare found syscalls] **********************
skipping: [localhost]

TASK [/stigforge/roles/cs9_stig : Declare missing syscalls] ********************
skipping: [localhost]

TASK [/stigforge/roles/cs9_stig : Replace the audit rule in {{ audit_file }}] ***
skipping: [localhost]

TASK [/stigforge/roles/cs9_stig : Add the audit rule to {{ audit_file }}] ******
skipping: [localhost]

TASK [/stigforge/roles/cs9_stig : Set architecture for audit fchown tasks] *****
skipping: [localhost]

TASK [/stigforge/roles/cs9_stig : Declare list of syscalls] ********************
skipping: [localhost]

TASK [/stigforge/roles/cs9_stig : Check existence of fchown in /etc/audit/rules.d/] ***
skipping: [localhost]

TASK [/stigforge/roles/cs9_stig : Reset syscalls found per file] ***************
skipping: [localhost]

TASK [/stigforge/roles/cs9_stig : Declare syscalls found per file] *************
skipping: [localhost]

TASK [/stigforge/roles/cs9_stig : Declare files where syscalls were found] *****
skipping: [localhost]

TASK [/stigforge/roles/cs9_stig : Count occurrences of syscalls in paths] ******
skipping: [localhost]

TASK [/stigforge/roles/cs9_stig : Get path with most syscalls] *****************
skipping: [localhost]

TASK [/stigforge/roles/cs9_stig : No file with syscall found, set path to /etc/audit/rules.d/perm_mod.rules] ***
skipping: [localhost]

TASK [/stigforge/roles/cs9_stig : Declare found syscalls] **********************
skipping: [localhost]

TASK [/stigforge/roles/cs9_stig : Declare missing syscalls] ********************
skipping: [localhost]

TASK [/stigforge/roles/cs9_stig : Replace the audit rule in {{ audit_file }}] ***
skipping: [localhost]

TASK [/stigforge/roles/cs9_stig : Add the audit rule to {{ audit_file }}] ******
skipping: [localhost]

TASK [/stigforge/roles/cs9_stig : Declare list of syscalls] ********************
skipping: [localhost]

TASK [/stigforge/roles/cs9_stig : Check existence of fchown in /etc/audit/audit.rules] ***
skipping: [localhost]

TASK [/stigforge/roles/cs9_stig : Set path to /etc/audit/audit.rules] **********
skipping: [localhost]

TASK [/stigforge/roles/cs9_stig : Declare found syscalls] **********************
skipping: [localhost]

TASK [/stigforge/roles/cs9_stig : Declare missing syscalls] ********************
skipping: [localhost]

TASK [/stigforge/roles/cs9_stig : Replace the audit rule in {{ audit_file }}] ***
skipping: [localhost]

TASK [/stigforge/roles/cs9_stig : Add the audit rule to {{ audit_file }}] ******
skipping: [localhost]

TASK [/stigforge/roles/cs9_stig : Declare list of syscalls] ********************
skipping: [localhost]

TASK [/stigforge/roles/cs9_stig : Check existence of fchown in /etc/audit/rules.d/] ***
skipping: [localhost]

TASK [/stigforge/roles/cs9_stig : Reset syscalls found per file] ***************
skipping: [localhost]

TASK [/stigforge/roles/cs9_stig : Declare syscalls found per file] *************
skipping: [localhost]

TASK [/stigforge/roles/cs9_stig : Declare files where syscalls were found] *****
skipping: [localhost]

TASK [/stigforge/roles/cs9_stig : Count occurrences of syscalls in paths] ******
skipping: [localhost]

TASK [/stigforge/roles/cs9_stig : Get path with most syscalls] *****************
skipping: [localhost]

TASK [/stigforge/roles/cs9_stig : No file with syscall found, set path to /etc/audit/rules.d/perm_mod.rules] ***
skipping: [localhost]

TASK [/stigforge/roles/cs9_stig : Declare found syscalls] **********************
skipping: [localhost]

TASK [/stigforge/roles/cs9_stig : Declare missing syscalls] ********************
skipping: [localhost]

TASK [/stigforge/roles/cs9_stig : Replace the audit rule in {{ audit_file }}] ***
skipping: [localhost]

TASK [/stigforge/roles/cs9_stig : Add the audit rule to {{ audit_file }}] ******
skipping: [localhost]

TASK [/stigforge/roles/cs9_stig : Declare list of syscalls] ********************
skipping: [localhost]

TASK [/stigforge/roles/cs9_stig : Check existence of fchown in /etc/audit/audit.rules] ***
skipping: [localhost]

TASK [/stigforge/roles/cs9_stig : Set path to /etc/audit/audit.rules] **********
skipping: [localhost]

TASK [/stigforge/roles/cs9_stig : Declare found syscalls] **********************
skipping: [localhost]

TASK [/stigforge/roles/cs9_stig : Declare missing syscalls] ********************
skipping: [localhost]

TASK [/stigforge/roles/cs9_stig : Replace the audit rule in {{ audit_file }}] ***
skipping: [localhost]

TASK [/stigforge/roles/cs9_stig : Add the audit rule to {{ audit_file }}] ******
skipping: [localhost]

TASK [/stigforge/roles/cs9_stig : Set architecture for audit fchownat tasks] ***
skipping: [localhost]

TASK [/stigforge/roles/cs9_stig : Declare list of syscalls] ********************
skipping: [localhost]

TASK [/stigforge/roles/cs9_stig : Check existence of fchownat in /etc/audit/rules.d/] ***
skipping: [localhost]

TASK [/stigforge/roles/cs9_stig : Reset syscalls found per file] ***************
skipping: [localhost]

TASK [/stigforge/roles/cs9_stig : Declare syscalls found per file] *************
skipping: [localhost]

TASK [/stigforge/roles/cs9_stig : Declare files where syscalls were found] *****
skipping: [localhost]

TASK [/stigforge/roles/cs9_stig : Count occurrences of syscalls in paths] ******
skipping: [localhost]

TASK [/stigforge/roles/cs9_stig : Get path with most syscalls] *****************
skipping: [localhost]

TASK [/stigforge/roles/cs9_stig : No file with syscall found, set path to /etc/audit/rules.d/perm_mod.rules] ***
skipping: [localhost]

TASK [/stigforge/roles/cs9_stig : Declare found syscalls] **********************
skipping: [localhost]

TASK [/stigforge/roles/cs9_stig : Declare missing syscalls] ********************
skipping: [localhost]

TASK [/stigforge/roles/cs9_stig : Replace the audit rule in {{ audit_file }}] ***
skipping: [localhost]

TASK [/stigforge/roles/cs9_stig : Add the audit rule to {{ audit_file }}] ******
skipping: [localhost]

TASK [/stigforge/roles/cs9_stig : Declare list of syscalls] ********************
skipping: [localhost]

TASK [/stigforge/roles/cs9_stig : Check existence of fchownat in /etc/audit/audit.rules] ***
skipping: [localhost]

TASK [/stigforge/roles/cs9_stig : Set path to /etc/audit/audit.rules] **********
skipping: [localhost]

TASK [/stigforge/roles/cs9_stig : Declare found syscalls] **********************
skipping: [localhost]

TASK [/stigforge/roles/cs9_stig : Declare missing syscalls] ********************
skipping: [localhost]

TASK [/stigforge/roles/cs9_stig : Replace the audit rule in {{ audit_file }}] ***
skipping: [localhost]

TASK [/stigforge/roles/cs9_stig : Add the audit rule to {{ audit_file }}] ******
skipping: [localhost]

TASK [/stigforge/roles/cs9_stig : Declare list of syscalls] ********************
skipping: [localhost]

TASK [/stigforge/roles/cs9_stig : Check existence of fchownat in /etc/audit/rules.d/] ***
skipping: [localhost]

TASK [/stigforge/roles/cs9_stig : Reset syscalls found per file] ***************
skipping: [localhost]

TASK [/stigforge/roles/cs9_stig : Declare syscalls found per file] *************
skipping: [localhost]

TASK [/stigforge/roles/cs9_stig : Declare files where syscalls were found] *****
skipping: [localhost]

TASK [/stigforge/roles/cs9_stig : Count occurrences of syscalls in paths] ******
skipping: [localhost]

TASK [/stigforge/roles/cs9_stig : Get path with most syscalls] *****************
skipping: [localhost]

TASK [/stigforge/roles/cs9_stig : No file with syscall found, set path to /etc/audit/rules.d/perm_mod.rules] ***
skipping: [localhost]

TASK [/stigforge/roles/cs9_stig : Declare found syscalls] **********************
skipping: [localhost]

TASK [/stigforge/roles/cs9_stig : Declare missing syscalls] ********************
skipping: [localhost]

TASK [/stigforge/roles/cs9_stig : Replace the audit rule in {{ audit_file }}] ***
skipping: [localhost]

TASK [/stigforge/roles/cs9_stig : Add the audit rule to {{ audit_file }}] ******
skipping: [localhost]

TASK [/stigforge/roles/cs9_stig : Declare list of syscalls] ********************
skipping: [localhost]

TASK [/stigforge/roles/cs9_stig : Check existence of fchownat in /etc/audit/audit.rules] ***
skipping: [localhost]

TASK [/stigforge/roles/cs9_stig : Set path to /etc/audit/audit.rules] **********
skipping: [localhost]

TASK [/stigforge/roles/cs9_stig : Declare found syscalls] **********************
skipping: [localhost]

TASK [/stigforge/roles/cs9_stig : Declare missing syscalls] ********************
skipping: [localhost]

TASK [/stigforge/roles/cs9_stig : Replace the audit rule in {{ audit_file }}] ***
skipping: [localhost]

TASK [/stigforge/roles/cs9_stig : Add the audit rule to {{ audit_file }}] ******
skipping: [localhost]

TASK [/stigforge/roles/cs9_stig : Set architecture for audit fremovexattr tasks] ***
skipping: [localhost]

TASK [/stigforge/roles/cs9_stig : Declare list of syscalls] ********************
skipping: [localhost]

TASK [/stigforge/roles/cs9_stig : Check existence of fremovexattr in /etc/audit/rules.d/] ***
skipping: [localhost]

TASK [/stigforge/roles/cs9_stig : Reset syscalls found per file] ***************
skipping: [localhost]

TASK [/stigforge/roles/cs9_stig : Declare syscalls found per file] *************
skipping: [localhost]

TASK [/stigforge/roles/cs9_stig : Declare files where syscalls were found] *****
skipping: [localhost]

TASK [/stigforge/roles/cs9_stig : Count occurrences of syscalls in paths] ******
skipping: [localhost]

TASK [/stigforge/roles/cs9_stig : Get path with most syscalls] *****************
skipping: [localhost]

TASK [/stigforge/roles/cs9_stig : No file with syscall found, set path to /etc/audit/rules.d/perm_mod.rules] ***
skipping: [localhost]

TASK [/stigforge/roles/cs9_stig : Declare found syscalls] **********************
skipping: [localhost]

TASK [/stigforge/roles/cs9_stig : Declare missing syscalls] ********************
skipping: [localhost]

TASK [/stigforge/roles/cs9_stig : Replace the audit rule in {{ audit_file }}] ***
skipping: [localhost]

TASK [/stigforge/roles/cs9_stig : Add the audit rule to {{ audit_file }}] ******
skipping: [localhost]

TASK [/stigforge/roles/cs9_stig : Declare list of syscalls] ********************
skipping: [localhost]

TASK [/stigforge/roles/cs9_stig : Check existence of fremovexattr in /etc/audit/audit.rules] ***
skipping: [localhost]

TASK [/stigforge/roles/cs9_stig : Set path to /etc/audit/audit.rules] **********
skipping: [localhost]

TASK [/stigforge/roles/cs9_stig : Declare found syscalls] **********************
skipping: [localhost]

TASK [/stigforge/roles/cs9_stig : Declare missing syscalls] ********************
skipping: [localhost]

TASK [/stigforge/roles/cs9_stig : Replace the audit rule in {{ audit_file }}] ***
skipping: [localhost]

TASK [/stigforge/roles/cs9_stig : Add the audit rule to {{ audit_file }}] ******
skipping: [localhost]

TASK [/stigforge/roles/cs9_stig : Declare list of syscalls] ********************
skipping: [localhost]

TASK [/stigforge/roles/cs9_stig : Check existence of fremovexattr in /etc/audit/rules.d/] ***
skipping: [localhost]

TASK [/stigforge/roles/cs9_stig : Reset syscalls found per file] ***************
skipping: [localhost]

TASK [/stigforge/roles/cs9_stig : Declare syscalls found per file] *************
skipping: [localhost]

TASK [/stigforge/roles/cs9_stig : Declare files where syscalls were found] *****
skipping: [localhost]

TASK [/stigforge/roles/cs9_stig : Count occurrences of syscalls in paths] ******
skipping: [localhost]

TASK [/stigforge/roles/cs9_stig : Get path with most syscalls] *****************
skipping: [localhost]

TASK [/stigforge/roles/cs9_stig : No file with syscall found, set path to /etc/audit/rules.d/perm_mod.rules] ***
skipping: [localhost]

TASK [/stigforge/roles/cs9_stig : Declare found syscalls] **********************
skipping: [localhost]

TASK [/stigforge/roles/cs9_stig : Declare missing syscalls] ********************
skipping: [localhost]

TASK [/stigforge/roles/cs9_stig : Replace the audit rule in {{ audit_file }}] ***
skipping: [localhost]

TASK [/stigforge/roles/cs9_stig : Add the audit rule to {{ audit_file }}] ******
skipping: [localhost]

TASK [/stigforge/roles/cs9_stig : Declare list of syscalls] ********************
skipping: [localhost]

TASK [/stigforge/roles/cs9_stig : Check existence of fremovexattr in /etc/audit/audit.rules] ***
skipping: [localhost]

TASK [/stigforge/roles/cs9_stig : Set path to /etc/audit/audit.rules] **********
skipping: [localhost]

TASK [/stigforge/roles/cs9_stig : Declare found syscalls] **********************
skipping: [localhost]

TASK [/stigforge/roles/cs9_stig : Declare missing syscalls] ********************
skipping: [localhost]

TASK [/stigforge/roles/cs9_stig : Replace the audit rule in {{ audit_file }}] ***
skipping: [localhost]

TASK [/stigforge/roles/cs9_stig : Add the audit rule to {{ audit_file }}] ******
skipping: [localhost]

TASK [/stigforge/roles/cs9_stig : Declare list of syscalls] ********************
skipping: [localhost]

TASK [/stigforge/roles/cs9_stig : Check existence of fremovexattr in /etc/audit/rules.d/] ***
skipping: [localhost]

TASK [/stigforge/roles/cs9_stig : Reset syscalls found per file] ***************
skipping: [localhost]

TASK [/stigforge/roles/cs9_stig : Declare syscalls found per file] *************
skipping: [localhost]

TASK [/stigforge/roles/cs9_stig : Declare files where syscalls were found] *****
skipping: [localhost]

TASK [/stigforge/roles/cs9_stig : Count occurrences of syscalls in paths] ******
skipping: [localhost]

TASK [/stigforge/roles/cs9_stig : Get path with most syscalls] *****************
skipping: [localhost]

TASK [/stigforge/roles/cs9_stig : No file with syscall found, set path to /etc/audit/rules.d/perm_mod.rules] ***
skipping: [localhost]

TASK [/stigforge/roles/cs9_stig : Declare found syscalls] **********************
skipping: [localhost]

TASK [/stigforge/roles/cs9_stig : Declare missing syscalls] ********************
skipping: [localhost]

TASK [/stigforge/roles/cs9_stig : Replace the audit rule in {{ audit_file }}] ***
skipping: [localhost]

TASK [/stigforge/roles/cs9_stig : Add the audit rule to {{ audit_file }}] ******
skipping: [localhost]

TASK [/stigforge/roles/cs9_stig : Declare list of syscalls] ********************
skipping: [localhost]

TASK [/stigforge/roles/cs9_stig : Check existence of fremovexattr in /etc/audit/audit.rules] ***
skipping: [localhost]

TASK [/stigforge/roles/cs9_stig : Set path to /etc/audit/audit.rules] **********
skipping: [localhost]

TASK [/stigforge/roles/cs9_stig : Declare found syscalls] **********************
skipping: [localhost]

TASK [/stigforge/roles/cs9_stig : Declare missing syscalls] ********************
skipping: [localhost]

TASK [/stigforge/roles/cs9_stig : Replace the audit rule in {{ audit_file }}] ***
skipping: [localhost]

TASK [/stigforge/roles/cs9_stig : Add the audit rule to {{ audit_file }}] ******
skipping: [localhost]

TASK [/stigforge/roles/cs9_stig : Declare list of syscalls] ********************
skipping: [localhost]

TASK [/stigforge/roles/cs9_stig : Check existence of fremovexattr in /etc/audit/rules.d/] ***
skipping: [localhost]

TASK [/stigforge/roles/cs9_stig : Reset syscalls found per file] ***************
skipping: [localhost]

TASK [/stigforge/roles/cs9_stig : Declare syscalls found per file] *************
skipping: [localhost]

TASK [/stigforge/roles/cs9_stig : Declare files where syscalls were found] *****
skipping: [localhost]

TASK [/stigforge/roles/cs9_stig : Count occurrences of syscalls in paths] ******
skipping: [localhost]

TASK [/stigforge/roles/cs9_stig : Get path with most syscalls] *****************
skipping: [localhost]

TASK [/stigforge/roles/cs9_stig : No file with syscall found, set path to /etc/audit/rules.d/perm_mod.rules] ***
skipping: [localhost]

TASK [/stigforge/roles/cs9_stig : Declare found syscalls] **********************
skipping: [localhost]

TASK [/stigforge/roles/cs9_stig : Declare missing syscalls] ********************
skipping: [localhost]

TASK [/stigforge/roles/cs9_stig : Replace the audit rule in {{ audit_file }}] ***
skipping: [localhost]

TASK [/stigforge/roles/cs9_stig : Add the audit rule to {{ audit_file }}] ******
skipping: [localhost]

TASK [/stigforge/roles/cs9_stig : Declare list of syscalls] ********************
skipping: [localhost]

TASK [/stigforge/roles/cs9_stig : Check existence of fremovexattr in /etc/audit/audit.rules] ***
skipping: [localhost]

TASK [/stigforge/roles/cs9_stig : Set path to /etc/audit/audit.rules] **********
skipping: [localhost]

TASK [/stigforge/roles/cs9_stig : Declare found syscalls] **********************
skipping: [localhost]

TASK [/stigforge/roles/cs9_stig : Declare missing syscalls] ********************
skipping: [localhost]

TASK [/stigforge/roles/cs9_stig : Replace the audit rule in {{ audit_file }}] ***
skipping: [localhost]

TASK [/stigforge/roles/cs9_stig : Add the audit rule to {{ audit_file }}] ******
skipping: [localhost]

TASK [/stigforge/roles/cs9_stig : Set architecture for audit fsetxattr tasks] ***
skipping: [localhost]

TASK [/stigforge/roles/cs9_stig : Declare list of syscalls] ********************
skipping: [localhost]

TASK [/stigforge/roles/cs9_stig : Check existence of fsetxattr in /etc/audit/rules.d/] ***
skipping: [localhost]

TASK [/stigforge/roles/cs9_stig : Reset syscalls found per file] ***************
skipping: [localhost]

TASK [/stigforge/roles/cs9_stig : Declare syscalls found per file] *************
skipping: [localhost]

TASK [/stigforge/roles/cs9_stig : Declare files where syscalls were found] *****
skipping: [localhost]

TASK [/stigforge/roles/cs9_stig : Count occurrences of syscalls in paths] ******
skipping: [localhost]

TASK [/stigforge/roles/cs9_stig : Get path with most syscalls] *****************
skipping: [localhost]

TASK [/stigforge/roles/cs9_stig : No file with syscall found, set path to /etc/audit/rules.d/perm_mod.rules] ***
skipping: [localhost]

TASK [/stigforge/roles/cs9_stig : Declare found syscalls] **********************
skipping: [localhost]

TASK [/stigforge/roles/cs9_stig : Declare missing syscalls] ********************
skipping: [localhost]

TASK [/stigforge/roles/cs9_stig : Replace the audit rule in {{ audit_file }}] ***
skipping: [localhost]

TASK [/stigforge/roles/cs9_stig : Add the audit rule to {{ audit_file }}] ******
skipping: [localhost]

TASK [/stigforge/roles/cs9_stig : Declare list of syscalls] ********************
skipping: [localhost]

TASK [/stigforge/roles/cs9_stig : Check existence of fsetxattr in /etc/audit/audit.rules] ***
skipping: [localhost]

TASK [/stigforge/roles/cs9_stig : Set path to /etc/audit/audit.rules] **********
skipping: [localhost]

TASK [/stigforge/roles/cs9_stig : Declare found syscalls] **********************
skipping: [localhost]

TASK [/stigforge/roles/cs9_stig : Declare missing syscalls] ********************
skipping: [localhost]

TASK [/stigforge/roles/cs9_stig : Replace the audit rule in {{ audit_file }}] ***
skipping: [localhost]

TASK [/stigforge/roles/cs9_stig : Add the audit rule to {{ audit_file }}] ******
skipping: [localhost]

TASK [/stigforge/roles/cs9_stig : Declare list of syscalls] ********************
skipping: [localhost]

TASK [/stigforge/roles/cs9_stig : Check existence of fsetxattr in /etc/audit/rules.d/] ***
skipping: [localhost]

TASK [/stigforge/roles/cs9_stig : Reset syscalls found per file] ***************
skipping: [localhost]

TASK [/stigforge/roles/cs9_stig : Declare syscalls found per file] *************
skipping: [localhost]

TASK [/stigforge/roles/cs9_stig : Declare files where syscalls were found] *****
skipping: [localhost]

TASK [/stigforge/roles/cs9_stig : Count occurrences of syscalls in paths] ******
skipping: [localhost]

TASK [/stigforge/roles/cs9_stig : Get path with most syscalls] *****************
skipping: [localhost]

TASK [/stigforge/roles/cs9_stig : No file with syscall found, set path to /etc/audit/rules.d/perm_mod.rules] ***
skipping: [localhost]

TASK [/stigforge/roles/cs9_stig : Declare found syscalls] **********************
skipping: [localhost]

TASK [/stigforge/roles/cs9_stig : Declare missing syscalls] ********************
skipping: [localhost]

TASK [/stigforge/roles/cs9_stig : Replace the audit rule in {{ audit_file }}] ***
skipping: [localhost]

TASK [/stigforge/roles/cs9_stig : Add the audit rule to {{ audit_file }}] ******
skipping: [localhost]

TASK [/stigforge/roles/cs9_stig : Declare list of syscalls] ********************
skipping: [localhost]

TASK [/stigforge/roles/cs9_stig : Check existence of fsetxattr in /etc/audit/audit.rules] ***
skipping: [localhost]

TASK [/stigforge/roles/cs9_stig : Set path to /etc/audit/audit.rules] **********
skipping: [localhost]

TASK [/stigforge/roles/cs9_stig : Declare found syscalls] **********************
skipping: [localhost]

TASK [/stigforge/roles/cs9_stig : Declare missing syscalls] ********************
skipping: [localhost]

TASK [/stigforge/roles/cs9_stig : Replace the audit rule in {{ audit_file }}] ***
skipping: [localhost]

TASK [/stigforge/roles/cs9_stig : Add the audit rule to {{ audit_file }}] ******
skipping: [localhost]

TASK [/stigforge/roles/cs9_stig : Declare list of syscalls] ********************
skipping: [localhost]

TASK [/stigforge/roles/cs9_stig : Check existence of fsetxattr in /etc/audit/rules.d/] ***
skipping: [localhost]

TASK [/stigforge/roles/cs9_stig : Reset syscalls found per file] ***************
skipping: [localhost]

TASK [/stigforge/roles/cs9_stig : Declare syscalls found per file] *************
skipping: [localhost]

TASK [/stigforge/roles/cs9_stig : Declare files where syscalls were found] *****
skipping: [localhost]

TASK [/stigforge/roles/cs9_stig : Count occurrences of syscalls in paths] ******
skipping: [localhost]

TASK [/stigforge/roles/cs9_stig : Get path with most syscalls] *****************
skipping: [localhost]

TASK [/stigforge/roles/cs9_stig : No file with syscall found, set path to /etc/audit/rules.d/perm_mod.rules] ***
skipping: [localhost]

TASK [/stigforge/roles/cs9_stig : Declare found syscalls] **********************
skipping: [localhost]

TASK [/stigforge/roles/cs9_stig : Declare missing syscalls] ********************
skipping: [localhost]

TASK [/stigforge/roles/cs9_stig : Replace the audit rule in {{ audit_file }}] ***
skipping: [localhost]

TASK [/stigforge/roles/cs9_stig : Add the audit rule to {{ audit_file }}] ******
skipping: [localhost]

TASK [/stigforge/roles/cs9_stig : Declare list of syscalls] ********************
skipping: [localhost]

TASK [/stigforge/roles/cs9_stig : Check existence of fsetxattr in /etc/audit/audit.rules] ***
skipping: [localhost]

TASK [/stigforge/roles/cs9_stig : Set path to /etc/audit/audit.rules] **********
skipping: [localhost]

TASK [/stigforge/roles/cs9_stig : Declare found syscalls] **********************
skipping: [localhost]

TASK [/stigforge/roles/cs9_stig : Declare missing syscalls] ********************
skipping: [localhost]

TASK [/stigforge/roles/cs9_stig : Replace the audit rule in {{ audit_file }}] ***
skipping: [localhost]

TASK [/stigforge/roles/cs9_stig : Add the audit rule to {{ audit_file }}] ******
skipping: [localhost]

TASK [/stigforge/roles/cs9_stig : Declare list of syscalls] ********************
skipping: [localhost]

TASK [/stigforge/roles/cs9_stig : Check existence of fsetxattr in /etc/audit/rules.d/] ***
skipping: [localhost]

TASK [/stigforge/roles/cs9_stig : Reset syscalls found per file] ***************
skipping: [localhost]

TASK [/stigforge/roles/cs9_stig : Declare syscalls found per file] *************
skipping: [localhost]

TASK [/stigforge/roles/cs9_stig : Declare files where syscalls were found] *****
skipping: [localhost]

TASK [/stigforge/roles/cs9_stig : Count occurrences of syscalls in paths] ******
skipping: [localhost]

TASK [/stigforge/roles/cs9_stig : Get path with most syscalls] *****************
skipping: [localhost]

TASK [/stigforge/roles/cs9_stig : No file with syscall found, set path to /etc/audit/rules.d/perm_mod.rules] ***
skipping: [localhost]

TASK [/stigforge/roles/cs9_stig : Declare found syscalls] **********************
skipping: [localhost]

TASK [/stigforge/roles/cs9_stig : Declare missing syscalls] ********************
skipping: [localhost]

TASK [/stigforge/roles/cs9_stig : Replace the audit rule in {{ audit_file }}] ***
skipping: [localhost]

TASK [/stigforge/roles/cs9_stig : Add the audit rule to {{ audit_file }}] ******
skipping: [localhost]

TASK [/stigforge/roles/cs9_stig : Declare list of syscalls] ********************
skipping: [localhost]

TASK [/stigforge/roles/cs9_stig : Check existence of fsetxattr in /etc/audit/audit.rules] ***
skipping: [localhost]

TASK [/stigforge/roles/cs9_stig : Set path to /etc/audit/audit.rules] **********
skipping: [localhost]

TASK [/stigforge/roles/cs9_stig : Declare found syscalls] **********************
skipping: [localhost]

TASK [/stigforge/roles/cs9_stig : Declare missing syscalls] ********************
skipping: [localhost]

TASK [/stigforge/roles/cs9_stig : Replace the audit rule in {{ audit_file }}] ***
skipping: [localhost]

TASK [/stigforge/roles/cs9_stig : Add the audit rule to {{ audit_file }}] ******
skipping: [localhost]

TASK [/stigforge/roles/cs9_stig : Set architecture for audit lchown tasks] *****
skipping: [localhost]

TASK [/stigforge/roles/cs9_stig : Declare list of syscalls] ********************
skipping: [localhost]

TASK [/stigforge/roles/cs9_stig : Check existence of lchown in /etc/audit/rules.d/] ***
skipping: [localhost]

TASK [/stigforge/roles/cs9_stig : Reset syscalls found per file] ***************
skipping: [localhost]

TASK [/stigforge/roles/cs9_stig : Declare syscalls found per file] *************
skipping: [localhost]

TASK [/stigforge/roles/cs9_stig : Declare files where syscalls were found] *****
skipping: [localhost]

TASK [/stigforge/roles/cs9_stig : Count occurrences of syscalls in paths] ******
skipping: [localhost]

TASK [/stigforge/roles/cs9_stig : Get path with most syscalls] *****************
skipping: [localhost]

TASK [/stigforge/roles/cs9_stig : No file with syscall found, set path to /etc/audit/rules.d/perm_mod.rules] ***
skipping: [localhost]

TASK [/stigforge/roles/cs9_stig : Declare found syscalls] **********************
skipping: [localhost]

TASK [/stigforge/roles/cs9_stig : Declare missing syscalls] ********************
skipping: [localhost]

TASK [/stigforge/roles/cs9_stig : Replace the audit rule in {{ audit_file }}] ***
skipping: [localhost]

TASK [/stigforge/roles/cs9_stig : Add the audit rule to {{ audit_file }}] ******
skipping: [localhost]

TASK [/stigforge/roles/cs9_stig : Declare list of syscalls] ********************
skipping: [localhost]

TASK [/stigforge/roles/cs9_stig : Check existence of lchown in /etc/audit/audit.rules] ***
skipping: [localhost]

TASK [/stigforge/roles/cs9_stig : Set path to /etc/audit/audit.rules] **********
skipping: [localhost]

TASK [/stigforge/roles/cs9_stig : Declare found syscalls] **********************
skipping: [localhost]

TASK [/stigforge/roles/cs9_stig : Declare missing syscalls] ********************
skipping: [localhost]

TASK [/stigforge/roles/cs9_stig : Replace the audit rule in {{ audit_file }}] ***
skipping: [localhost]

TASK [/stigforge/roles/cs9_stig : Add the audit rule to {{ audit_file }}] ******
skipping: [localhost]

TASK [/stigforge/roles/cs9_stig : Declare list of syscalls] ********************
skipping: [localhost]

TASK [/stigforge/roles/cs9_stig : Check existence of lchown in /etc/audit/rules.d/] ***
skipping: [localhost]

TASK [/stigforge/roles/cs9_stig : Reset syscalls found per file] ***************
skipping: [localhost]

TASK [/stigforge/roles/cs9_stig : Declare syscalls found per file] *************
skipping: [localhost]

TASK [/stigforge/roles/cs9_stig : Declare files where syscalls were found] *****
skipping: [localhost]

TASK [/stigforge/roles/cs9_stig : Count occurrences of syscalls in paths] ******
skipping: [localhost]

TASK [/stigforge/roles/cs9_stig : Get path with most syscalls] *****************
skipping: [localhost]

TASK [/stigforge/roles/cs9_stig : No file with syscall found, set path to /etc/audit/rules.d/perm_mod.rules] ***
skipping: [localhost]

TASK [/stigforge/roles/cs9_stig : Declare found syscalls] **********************
skipping: [localhost]

TASK [/stigforge/roles/cs9_stig : Declare missing syscalls] ********************
skipping: [localhost]

TASK [/stigforge/roles/cs9_stig : Replace the audit rule in {{ audit_file }}] ***
skipping: [localhost]

TASK [/stigforge/roles/cs9_stig : Add the audit rule to {{ audit_file }}] ******
skipping: [localhost]

TASK [/stigforge/roles/cs9_stig : Declare list of syscalls] ********************
skipping: [localhost]

TASK [/stigforge/roles/cs9_stig : Check existence of lchown in /etc/audit/audit.rules] ***
skipping: [localhost]

TASK [/stigforge/roles/cs9_stig : Set path to /etc/audit/audit.rules] **********
skipping: [localhost]

TASK [/stigforge/roles/cs9_stig : Declare found syscalls] **********************
skipping: [localhost]

TASK [/stigforge/roles/cs9_stig : Declare missing syscalls] ********************
skipping: [localhost]

TASK [/stigforge/roles/cs9_stig : Replace the audit rule in {{ audit_file }}] ***
skipping: [localhost]

TASK [/stigforge/roles/cs9_stig : Add the audit rule to {{ audit_file }}] ******
skipping: [localhost]

TASK [/stigforge/roles/cs9_stig : Set architecture for audit lremovexattr tasks] ***
skipping: [localhost]

TASK [/stigforge/roles/cs9_stig : Declare list of syscalls] ********************
skipping: [localhost]

TASK [/stigforge/roles/cs9_stig : Check existence of lremovexattr in /etc/audit/rules.d/] ***
skipping: [localhost]

TASK [/stigforge/roles/cs9_stig : Reset syscalls found per file] ***************
skipping: [localhost]

TASK [/stigforge/roles/cs9_stig : Declare syscalls found per file] *************
skipping: [localhost]

TASK [/stigforge/roles/cs9_stig : Declare files where syscalls were found] *****
skipping: [localhost]

TASK [/stigforge/roles/cs9_stig : Count occurrences of syscalls in paths] ******
skipping: [localhost]

TASK [/stigforge/roles/cs9_stig : Get path with most syscalls] *****************
skipping: [localhost]

TASK [/stigforge/roles/cs9_stig : No file with syscall found, set path to /etc/audit/rules.d/perm_mod.rules] ***
skipping: [localhost]

TASK [/stigforge/roles/cs9_stig : Declare found syscalls] **********************
skipping: [localhost]

TASK [/stigforge/roles/cs9_stig : Declare missing syscalls] ********************
skipping: [localhost]

TASK [/stigforge/roles/cs9_stig : Replace the audit rule in {{ audit_file }}] ***
skipping: [localhost]

TASK [/stigforge/roles/cs9_stig : Add the audit rule to {{ audit_file }}] ******
skipping: [localhost]

TASK [/stigforge/roles/cs9_stig : Declare list of syscalls] ********************
skipping: [localhost]

TASK [/stigforge/roles/cs9_stig : Check existence of lremovexattr in /etc/audit/audit.rules] ***
skipping: [localhost]

TASK [/stigforge/roles/cs9_stig : Set path to /etc/audit/audit.rules] **********
skipping: [localhost]

TASK [/stigforge/roles/cs9_stig : Declare found syscalls] **********************
skipping: [localhost]

TASK [/stigforge/roles/cs9_stig : Declare missing syscalls] ********************
skipping: [localhost]

TASK [/stigforge/roles/cs9_stig : Replace the audit rule in {{ audit_file }}] ***
skipping: [localhost]

TASK [/stigforge/roles/cs9_stig : Add the audit rule to {{ audit_file }}] ******
skipping: [localhost]

TASK [/stigforge/roles/cs9_stig : Declare list of syscalls] ********************
skipping: [localhost]

TASK [/stigforge/roles/cs9_stig : Check existence of lremovexattr in /etc/audit/rules.d/] ***
skipping: [localhost]

TASK [/stigforge/roles/cs9_stig : Reset syscalls found per file] ***************
skipping: [localhost]

TASK [/stigforge/roles/cs9_stig : Declare syscalls found per file] *************
skipping: [localhost]

TASK [/stigforge/roles/cs9_stig : Declare files where syscalls were found] *****
skipping: [localhost]

TASK [/stigforge/roles/cs9_stig : Count occurrences of syscalls in paths] ******
skipping: [localhost]

TASK [/stigforge/roles/cs9_stig : Get path with most syscalls] *****************
skipping: [localhost]

TASK [/stigforge/roles/cs9_stig : No file with syscall found, set path to /etc/audit/rules.d/perm_mod.rules] ***
skipping: [localhost]

TASK [/stigforge/roles/cs9_stig : Declare found syscalls] **********************
skipping: [localhost]

TASK [/stigforge/roles/cs9_stig : Declare missing syscalls] ********************
skipping: [localhost]

TASK [/stigforge/roles/cs9_stig : Replace the audit rule in {{ audit_file }}] ***
skipping: [localhost]

TASK [/stigforge/roles/cs9_stig : Add the audit rule to {{ audit_file }}] ******
skipping: [localhost]

TASK [/stigforge/roles/cs9_stig : Declare list of syscalls] ********************
skipping: [localhost]

TASK [/stigforge/roles/cs9_stig : Check existence of lremovexattr in /etc/audit/audit.rules] ***
skipping: [localhost]

TASK [/stigforge/roles/cs9_stig : Set path to /etc/audit/audit.rules] **********
skipping: [localhost]

TASK [/stigforge/roles/cs9_stig : Declare found syscalls] **********************
skipping: [localhost]

TASK [/stigforge/roles/cs9_stig : Declare missing syscalls] ********************
skipping: [localhost]

TASK [/stigforge/roles/cs9_stig : Replace the audit rule in {{ audit_file }}] ***
skipping: [localhost]

TASK [/stigforge/roles/cs9_stig : Add the audit rule to {{ audit_file }}] ******
skipping: [localhost]

TASK [/stigforge/roles/cs9_stig : Declare list of syscalls] ********************
skipping: [localhost]

TASK [/stigforge/roles/cs9_stig : Check existence of lremovexattr in /etc/audit/rules.d/] ***
skipping: [localhost]

TASK [/stigforge/roles/cs9_stig : Reset syscalls found per file] ***************
skipping: [localhost]

TASK [/stigforge/roles/cs9_stig : Declare syscalls found per file] *************
skipping: [localhost]

TASK [/stigforge/roles/cs9_stig : Declare files where syscalls were found] *****
skipping: [localhost]

TASK [/stigforge/roles/cs9_stig : Count occurrences of syscalls in paths] ******
skipping: [localhost]

TASK [/stigforge/roles/cs9_stig : Get path with most syscalls] *****************
skipping: [localhost]

TASK [/stigforge/roles/cs9_stig : No file with syscall found, set path to /etc/audit/rules.d/perm_mod.rules] ***
skipping: [localhost]

TASK [/stigforge/roles/cs9_stig : Declare found syscalls] **********************
skipping: [localhost]

TASK [/stigforge/roles/cs9_stig : Declare missing syscalls] ********************
skipping: [localhost]

TASK [/stigforge/roles/cs9_stig : Replace the audit rule in {{ audit_file }}] ***
skipping: [localhost]

TASK [/stigforge/roles/cs9_stig : Add the audit rule to {{ audit_file }}] ******
skipping: [localhost]

TASK [/stigforge/roles/cs9_stig : Declare list of syscalls] ********************
skipping: [localhost]

TASK [/stigforge/roles/cs9_stig : Check existence of lremovexattr in /etc/audit/audit.rules] ***
skipping: [localhost]

TASK [/stigforge/roles/cs9_stig : Set path to /etc/audit/audit.rules] **********
skipping: [localhost]

TASK [/stigforge/roles/cs9_stig : Declare found syscalls] **********************
skipping: [localhost]

TASK [/stigforge/roles/cs9_stig : Declare missing syscalls] ********************
skipping: [localhost]

TASK [/stigforge/roles/cs9_stig : Replace the audit rule in {{ audit_file }}] ***
skipping: [localhost]

TASK [/stigforge/roles/cs9_stig : Add the audit rule to {{ audit_file }}] ******
skipping: [localhost]

TASK [/stigforge/roles/cs9_stig : Declare list of syscalls] ********************
skipping: [localhost]

TASK [/stigforge/roles/cs9_stig : Check existence of lremovexattr in /etc/audit/rules.d/] ***
skipping: [localhost]

TASK [/stigforge/roles/cs9_stig : Reset syscalls found per file] ***************
skipping: [localhost]

TASK [/stigforge/roles/cs9_stig : Declare syscalls found per file] *************
skipping: [localhost]

TASK [/stigforge/roles/cs9_stig : Declare files where syscalls were found] *****
skipping: [localhost]

TASK [/stigforge/roles/cs9_stig : Count occurrences of syscalls in paths] ******
skipping: [localhost]

TASK [/stigforge/roles/cs9_stig : Get path with most syscalls] *****************
skipping: [localhost]

TASK [/stigforge/roles/cs9_stig : No file with syscall found, set path to /etc/audit/rules.d/perm_mod.rules] ***
skipping: [localhost]

TASK [/stigforge/roles/cs9_stig : Declare found syscalls] **********************
skipping: [localhost]

TASK [/stigforge/roles/cs9_stig : Declare missing syscalls] ********************
skipping: [localhost]

TASK [/stigforge/roles/cs9_stig : Replace the audit rule in {{ audit_file }}] ***
skipping: [localhost]

TASK [/stigforge/roles/cs9_stig : Add the audit rule to {{ audit_file }}] ******
skipping: [localhost]

TASK [/stigforge/roles/cs9_stig : Declare list of syscalls] ********************
skipping: [localhost]

TASK [/stigforge/roles/cs9_stig : Check existence of lremovexattr in /etc/audit/audit.rules] ***
skipping: [localhost]

TASK [/stigforge/roles/cs9_stig : Set path to /etc/audit/audit.rules] **********
skipping: [localhost]

TASK [/stigforge/roles/cs9_stig : Declare found syscalls] **********************
skipping: [localhost]

TASK [/stigforge/roles/cs9_stig : Declare missing syscalls] ********************
skipping: [localhost]

TASK [/stigforge/roles/cs9_stig : Replace the audit rule in {{ audit_file }}] ***
skipping: [localhost]

TASK [/stigforge/roles/cs9_stig : Add the audit rule to {{ audit_file }}] ******
skipping: [localhost]

TASK [/stigforge/roles/cs9_stig : Set architecture for audit lsetxattr tasks] ***
skipping: [localhost]

TASK [/stigforge/roles/cs9_stig : Declare list of syscalls] ********************
skipping: [localhost]

TASK [/stigforge/roles/cs9_stig : Check existence of lsetxattr in /etc/audit/rules.d/] ***
skipping: [localhost]

TASK [/stigforge/roles/cs9_stig : Reset syscalls found per file] ***************
skipping: [localhost]

TASK [/stigforge/roles/cs9_stig : Declare syscalls found per file] *************
skipping: [localhost]

TASK [/stigforge/roles/cs9_stig : Declare files where syscalls were found] *****
skipping: [localhost]

TASK [/stigforge/roles/cs9_stig : Count occurrences of syscalls in paths] ******
skipping: [localhost]

TASK [/stigforge/roles/cs9_stig : Get path with most syscalls] *****************
skipping: [localhost]

TASK [/stigforge/roles/cs9_stig : No file with syscall found, set path to /etc/audit/rules.d/perm_mod.rules] ***
skipping: [localhost]

TASK [/stigforge/roles/cs9_stig : Declare found syscalls] **********************
skipping: [localhost]

TASK [/stigforge/roles/cs9_stig : Declare missing syscalls] ********************
skipping: [localhost]

TASK [/stigforge/roles/cs9_stig : Replace the audit rule in {{ audit_file }}] ***
skipping: [localhost]

TASK [/stigforge/roles/cs9_stig : Add the audit rule to {{ audit_file }}] ******
skipping: [localhost]

TASK [/stigforge/roles/cs9_stig : Declare list of syscalls] ********************
skipping: [localhost]

TASK [/stigforge/roles/cs9_stig : Check existence of lsetxattr in /etc/audit/audit.rules] ***
skipping: [localhost]

TASK [/stigforge/roles/cs9_stig : Set path to /etc/audit/audit.rules] **********
skipping: [localhost]

TASK [/stigforge/roles/cs9_stig : Declare found syscalls] **********************
skipping: [localhost]

TASK [/stigforge/roles/cs9_stig : Declare missing syscalls] ********************
skipping: [localhost]

TASK [/stigforge/roles/cs9_stig : Replace the audit rule in {{ audit_file }}] ***
skipping: [localhost]

TASK [/stigforge/roles/cs9_stig : Add the audit rule to {{ audit_file }}] ******
skipping: [localhost]

TASK [/stigforge/roles/cs9_stig : Declare list of syscalls] ********************
skipping: [localhost]

TASK [/stigforge/roles/cs9_stig : Check existence of lsetxattr in /etc/audit/rules.d/] ***
skipping: [localhost]

TASK [/stigforge/roles/cs9_stig : Reset syscalls found per file] ***************
skipping: [localhost]

TASK [/stigforge/roles/cs9_stig : Declare syscalls found per file] *************
skipping: [localhost]

TASK [/stigforge/roles/cs9_stig : Declare files where syscalls were found] *****
skipping: [localhost]

TASK [/stigforge/roles/cs9_stig : Count occurrences of syscalls in paths] ******
skipping: [localhost]

TASK [/stigforge/roles/cs9_stig : Get path with most syscalls] *****************
skipping: [localhost]

TASK [/stigforge/roles/cs9_stig : No file with syscall found, set path to /etc/audit/rules.d/perm_mod.rules] ***
skipping: [localhost]

TASK [/stigforge/roles/cs9_stig : Declare found syscalls] **********************
skipping: [localhost]

TASK [/stigforge/roles/cs9_stig : Declare missing syscalls] ********************
skipping: [localhost]

TASK [/stigforge/roles/cs9_stig : Replace the audit rule in {{ audit_file }}] ***
skipping: [localhost]

TASK [/stigforge/roles/cs9_stig : Add the audit rule to {{ audit_file }}] ******
skipping: [localhost]

TASK [/stigforge/roles/cs9_stig : Declare list of syscalls] ********************
skipping: [localhost]

TASK [/stigforge/roles/cs9_stig : Check existence of lsetxattr in /etc/audit/audit.rules] ***
skipping: [localhost]

TASK [/stigforge/roles/cs9_stig : Set path to /etc/audit/audit.rules] **********
skipping: [localhost]

TASK [/stigforge/roles/cs9_stig : Declare found syscalls] **********************
skipping: [localhost]

TASK [/stigforge/roles/cs9_stig : Declare missing syscalls] ********************
skipping: [localhost]

TASK [/stigforge/roles/cs9_stig : Replace the audit rule in {{ audit_file }}] ***
skipping: [localhost]

TASK [/stigforge/roles/cs9_stig : Add the audit rule to {{ audit_file }}] ******
skipping: [localhost]

TASK [/stigforge/roles/cs9_stig : Declare list of syscalls] ********************
skipping: [localhost]

TASK [/stigforge/roles/cs9_stig : Check existence of lsetxattr in /etc/audit/rules.d/] ***
skipping: [localhost]

TASK [/stigforge/roles/cs9_stig : Reset syscalls found per file] ***************
skipping: [localhost]

TASK [/stigforge/roles/cs9_stig : Declare syscalls found per file] *************
skipping: [localhost]

TASK [/stigforge/roles/cs9_stig : Declare files where syscalls were found] *****
skipping: [localhost]

TASK [/stigforge/roles/cs9_stig : Count occurrences of syscalls in paths] ******
skipping: [localhost]

TASK [/stigforge/roles/cs9_stig : Get path with most syscalls] *****************
skipping: [localhost]

TASK [/stigforge/roles/cs9_stig : No file with syscall found, set path to /etc/audit/rules.d/perm_mod.rules] ***
skipping: [localhost]

TASK [/stigforge/roles/cs9_stig : Declare found syscalls] **********************
skipping: [localhost]

TASK [/stigforge/roles/cs9_stig : Declare missing syscalls] ********************
skipping: [localhost]

TASK [/stigforge/roles/cs9_stig : Replace the audit rule in {{ audit_file }}] ***
skipping: [localhost]

TASK [/stigforge/roles/cs9_stig : Add the audit rule to {{ audit_file }}] ******
skipping: [localhost]

TASK [/stigforge/roles/cs9_stig : Declare list of syscalls] ********************
skipping: [localhost]

TASK [/stigforge/roles/cs9_stig : Check existence of lsetxattr in /etc/audit/audit.rules] ***
skipping: [localhost]

TASK [/stigforge/roles/cs9_stig : Set path to /etc/audit/audit.rules] **********
skipping: [localhost]

TASK [/stigforge/roles/cs9_stig : Declare found syscalls] **********************
skipping: [localhost]

TASK [/stigforge/roles/cs9_stig : Declare missing syscalls] ********************
skipping: [localhost]

TASK [/stigforge/roles/cs9_stig : Replace the audit rule in {{ audit_file }}] ***
skipping: [localhost]

TASK [/stigforge/roles/cs9_stig : Add the audit rule to {{ audit_file }}] ******
skipping: [localhost]

TASK [/stigforge/roles/cs9_stig : Declare list of syscalls] ********************
skipping: [localhost]

TASK [/stigforge/roles/cs9_stig : Check existence of lsetxattr in /etc/audit/rules.d/] ***
skipping: [localhost]

TASK [/stigforge/roles/cs9_stig : Reset syscalls found per file] ***************
skipping: [localhost]

TASK [/stigforge/roles/cs9_stig : Declare syscalls found per file] *************
skipping: [localhost]

TASK [/stigforge/roles/cs9_stig : Declare files where syscalls were found] *****
skipping: [localhost]

TASK [/stigforge/roles/cs9_stig : Count occurrences of syscalls in paths] ******
skipping: [localhost]

TASK [/stigforge/roles/cs9_stig : Get path with most syscalls] *****************
skipping: [localhost]

TASK [/stigforge/roles/cs9_stig : No file with syscall found, set path to /etc/audit/rules.d/perm_mod.rules] ***
skipping: [localhost]

TASK [/stigforge/roles/cs9_stig : Declare found syscalls] **********************
skipping: [localhost]

TASK [/stigforge/roles/cs9_stig : Declare missing syscalls] ********************
skipping: [localhost]

TASK [/stigforge/roles/cs9_stig : Replace the audit rule in {{ audit_file }}] ***
skipping: [localhost]

TASK [/stigforge/roles/cs9_stig : Add the audit rule to {{ audit_file }}] ******
skipping: [localhost]

TASK [/stigforge/roles/cs9_stig : Declare list of syscalls] ********************
skipping: [localhost]

TASK [/stigforge/roles/cs9_stig : Check existence of lsetxattr in /etc/audit/audit.rules] ***
skipping: [localhost]

TASK [/stigforge/roles/cs9_stig : Set path to /etc/audit/audit.rules] **********
skipping: [localhost]

TASK [/stigforge/roles/cs9_stig : Declare found syscalls] **********************
skipping: [localhost]

TASK [/stigforge/roles/cs9_stig : Declare missing syscalls] ********************
skipping: [localhost]

TASK [/stigforge/roles/cs9_stig : Replace the audit rule in {{ audit_file }}] ***
skipping: [localhost]

TASK [/stigforge/roles/cs9_stig : Add the audit rule to {{ audit_file }}] ******
skipping: [localhost]

TASK [/stigforge/roles/cs9_stig : Set architecture for audit removexattr tasks] ***
skipping: [localhost]

TASK [/stigforge/roles/cs9_stig : Declare list of syscalls] ********************
skipping: [localhost]

TASK [/stigforge/roles/cs9_stig : Check existence of removexattr in /etc/audit/rules.d/] ***
skipping: [localhost]

TASK [/stigforge/roles/cs9_stig : Reset syscalls found per file] ***************
skipping: [localhost]

TASK [/stigforge/roles/cs9_stig : Declare syscalls found per file] *************
skipping: [localhost]

TASK [/stigforge/roles/cs9_stig : Declare files where syscalls were found] *****
skipping: [localhost]

TASK [/stigforge/roles/cs9_stig : Count occurrences of syscalls in paths] ******
skipping: [localhost]

TASK [/stigforge/roles/cs9_stig : Get path with most syscalls] *****************
skipping: [localhost]

TASK [/stigforge/roles/cs9_stig : No file with syscall found, set path to /etc/audit/rules.d/perm_mod.rules] ***
skipping: [localhost]

TASK [/stigforge/roles/cs9_stig : Declare found syscalls] **********************
skipping: [localhost]

TASK [/stigforge/roles/cs9_stig : Declare missing syscalls] ********************
skipping: [localhost]

TASK [/stigforge/roles/cs9_stig : Replace the audit rule in {{ audit_file }}] ***
skipping: [localhost]

TASK [/stigforge/roles/cs9_stig : Add the audit rule to {{ audit_file }}] ******
skipping: [localhost]

TASK [/stigforge/roles/cs9_stig : Declare list of syscalls] ********************
skipping: [localhost]

TASK [/stigforge/roles/cs9_stig : Check existence of removexattr in /etc/audit/audit.rules] ***
skipping: [localhost]

TASK [/stigforge/roles/cs9_stig : Set path to /etc/audit/audit.rules] **********
skipping: [localhost]

TASK [/stigforge/roles/cs9_stig : Declare found syscalls] **********************
skipping: [localhost]

TASK [/stigforge/roles/cs9_stig : Declare missing syscalls] ********************
skipping: [localhost]

TASK [/stigforge/roles/cs9_stig : Replace the audit rule in {{ audit_file }}] ***
skipping: [localhost]

TASK [/stigforge/roles/cs9_stig : Add the audit rule to {{ audit_file }}] ******
skipping: [localhost]

TASK [/stigforge/roles/cs9_stig : Declare list of syscalls] ********************
skipping: [localhost]

TASK [/stigforge/roles/cs9_stig : Check existence of removexattr in /etc/audit/rules.d/] ***
skipping: [localhost]

TASK [/stigforge/roles/cs9_stig : Reset syscalls found per file] ***************
skipping: [localhost]

TASK [/stigforge/roles/cs9_stig : Declare syscalls found per file] *************
skipping: [localhost]

TASK [/stigforge/roles/cs9_stig : Declare files where syscalls were found] *****
skipping: [localhost]

TASK [/stigforge/roles/cs9_stig : Count occurrences of syscalls in paths] ******
skipping: [localhost]

TASK [/stigforge/roles/cs9_stig : Get path with most syscalls] *****************
skipping: [localhost]

TASK [/stigforge/roles/cs9_stig : No file with syscall found, set path to /etc/audit/rules.d/perm_mod.rules] ***
skipping: [localhost]

TASK [/stigforge/roles/cs9_stig : Declare found syscalls] **********************
skipping: [localhost]

TASK [/stigforge/roles/cs9_stig : Declare missing syscalls] ********************
skipping: [localhost]

TASK [/stigforge/roles/cs9_stig : Replace the audit rule in {{ audit_file }}] ***
skipping: [localhost]

TASK [/stigforge/roles/cs9_stig : Add the audit rule to {{ audit_file }}] ******
skipping: [localhost]

TASK [/stigforge/roles/cs9_stig : Declare list of syscalls] ********************
skipping: [localhost]

TASK [/stigforge/roles/cs9_stig : Check existence of removexattr in /etc/audit/audit.rules] ***
skipping: [localhost]

TASK [/stigforge/roles/cs9_stig : Set path to /etc/audit/audit.rules] **********
skipping: [localhost]

TASK [/stigforge/roles/cs9_stig : Declare found syscalls] **********************
skipping: [localhost]

TASK [/stigforge/roles/cs9_stig : Declare missing syscalls] ********************
skipping: [localhost]

TASK [/stigforge/roles/cs9_stig : Replace the audit rule in {{ audit_file }}] ***
skipping: [localhost]

TASK [/stigforge/roles/cs9_stig : Add the audit rule to {{ audit_file }}] ******
skipping: [localhost]

TASK [/stigforge/roles/cs9_stig : Declare list of syscalls] ********************
skipping: [localhost]

TASK [/stigforge/roles/cs9_stig : Check existence of removexattr in /etc/audit/rules.d/] ***
skipping: [localhost]

TASK [/stigforge/roles/cs9_stig : Reset syscalls found per file] ***************
skipping: [localhost]

TASK [/stigforge/roles/cs9_stig : Declare syscalls found per file] *************
skipping: [localhost]

TASK [/stigforge/roles/cs9_stig : Declare files where syscalls were found] *****
skipping: [localhost]

TASK [/stigforge/roles/cs9_stig : Count occurrences of syscalls in paths] ******
skipping: [localhost]

TASK [/stigforge/roles/cs9_stig : Get path with most syscalls] *****************
skipping: [localhost]

TASK [/stigforge/roles/cs9_stig : No file with syscall found, set path to /etc/audit/rules.d/perm_mod.rules] ***
skipping: [localhost]

TASK [/stigforge/roles/cs9_stig : Declare found syscalls] **********************
skipping: [localhost]

TASK [/stigforge/roles/cs9_stig : Declare missing syscalls] ********************
skipping: [localhost]

TASK [/stigforge/roles/cs9_stig : Replace the audit rule in {{ audit_file }}] ***
skipping: [localhost]

TASK [/stigforge/roles/cs9_stig : Add the audit rule to {{ audit_file }}] ******
skipping: [localhost]

TASK [/stigforge/roles/cs9_stig : Declare list of syscalls] ********************
skipping: [localhost]

TASK [/stigforge/roles/cs9_stig : Check existence of removexattr in /etc/audit/audit.rules] ***
skipping: [localhost]

TASK [/stigforge/roles/cs9_stig : Set path to /etc/audit/audit.rules] **********
skipping: [localhost]

TASK [/stigforge/roles/cs9_stig : Declare found syscalls] **********************
skipping: [localhost]

TASK [/stigforge/roles/cs9_stig : Declare missing syscalls] ********************
skipping: [localhost]

TASK [/stigforge/roles/cs9_stig : Replace the audit rule in {{ audit_file }}] ***
skipping: [localhost]

TASK [/stigforge/roles/cs9_stig : Add the audit rule to {{ audit_file }}] ******
skipping: [localhost]

TASK [/stigforge/roles/cs9_stig : Declare list of syscalls] ********************
skipping: [localhost]

TASK [/stigforge/roles/cs9_stig : Check existence of removexattr in /etc/audit/rules.d/] ***
skipping: [localhost]

TASK [/stigforge/roles/cs9_stig : Reset syscalls found per file] ***************
skipping: [localhost]

TASK [/stigforge/roles/cs9_stig : Declare syscalls found per file] *************
skipping: [localhost]

TASK [/stigforge/roles/cs9_stig : Declare files where syscalls were found] *****
skipping: [localhost]

TASK [/stigforge/roles/cs9_stig : Count occurrences of syscalls in paths] ******
skipping: [localhost]

TASK [/stigforge/roles/cs9_stig : Get path with most syscalls] *****************
skipping: [localhost]

TASK [/stigforge/roles/cs9_stig : No file with syscall found, set path to /etc/audit/rules.d/perm_mod.rules] ***
skipping: [localhost]

TASK [/stigforge/roles/cs9_stig : Declare found syscalls] **********************
skipping: [localhost]

TASK [/stigforge/roles/cs9_stig : Declare missing syscalls] ********************
skipping: [localhost]

TASK [/stigforge/roles/cs9_stig : Replace the audit rule in {{ audit_file }}] ***
skipping: [localhost]

TASK [/stigforge/roles/cs9_stig : Add the audit rule to {{ audit_file }}] ******
skipping: [localhost]

TASK [/stigforge/roles/cs9_stig : Declare list of syscalls] ********************
skipping: [localhost]

TASK [/stigforge/roles/cs9_stig : Check existence of removexattr in /etc/audit/audit.rules] ***
skipping: [localhost]

TASK [/stigforge/roles/cs9_stig : Set path to /etc/audit/audit.rules] **********
skipping: [localhost]

TASK [/stigforge/roles/cs9_stig : Declare found syscalls] **********************
skipping: [localhost]

TASK [/stigforge/roles/cs9_stig : Declare missing syscalls] ********************
skipping: [localhost]

TASK [/stigforge/roles/cs9_stig : Replace the audit rule in {{ audit_file }}] ***
skipping: [localhost]

TASK [/stigforge/roles/cs9_stig : Add the audit rule to {{ audit_file }}] ******
skipping: [localhost]

TASK [/stigforge/roles/cs9_stig : Set architecture for audit setxattr tasks] ***
skipping: [localhost]

TASK [/stigforge/roles/cs9_stig : Declare list of syscalls] ********************
skipping: [localhost]

TASK [/stigforge/roles/cs9_stig : Check existence of setxattr in /etc/audit/rules.d/] ***
skipping: [localhost]

TASK [/stigforge/roles/cs9_stig : Reset syscalls found per file] ***************
skipping: [localhost]

TASK [/stigforge/roles/cs9_stig : Declare syscalls found per file] *************
skipping: [localhost]

TASK [/stigforge/roles/cs9_stig : Declare files where syscalls were found] *****
skipping: [localhost]

TASK [/stigforge/roles/cs9_stig : Count occurrences of syscalls in paths] ******
skipping: [localhost]

TASK [/stigforge/roles/cs9_stig : Get path with most syscalls] *****************
skipping: [localhost]

TASK [/stigforge/roles/cs9_stig : No file with syscall found, set path to /etc/audit/rules.d/perm_mod.rules] ***
skipping: [localhost]

TASK [/stigforge/roles/cs9_stig : Declare found syscalls] **********************
skipping: [localhost]

TASK [/stigforge/roles/cs9_stig : Declare missing syscalls] ********************
skipping: [localhost]

TASK [/stigforge/roles/cs9_stig : Replace the audit rule in {{ audit_file }}] ***
skipping: [localhost]

TASK [/stigforge/roles/cs9_stig : Add the audit rule to {{ audit_file }}] ******
skipping: [localhost]

TASK [/stigforge/roles/cs9_stig : Declare list of syscalls] ********************
skipping: [localhost]

TASK [/stigforge/roles/cs9_stig : Check existence of setxattr in /etc/audit/audit.rules] ***
skipping: [localhost]

TASK [/stigforge/roles/cs9_stig : Set path to /etc/audit/audit.rules] **********
skipping: [localhost]

TASK [/stigforge/roles/cs9_stig : Declare found syscalls] **********************
skipping: [localhost]

TASK [/stigforge/roles/cs9_stig : Declare missing syscalls] ********************
skipping: [localhost]

TASK [/stigforge/roles/cs9_stig : Replace the audit rule in {{ audit_file }}] ***
skipping: [localhost]

TASK [/stigforge/roles/cs9_stig : Add the audit rule to {{ audit_file }}] ******
skipping: [localhost]

TASK [/stigforge/roles/cs9_stig : Declare list of syscalls] ********************
skipping: [localhost]

TASK [/stigforge/roles/cs9_stig : Check existence of setxattr in /etc/audit/rules.d/] ***
skipping: [localhost]

TASK [/stigforge/roles/cs9_stig : Reset syscalls found per file] ***************
skipping: [localhost]

TASK [/stigforge/roles/cs9_stig : Declare syscalls found per file] *************
skipping: [localhost]

TASK [/stigforge/roles/cs9_stig : Declare files where syscalls were found] *****
skipping: [localhost]

TASK [/stigforge/roles/cs9_stig : Count occurrences of syscalls in paths] ******
skipping: [localhost]

TASK [/stigforge/roles/cs9_stig : Get path with most syscalls] *****************
skipping: [localhost]

TASK [/stigforge/roles/cs9_stig : No file with syscall found, set path to /etc/audit/rules.d/perm_mod.rules] ***
skipping: [localhost]

TASK [/stigforge/roles/cs9_stig : Declare found syscalls] **********************
skipping: [localhost]

TASK [/stigforge/roles/cs9_stig : Declare missing syscalls] ********************
skipping: [localhost]

TASK [/stigforge/roles/cs9_stig : Replace the audit rule in {{ audit_file }}] ***
skipping: [localhost]

TASK [/stigforge/roles/cs9_stig : Add the audit rule to {{ audit_file }}] ******
skipping: [localhost]

TASK [/stigforge/roles/cs9_stig : Declare list of syscalls] ********************
skipping: [localhost]

TASK [/stigforge/roles/cs9_stig : Check existence of setxattr in /etc/audit/audit.rules] ***
skipping: [localhost]

TASK [/stigforge/roles/cs9_stig : Set path to /etc/audit/audit.rules] **********
skipping: [localhost]

TASK [/stigforge/roles/cs9_stig : Declare found syscalls] **********************
skipping: [localhost]

TASK [/stigforge/roles/cs9_stig : Declare missing syscalls] ********************
skipping: [localhost]

TASK [/stigforge/roles/cs9_stig : Replace the audit rule in {{ audit_file }}] ***
skipping: [localhost]

TASK [/stigforge/roles/cs9_stig : Add the audit rule to {{ audit_file }}] ******
skipping: [localhost]

TASK [/stigforge/roles/cs9_stig : Declare list of syscalls] ********************
skipping: [localhost]

TASK [/stigforge/roles/cs9_stig : Check existence of setxattr in /etc/audit/rules.d/] ***
skipping: [localhost]

TASK [/stigforge/roles/cs9_stig : Reset syscalls found per file] ***************
skipping: [localhost]

TASK [/stigforge/roles/cs9_stig : Declare syscalls found per file] *************
skipping: [localhost]

TASK [/stigforge/roles/cs9_stig : Declare files where syscalls were found] *****
skipping: [localhost]

TASK [/stigforge/roles/cs9_stig : Count occurrences of syscalls in paths] ******
skipping: [localhost]

TASK [/stigforge/roles/cs9_stig : Get path with most syscalls] *****************
skipping: [localhost]

TASK [/stigforge/roles/cs9_stig : No file with syscall found, set path to /etc/audit/rules.d/perm_mod.rules] ***
skipping: [localhost]

TASK [/stigforge/roles/cs9_stig : Declare found syscalls] **********************
skipping: [localhost]

TASK [/stigforge/roles/cs9_stig : Declare missing syscalls] ********************
skipping: [localhost]

TASK [/stigforge/roles/cs9_stig : Replace the audit rule in {{ audit_file }}] ***
skipping: [localhost]

TASK [/stigforge/roles/cs9_stig : Add the audit rule to {{ audit_file }}] ******
skipping: [localhost]

TASK [/stigforge/roles/cs9_stig : Declare list of syscalls] ********************
skipping: [localhost]

TASK [/stigforge/roles/cs9_stig : Check existence of setxattr in /etc/audit/audit.rules] ***
skipping: [localhost]

TASK [/stigforge/roles/cs9_stig : Set path to /etc/audit/audit.rules] **********
skipping: [localhost]

TASK [/stigforge/roles/cs9_stig : Declare found syscalls] **********************
skipping: [localhost]

TASK [/stigforge/roles/cs9_stig : Declare missing syscalls] ********************
skipping: [localhost]

TASK [/stigforge/roles/cs9_stig : Replace the audit rule in {{ audit_file }}] ***
skipping: [localhost]

TASK [/stigforge/roles/cs9_stig : Add the audit rule to {{ audit_file }}] ******
skipping: [localhost]

TASK [/stigforge/roles/cs9_stig : Declare list of syscalls] ********************
skipping: [localhost]

TASK [/stigforge/roles/cs9_stig : Check existence of setxattr in /etc/audit/rules.d/] ***
skipping: [localhost]

TASK [/stigforge/roles/cs9_stig : Reset syscalls found per file] ***************
skipping: [localhost]

TASK [/stigforge/roles/cs9_stig : Declare syscalls found per file] *************
skipping: [localhost]

TASK [/stigforge/roles/cs9_stig : Declare files where syscalls were found] *****
skipping: [localhost]

TASK [/stigforge/roles/cs9_stig : Count occurrences of syscalls in paths] ******
skipping: [localhost]

TASK [/stigforge/roles/cs9_stig : Get path with most syscalls] *****************
skipping: [localhost]

TASK [/stigforge/roles/cs9_stig : No file with syscall found, set path to /etc/audit/rules.d/perm_mod.rules] ***
skipping: [localhost]

TASK [/stigforge/roles/cs9_stig : Declare found syscalls] **********************
skipping: [localhost]

TASK [/stigforge/roles/cs9_stig : Declare missing syscalls] ********************
skipping: [localhost]

TASK [/stigforge/roles/cs9_stig : Replace the audit rule in {{ audit_file }}] ***
skipping: [localhost]

TASK [/stigforge/roles/cs9_stig : Add the audit rule to {{ audit_file }}] ******
skipping: [localhost]

TASK [/stigforge/roles/cs9_stig : Declare list of syscalls] ********************
skipping: [localhost]

TASK [/stigforge/roles/cs9_stig : Check existence of setxattr in /etc/audit/audit.rules] ***
skipping: [localhost]

TASK [/stigforge/roles/cs9_stig : Set path to /etc/audit/audit.rules] **********
skipping: [localhost]

TASK [/stigforge/roles/cs9_stig : Declare found syscalls] **********************
skipping: [localhost]

TASK [/stigforge/roles/cs9_stig : Declare missing syscalls] ********************
skipping: [localhost]

TASK [/stigforge/roles/cs9_stig : Replace the audit rule in {{ audit_file }}] ***
skipping: [localhost]

TASK [/stigforge/roles/cs9_stig : Add the audit rule to {{ audit_file }}] ******
skipping: [localhost]

TASK [/stigforge/roles/cs9_stig : Declare list of syscalls] ********************
skipping: [localhost]

TASK [/stigforge/roles/cs9_stig : Check existence of umount in /etc/audit/rules.d/] ***
skipping: [localhost]

TASK [/stigforge/roles/cs9_stig : Reset syscalls found per file] ***************
skipping: [localhost]

TASK [/stigforge/roles/cs9_stig : Declare syscalls found per file] *************
skipping: [localhost]

TASK [/stigforge/roles/cs9_stig : Declare files where syscalls were found] *****
skipping: [localhost]

TASK [/stigforge/roles/cs9_stig : Count occurrences of syscalls in paths] ******
skipping: [localhost]

TASK [/stigforge/roles/cs9_stig : Get path with most syscalls] *****************
skipping: [localhost]

TASK [/stigforge/roles/cs9_stig : No file with syscall found, set path to /etc/audit/rules.d/perm_mod.rules] ***
skipping: [localhost]

TASK [/stigforge/roles/cs9_stig : Declare found syscalls] **********************
skipping: [localhost]

TASK [/stigforge/roles/cs9_stig : Declare missing syscalls] ********************
skipping: [localhost]

TASK [/stigforge/roles/cs9_stig : Replace the audit rule in {{ audit_file }}] ***
skipping: [localhost]

TASK [/stigforge/roles/cs9_stig : Add the audit rule to {{ audit_file }}] ******
skipping: [localhost]

TASK [/stigforge/roles/cs9_stig : Declare list of syscalls] ********************
skipping: [localhost]

TASK [/stigforge/roles/cs9_stig : Check existence of umount in /etc/audit/audit.rules] ***
skipping: [localhost]

TASK [/stigforge/roles/cs9_stig : Set path to /etc/audit/audit.rules] **********
skipping: [localhost]

TASK [/stigforge/roles/cs9_stig : Declare found syscalls] **********************
skipping: [localhost]

TASK [/stigforge/roles/cs9_stig : Declare missing syscalls] ********************
skipping: [localhost]

TASK [/stigforge/roles/cs9_stig : Replace the audit rule in {{ audit_file }}] ***
skipping: [localhost]

TASK [/stigforge/roles/cs9_stig : Add the audit rule to {{ audit_file }}] ******
skipping: [localhost]

TASK [/stigforge/roles/cs9_stig : Set architecture for audit umount2 tasks] ****
skipping: [localhost]

TASK [/stigforge/roles/cs9_stig : Declare list of syscalls] ********************
skipping: [localhost]

TASK [/stigforge/roles/cs9_stig : Check existence of umount2 in /etc/audit/rules.d/] ***
skipping: [localhost]

TASK [/stigforge/roles/cs9_stig : Reset syscalls found per file] ***************
skipping: [localhost]

TASK [/stigforge/roles/cs9_stig : Declare syscalls found per file] *************
skipping: [localhost]

TASK [/stigforge/roles/cs9_stig : Declare files where syscalls were found] *****
skipping: [localhost]

TASK [/stigforge/roles/cs9_stig : Count occurrences of syscalls in paths] ******
skipping: [localhost]

TASK [/stigforge/roles/cs9_stig : Get path with most syscalls] *****************
skipping: [localhost]

TASK [/stigforge/roles/cs9_stig : No file with syscall found, set path to /etc/audit/rules.d/perm_mod.rules] ***
skipping: [localhost]

TASK [/stigforge/roles/cs9_stig : Declare found syscalls] **********************
skipping: [localhost]

TASK [/stigforge/roles/cs9_stig : Declare missing syscalls] ********************
skipping: [localhost]

TASK [/stigforge/roles/cs9_stig : Replace the audit rule in {{ audit_file }}] ***
skipping: [localhost]

TASK [/stigforge/roles/cs9_stig : Add the audit rule to {{ audit_file }}] ******
skipping: [localhost]

TASK [/stigforge/roles/cs9_stig : Declare list of syscalls] ********************
skipping: [localhost]

TASK [/stigforge/roles/cs9_stig : Check existence of umount2 in /etc/audit/audit.rules] ***
skipping: [localhost]

TASK [/stigforge/roles/cs9_stig : Set path to /etc/audit/audit.rules] **********
skipping: [localhost]

TASK [/stigforge/roles/cs9_stig : Declare found syscalls] **********************
skipping: [localhost]

TASK [/stigforge/roles/cs9_stig : Declare missing syscalls] ********************
skipping: [localhost]

TASK [/stigforge/roles/cs9_stig : Replace the audit rule in {{ audit_file }}] ***
skipping: [localhost]

TASK [/stigforge/roles/cs9_stig : Add the audit rule to {{ audit_file }}] ******
skipping: [localhost]

TASK [/stigforge/roles/cs9_stig : Declare list of syscalls] ********************
skipping: [localhost]

TASK [/stigforge/roles/cs9_stig : Check existence of umount2 in /etc/audit/rules.d/] ***
skipping: [localhost]

TASK [/stigforge/roles/cs9_stig : Reset syscalls found per file] ***************
skipping: [localhost]

TASK [/stigforge/roles/cs9_stig : Declare syscalls found per file] *************
skipping: [localhost]

TASK [/stigforge/roles/cs9_stig : Declare files where syscalls were found] *****
skipping: [localhost]

TASK [/stigforge/roles/cs9_stig : Count occurrences of syscalls in paths] ******
skipping: [localhost]

TASK [/stigforge/roles/cs9_stig : Get path with most syscalls] *****************
skipping: [localhost]

TASK [/stigforge/roles/cs9_stig : No file with syscall found, set path to /etc/audit/rules.d/perm_mod.rules] ***
skipping: [localhost]

TASK [/stigforge/roles/cs9_stig : Declare found syscalls] **********************
skipping: [localhost]

TASK [/stigforge/roles/cs9_stig : Declare missing syscalls] ********************
skipping: [localhost]

TASK [/stigforge/roles/cs9_stig : Replace the audit rule in {{ audit_file }}] ***
skipping: [localhost]

TASK [/stigforge/roles/cs9_stig : Add the audit rule to {{ audit_file }}] ******
skipping: [localhost]

TASK [/stigforge/roles/cs9_stig : Declare list of syscalls] ********************
skipping: [localhost]

TASK [/stigforge/roles/cs9_stig : Check existence of umount2 in /etc/audit/audit.rules] ***
skipping: [localhost]

TASK [/stigforge/roles/cs9_stig : Set path to /etc/audit/audit.rules] **********
skipping: [localhost]

TASK [/stigforge/roles/cs9_stig : Declare found syscalls] **********************
skipping: [localhost]

TASK [/stigforge/roles/cs9_stig : Declare missing syscalls] ********************
skipping: [localhost]

TASK [/stigforge/roles/cs9_stig : Replace the audit rule in {{ audit_file }}] ***
skipping: [localhost]

TASK [/stigforge/roles/cs9_stig : Add the audit rule to {{ audit_file }}] ******
skipping: [localhost]

TASK [/stigforge/roles/cs9_stig : Declare list of syscalls] ********************
skipping: [localhost]

TASK [/stigforge/roles/cs9_stig : Check existence of  in /etc/audit/rules.d/] ***
skipping: [localhost]

TASK [/stigforge/roles/cs9_stig : Reset syscalls found per file] ***************
skipping: [localhost]

TASK [/stigforge/roles/cs9_stig : Declare syscalls found per file] *************
skipping: [localhost]

TASK [/stigforge/roles/cs9_stig : Declare files where syscalls were found] *****
skipping: [localhost]

TASK [/stigforge/roles/cs9_stig : Count occurrences of syscalls in paths] ******
skipping: [localhost]

TASK [/stigforge/roles/cs9_stig : Get path with most syscalls] *****************
skipping: [localhost]

TASK [/stigforge/roles/cs9_stig : No file with syscall found, set path to /etc/audit/rules.d/privileged.rules] ***
skipping: [localhost]

TASK [/stigforge/roles/cs9_stig : Declare found syscalls] **********************
skipping: [localhost]

TASK [/stigforge/roles/cs9_stig : Declare missing syscalls] ********************
skipping: [localhost]

TASK [/stigforge/roles/cs9_stig : Replace the audit rule in {{ audit_file }}] ***
skipping: [localhost]

TASK [/stigforge/roles/cs9_stig : Add the audit rule to {{ audit_file }}] ******
skipping: [localhost]

TASK [/stigforge/roles/cs9_stig : Declare list of syscalls] ********************
skipping: [localhost]

TASK [/stigforge/roles/cs9_stig : Check existence of  in /etc/audit/audit.rules] ***
skipping: [localhost]

TASK [/stigforge/roles/cs9_stig : Set path to /etc/audit/audit.rules] **********
skipping: [localhost]

TASK [/stigforge/roles/cs9_stig : Declare found syscalls] **********************
skipping: [localhost]

TASK [/stigforge/roles/cs9_stig : Declare missing syscalls] ********************
skipping: [localhost]

TASK [/stigforge/roles/cs9_stig : Replace the audit rule in {{ audit_file }}] ***
skipping: [localhost]

TASK [/stigforge/roles/cs9_stig : Add the audit rule to {{ audit_file }}] ******
skipping: [localhost]

TASK [/stigforge/roles/cs9_stig : Declare list of syscalls] ********************
skipping: [localhost]

TASK [/stigforge/roles/cs9_stig : Check existence of  in /etc/audit/rules.d/] ***
skipping: [localhost]

TASK [/stigforge/roles/cs9_stig : Reset syscalls found per file] ***************
skipping: [localhost]

TASK [/stigforge/roles/cs9_stig : Declare syscalls found per file] *************
skipping: [localhost]

TASK [/stigforge/roles/cs9_stig : Declare files where syscalls were found] *****
skipping: [localhost]

TASK [/stigforge/roles/cs9_stig : Count occurrences of syscalls in paths] ******
skipping: [localhost]

TASK [/stigforge/roles/cs9_stig : Get path with most syscalls] *****************
skipping: [localhost]

TASK [/stigforge/roles/cs9_stig : No file with syscall found, set path to /etc/audit/rules.d/privileged.rules] ***
skipping: [localhost]

TASK [/stigforge/roles/cs9_stig : Declare found syscalls] **********************
skipping: [localhost]

TASK [/stigforge/roles/cs9_stig : Declare missing syscalls] ********************
skipping: [localhost]

TASK [/stigforge/roles/cs9_stig : Replace the audit rule in {{ audit_file }}] ***
skipping: [localhost]

TASK [/stigforge/roles/cs9_stig : Add the audit rule to {{ audit_file }}] ******
skipping: [localhost]

TASK [/stigforge/roles/cs9_stig : Declare list of syscalls] ********************
skipping: [localhost]

TASK [/stigforge/roles/cs9_stig : Check existence of  in /etc/audit/audit.rules] ***
skipping: [localhost]

TASK [/stigforge/roles/cs9_stig : Set path to /etc/audit/audit.rules] **********
skipping: [localhost]

TASK [/stigforge/roles/cs9_stig : Declare found syscalls] **********************
skipping: [localhost]

TASK [/stigforge/roles/cs9_stig : Declare missing syscalls] ********************
skipping: [localhost]

TASK [/stigforge/roles/cs9_stig : Replace the audit rule in {{ audit_file }}] ***
skipping: [localhost]

TASK [/stigforge/roles/cs9_stig : Add the audit rule to {{ audit_file }}] ******
skipping: [localhost]

TASK [/stigforge/roles/cs9_stig : Declare list of syscalls] ********************
skipping: [localhost]

TASK [/stigforge/roles/cs9_stig : Check existence of  in /etc/audit/rules.d/] ***
skipping: [localhost]

TASK [/stigforge/roles/cs9_stig : Reset syscalls found per file] ***************
skipping: [localhost]

TASK [/stigforge/roles/cs9_stig : Declare syscalls found per file] *************
skipping: [localhost]

TASK [/stigforge/roles/cs9_stig : Declare files where syscalls were found] *****
skipping: [localhost]

TASK [/stigforge/roles/cs9_stig : Count occurrences of syscalls in paths] ******
skipping: [localhost]

TASK [/stigforge/roles/cs9_stig : Get path with most syscalls] *****************
skipping: [localhost]

TASK [/stigforge/roles/cs9_stig : No file with syscall found, set path to /etc/audit/rules.d/privileged.rules] ***
skipping: [localhost]

TASK [/stigforge/roles/cs9_stig : Declare found syscalls] **********************
skipping: [localhost]

TASK [/stigforge/roles/cs9_stig : Declare missing syscalls] ********************
skipping: [localhost]

TASK [/stigforge/roles/cs9_stig : Replace the audit rule in {{ audit_file }}] ***
skipping: [localhost]

TASK [/stigforge/roles/cs9_stig : Add the audit rule to {{ audit_file }}] ******
skipping: [localhost]

TASK [/stigforge/roles/cs9_stig : Declare list of syscalls] ********************
skipping: [localhost]

TASK [/stigforge/roles/cs9_stig : Check existence of  in /etc/audit/audit.rules] ***
skipping: [localhost]

TASK [/stigforge/roles/cs9_stig : Set path to /etc/audit/audit.rules] **********
skipping: [localhost]

TASK [/stigforge/roles/cs9_stig : Declare found syscalls] **********************
skipping: [localhost]

TASK [/stigforge/roles/cs9_stig : Declare missing syscalls] ********************
skipping: [localhost]

TASK [/stigforge/roles/cs9_stig : Replace the audit rule in {{ audit_file }}] ***
skipping: [localhost]

TASK [/stigforge/roles/cs9_stig : Add the audit rule to {{ audit_file }}] ******
skipping: [localhost]

TASK [/stigforge/roles/cs9_stig : Declare list of syscalls] ********************
skipping: [localhost]

TASK [/stigforge/roles/cs9_stig : Check existence of  in /etc/audit/rules.d/] ***
skipping: [localhost]

TASK [/stigforge/roles/cs9_stig : Reset syscalls found per file] ***************
skipping: [localhost]

TASK [/stigforge/roles/cs9_stig : Declare syscalls found per file] *************
skipping: [localhost]

TASK [/stigforge/roles/cs9_stig : Declare files where syscalls were found] *****
skipping: [localhost]

TASK [/stigforge/roles/cs9_stig : Count occurrences of syscalls in paths] ******
skipping: [localhost]

TASK [/stigforge/roles/cs9_stig : Get path with most syscalls] *****************
skipping: [localhost]

TASK [/stigforge/roles/cs9_stig : No file with syscall found, set path to /etc/audit/rules.d/privileged.rules] ***
skipping: [localhost]

TASK [/stigforge/roles/cs9_stig : Declare found syscalls] **********************
skipping: [localhost]

TASK [/stigforge/roles/cs9_stig : Declare missing syscalls] ********************
skipping: [localhost]

TASK [/stigforge/roles/cs9_stig : Replace the audit rule in {{ audit_file }}] ***
skipping: [localhost]

TASK [/stigforge/roles/cs9_stig : Add the audit rule to {{ audit_file }}] ******
skipping: [localhost]

TASK [/stigforge/roles/cs9_stig : Declare list of syscalls] ********************
skipping: [localhost]

TASK [/stigforge/roles/cs9_stig : Check existence of  in /etc/audit/audit.rules] ***
skipping: [localhost]

TASK [/stigforge/roles/cs9_stig : Set path to /etc/audit/audit.rules] **********
skipping: [localhost]

TASK [/stigforge/roles/cs9_stig : Declare found syscalls] **********************
skipping: [localhost]

TASK [/stigforge/roles/cs9_stig : Declare missing syscalls] ********************
skipping: [localhost]

TASK [/stigforge/roles/cs9_stig : Replace the audit rule in {{ audit_file }}] ***
skipping: [localhost]

TASK [/stigforge/roles/cs9_stig : Add the audit rule to {{ audit_file }}] ******
skipping: [localhost]

TASK [/stigforge/roles/cs9_stig : Declare list of syscalls] ********************
skipping: [localhost]

TASK [/stigforge/roles/cs9_stig : Check existence of  in /etc/audit/rules.d/] ***
skipping: [localhost]

TASK [/stigforge/roles/cs9_stig : Reset syscalls found per file] ***************
skipping: [localhost]

TASK [/stigforge/roles/cs9_stig : Declare syscalls found per file] *************
skipping: [localhost]

TASK [/stigforge/roles/cs9_stig : Declare files where syscalls were found] *****
skipping: [localhost]

TASK [/stigforge/roles/cs9_stig : Count occurrences of syscalls in paths] ******
skipping: [localhost]

TASK [/stigforge/roles/cs9_stig : Get path with most syscalls] *****************
skipping: [localhost]

TASK [/stigforge/roles/cs9_stig : No file with syscall found, set path to /etc/audit/rules.d/privileged.rules] ***
skipping: [localhost]

TASK [/stigforge/roles/cs9_stig : Declare found syscalls] **********************
skipping: [localhost]

TASK [/stigforge/roles/cs9_stig : Declare missing syscalls] ********************
skipping: [localhost]

TASK [/stigforge/roles/cs9_stig : Replace the audit rule in {{ audit_file }}] ***
skipping: [localhost]

TASK [/stigforge/roles/cs9_stig : Add the audit rule to {{ audit_file }}] ******
skipping: [localhost]

TASK [/stigforge/roles/cs9_stig : Declare list of syscalls] ********************
skipping: [localhost]

TASK [/stigforge/roles/cs9_stig : Check existence of  in /etc/audit/audit.rules] ***
skipping: [localhost]

TASK [/stigforge/roles/cs9_stig : Set path to /etc/audit/audit.rules] **********
skipping: [localhost]

TASK [/stigforge/roles/cs9_stig : Declare found syscalls] **********************
skipping: [localhost]

TASK [/stigforge/roles/cs9_stig : Declare missing syscalls] ********************
skipping: [localhost]

TASK [/stigforge/roles/cs9_stig : Replace the audit rule in {{ audit_file }}] ***
skipping: [localhost]

TASK [/stigforge/roles/cs9_stig : Add the audit rule to {{ audit_file }}] ******
skipping: [localhost]

TASK [/stigforge/roles/cs9_stig : Declare list of syscalls] ********************
skipping: [localhost]

TASK [/stigforge/roles/cs9_stig : Check existence of  in /etc/audit/rules.d/] ***
skipping: [localhost]

TASK [/stigforge/roles/cs9_stig : Reset syscalls found per file] ***************
skipping: [localhost]

TASK [/stigforge/roles/cs9_stig : Declare syscalls found per file] *************
skipping: [localhost]

TASK [/stigforge/roles/cs9_stig : Declare files where syscalls were found] *****
skipping: [localhost]

TASK [/stigforge/roles/cs9_stig : Count occurrences of syscalls in paths] ******
skipping: [localhost]

TASK [/stigforge/roles/cs9_stig : Get path with most syscalls] *****************
skipping: [localhost]

TASK [/stigforge/roles/cs9_stig : No file with syscall found, set path to /etc/audit/rules.d/privileged.rules] ***
skipping: [localhost]

TASK [/stigforge/roles/cs9_stig : Declare found syscalls] **********************
skipping: [localhost]

TASK [/stigforge/roles/cs9_stig : Declare missing syscalls] ********************
skipping: [localhost]

TASK [/stigforge/roles/cs9_stig : Replace the audit rule in {{ audit_file }}] ***
skipping: [localhost]

TASK [/stigforge/roles/cs9_stig : Add the audit rule to {{ audit_file }}] ******
skipping: [localhost]

TASK [/stigforge/roles/cs9_stig : Declare list of syscalls] ********************
skipping: [localhost]

TASK [/stigforge/roles/cs9_stig : Check existence of  in /etc/audit/audit.rules] ***
skipping: [localhost]

TASK [/stigforge/roles/cs9_stig : Set path to /etc/audit/audit.rules] **********
skipping: [localhost]

TASK [/stigforge/roles/cs9_stig : Declare found syscalls] **********************
skipping: [localhost]

TASK [/stigforge/roles/cs9_stig : Declare missing syscalls] ********************
skipping: [localhost]

TASK [/stigforge/roles/cs9_stig : Replace the audit rule in {{ audit_file }}] ***
skipping: [localhost]

TASK [/stigforge/roles/cs9_stig : Add the audit rule to {{ audit_file }}] ******
skipping: [localhost]

TASK [/stigforge/roles/cs9_stig : Set architecture for audit rename tasks] *****
skipping: [localhost]

TASK [/stigforge/roles/cs9_stig : Declare list of syscalls] ********************
skipping: [localhost]

TASK [/stigforge/roles/cs9_stig : Check existence of rename in /etc/audit/rules.d/] ***
skipping: [localhost]

TASK [/stigforge/roles/cs9_stig : Reset syscalls found per file] ***************
skipping: [localhost]

TASK [/stigforge/roles/cs9_stig : Declare syscalls found per file] *************
skipping: [localhost]

TASK [/stigforge/roles/cs9_stig : Declare files where syscalls were found] *****
skipping: [localhost]

TASK [/stigforge/roles/cs9_stig : Count occurrences of syscalls in paths] ******
skipping: [localhost]

TASK [/stigforge/roles/cs9_stig : Get path with most syscalls] *****************
skipping: [localhost]

TASK [/stigforge/roles/cs9_stig : No file with syscall found, set path to /etc/audit/rules.d/delete.rules] ***
skipping: [localhost]

TASK [/stigforge/roles/cs9_stig : Declare found syscalls] **********************
skipping: [localhost]

TASK [/stigforge/roles/cs9_stig : Declare missing syscalls] ********************
skipping: [localhost]

TASK [/stigforge/roles/cs9_stig : Replace the audit rule in {{ audit_file }}] ***
skipping: [localhost]

TASK [/stigforge/roles/cs9_stig : Add the audit rule to {{ audit_file }}] ******
skipping: [localhost]

TASK [/stigforge/roles/cs9_stig : Declare list of syscalls] ********************
skipping: [localhost]

TASK [/stigforge/roles/cs9_stig : Check existence of rename in /etc/audit/audit.rules] ***
skipping: [localhost]

TASK [/stigforge/roles/cs9_stig : Set path to /etc/audit/audit.rules] **********
skipping: [localhost]

TASK [/stigforge/roles/cs9_stig : Declare found syscalls] **********************
skipping: [localhost]

TASK [/stigforge/roles/cs9_stig : Declare missing syscalls] ********************
skipping: [localhost]

TASK [/stigforge/roles/cs9_stig : Replace the audit rule in {{ audit_file }}] ***
skipping: [localhost]

TASK [/stigforge/roles/cs9_stig : Add the audit rule to {{ audit_file }}] ******
skipping: [localhost]

TASK [/stigforge/roles/cs9_stig : Declare list of syscalls] ********************
skipping: [localhost]

TASK [/stigforge/roles/cs9_stig : Check existence of rename in /etc/audit/rules.d/] ***
skipping: [localhost]

TASK [/stigforge/roles/cs9_stig : Reset syscalls found per file] ***************
skipping: [localhost]

TASK [/stigforge/roles/cs9_stig : Declare syscalls found per file] *************
skipping: [localhost]

TASK [/stigforge/roles/cs9_stig : Declare files where syscalls were found] *****
skipping: [localhost]

TASK [/stigforge/roles/cs9_stig : Count occurrences of syscalls in paths] ******
skipping: [localhost]

TASK [/stigforge/roles/cs9_stig : Get path with most syscalls] *****************
skipping: [localhost]

TASK [/stigforge/roles/cs9_stig : No file with syscall found, set path to /etc/audit/rules.d/delete.rules] ***
skipping: [localhost]

TASK [/stigforge/roles/cs9_stig : Declare found syscalls] **********************
skipping: [localhost]

TASK [/stigforge/roles/cs9_stig : Declare missing syscalls] ********************
skipping: [localhost]

TASK [/stigforge/roles/cs9_stig : Replace the audit rule in {{ audit_file }}] ***
skipping: [localhost]

TASK [/stigforge/roles/cs9_stig : Add the audit rule to {{ audit_file }}] ******
skipping: [localhost]

TASK [/stigforge/roles/cs9_stig : Declare list of syscalls] ********************
skipping: [localhost]

TASK [/stigforge/roles/cs9_stig : Check existence of rename in /etc/audit/audit.rules] ***
skipping: [localhost]

TASK [/stigforge/roles/cs9_stig : Set path to /etc/audit/audit.rules] **********
skipping: [localhost]

TASK [/stigforge/roles/cs9_stig : Declare found syscalls] **********************
skipping: [localhost]

TASK [/stigforge/roles/cs9_stig : Declare missing syscalls] ********************
skipping: [localhost]

TASK [/stigforge/roles/cs9_stig : Replace the audit rule in {{ audit_file }}] ***
skipping: [localhost]

TASK [/stigforge/roles/cs9_stig : Add the audit rule to {{ audit_file }}] ******
skipping: [localhost]

TASK [/stigforge/roles/cs9_stig : Set architecture for audit renameat tasks] ***
skipping: [localhost]

TASK [/stigforge/roles/cs9_stig : Declare list of syscalls] ********************
skipping: [localhost]

TASK [/stigforge/roles/cs9_stig : Check existence of renameat in /etc/audit/rules.d/] ***
skipping: [localhost]

TASK [/stigforge/roles/cs9_stig : Reset syscalls found per file] ***************
skipping: [localhost]

TASK [/stigforge/roles/cs9_stig : Declare syscalls found per file] *************
skipping: [localhost]

TASK [/stigforge/roles/cs9_stig : Declare files where syscalls were found] *****
skipping: [localhost]

TASK [/stigforge/roles/cs9_stig : Count occurrences of syscalls in paths] ******
skipping: [localhost]

TASK [/stigforge/roles/cs9_stig : Get path with most syscalls] *****************
skipping: [localhost]

TASK [/stigforge/roles/cs9_stig : No file with syscall found, set path to /etc/audit/rules.d/delete.rules] ***
skipping: [localhost]

TASK [/stigforge/roles/cs9_stig : Declare found syscalls] **********************
skipping: [localhost]

TASK [/stigforge/roles/cs9_stig : Declare missing syscalls] ********************
skipping: [localhost]

TASK [/stigforge/roles/cs9_stig : Replace the audit rule in {{ audit_file }}] ***
skipping: [localhost]

TASK [/stigforge/roles/cs9_stig : Add the audit rule to {{ audit_file }}] ******
skipping: [localhost]

TASK [/stigforge/roles/cs9_stig : Declare list of syscalls] ********************
skipping: [localhost]

TASK [/stigforge/roles/cs9_stig : Check existence of renameat in /etc/audit/audit.rules] ***
skipping: [localhost]

TASK [/stigforge/roles/cs9_stig : Set path to /etc/audit/audit.rules] **********
skipping: [localhost]

TASK [/stigforge/roles/cs9_stig : Declare found syscalls] **********************
skipping: [localhost]

TASK [/stigforge/roles/cs9_stig : Declare missing syscalls] ********************
skipping: [localhost]

TASK [/stigforge/roles/cs9_stig : Replace the audit rule in {{ audit_file }}] ***
skipping: [localhost]

TASK [/stigforge/roles/cs9_stig : Add the audit rule to {{ audit_file }}] ******
skipping: [localhost]

TASK [/stigforge/roles/cs9_stig : Declare list of syscalls] ********************
skipping: [localhost]

TASK [/stigforge/roles/cs9_stig : Check existence of renameat in /etc/audit/rules.d/] ***
skipping: [localhost]

TASK [/stigforge/roles/cs9_stig : Reset syscalls found per file] ***************
skipping: [localhost]

TASK [/stigforge/roles/cs9_stig : Declare syscalls found per file] *************
skipping: [localhost]

TASK [/stigforge/roles/cs9_stig : Declare files where syscalls were found] *****
skipping: [localhost]

TASK [/stigforge/roles/cs9_stig : Count occurrences of syscalls in paths] ******
skipping: [localhost]

TASK [/stigforge/roles/cs9_stig : Get path with most syscalls] *****************
skipping: [localhost]

TASK [/stigforge/roles/cs9_stig : No file with syscall found, set path to /etc/audit/rules.d/delete.rules] ***
skipping: [localhost]

TASK [/stigforge/roles/cs9_stig : Declare found syscalls] **********************
skipping: [localhost]

TASK [/stigforge/roles/cs9_stig : Declare missing syscalls] ********************
skipping: [localhost]

TASK [/stigforge/roles/cs9_stig : Replace the audit rule in {{ audit_file }}] ***
skipping: [localhost]

TASK [/stigforge/roles/cs9_stig : Add the audit rule to {{ audit_file }}] ******
skipping: [localhost]

TASK [/stigforge/roles/cs9_stig : Declare list of syscalls] ********************
skipping: [localhost]

TASK [/stigforge/roles/cs9_stig : Check existence of renameat in /etc/audit/audit.rules] ***
skipping: [localhost]

TASK [/stigforge/roles/cs9_stig : Set path to /etc/audit/audit.rules] **********
skipping: [localhost]

TASK [/stigforge/roles/cs9_stig : Declare found syscalls] **********************
skipping: [localhost]

TASK [/stigforge/roles/cs9_stig : Declare missing syscalls] ********************
skipping: [localhost]

TASK [/stigforge/roles/cs9_stig : Replace the audit rule in {{ audit_file }}] ***
skipping: [localhost]

TASK [/stigforge/roles/cs9_stig : Add the audit rule to {{ audit_file }}] ******
skipping: [localhost]

TASK [/stigforge/roles/cs9_stig : Set architecture for audit rmdir tasks] ******
skipping: [localhost]

TASK [/stigforge/roles/cs9_stig : Declare list of syscalls] ********************
skipping: [localhost]

TASK [/stigforge/roles/cs9_stig : Check existence of rmdir in /etc/audit/rules.d/] ***
skipping: [localhost]

TASK [/stigforge/roles/cs9_stig : Reset syscalls found per file] ***************
skipping: [localhost]

TASK [/stigforge/roles/cs9_stig : Declare syscalls found per file] *************
skipping: [localhost]

TASK [/stigforge/roles/cs9_stig : Declare files where syscalls were found] *****
skipping: [localhost]

TASK [/stigforge/roles/cs9_stig : Count occurrences of syscalls in paths] ******
skipping: [localhost]

TASK [/stigforge/roles/cs9_stig : Get path with most syscalls] *****************
skipping: [localhost]

TASK [/stigforge/roles/cs9_stig : No file with syscall found, set path to /etc/audit/rules.d/delete.rules] ***
skipping: [localhost]

TASK [/stigforge/roles/cs9_stig : Declare found syscalls] **********************
skipping: [localhost]

TASK [/stigforge/roles/cs9_stig : Declare missing syscalls] ********************
skipping: [localhost]

TASK [/stigforge/roles/cs9_stig : Replace the audit rule in {{ audit_file }}] ***
skipping: [localhost]

TASK [/stigforge/roles/cs9_stig : Add the audit rule to {{ audit_file }}] ******
skipping: [localhost]

TASK [/stigforge/roles/cs9_stig : Declare list of syscalls] ********************
skipping: [localhost]

TASK [/stigforge/roles/cs9_stig : Check existence of rmdir in /etc/audit/audit.rules] ***
skipping: [localhost]

TASK [/stigforge/roles/cs9_stig : Set path to /etc/audit/audit.rules] **********
skipping: [localhost]

TASK [/stigforge/roles/cs9_stig : Declare found syscalls] **********************
skipping: [localhost]

TASK [/stigforge/roles/cs9_stig : Declare missing syscalls] ********************
skipping: [localhost]

TASK [/stigforge/roles/cs9_stig : Replace the audit rule in {{ audit_file }}] ***
skipping: [localhost]

TASK [/stigforge/roles/cs9_stig : Add the audit rule to {{ audit_file }}] ******
skipping: [localhost]

TASK [/stigforge/roles/cs9_stig : Declare list of syscalls] ********************
skipping: [localhost]

TASK [/stigforge/roles/cs9_stig : Check existence of rmdir in /etc/audit/rules.d/] ***
skipping: [localhost]

TASK [/stigforge/roles/cs9_stig : Reset syscalls found per file] ***************
skipping: [localhost]

TASK [/stigforge/roles/cs9_stig : Declare syscalls found per file] *************
skipping: [localhost]

TASK [/stigforge/roles/cs9_stig : Declare files where syscalls were found] *****
skipping: [localhost]

TASK [/stigforge/roles/cs9_stig : Count occurrences of syscalls in paths] ******
skipping: [localhost]

TASK [/stigforge/roles/cs9_stig : Get path with most syscalls] *****************
skipping: [localhost]

TASK [/stigforge/roles/cs9_stig : No file with syscall found, set path to /etc/audit/rules.d/delete.rules] ***
skipping: [localhost]

TASK [/stigforge/roles/cs9_stig : Declare found syscalls] **********************
skipping: [localhost]

TASK [/stigforge/roles/cs9_stig : Declare missing syscalls] ********************
skipping: [localhost]

TASK [/stigforge/roles/cs9_stig : Replace the audit rule in {{ audit_file }}] ***
skipping: [localhost]

TASK [/stigforge/roles/cs9_stig : Add the audit rule to {{ audit_file }}] ******
skipping: [localhost]

TASK [/stigforge/roles/cs9_stig : Declare list of syscalls] ********************
skipping: [localhost]

TASK [/stigforge/roles/cs9_stig : Check existence of rmdir in /etc/audit/audit.rules] ***
skipping: [localhost]

TASK [/stigforge/roles/cs9_stig : Set path to /etc/audit/audit.rules] **********
skipping: [localhost]

TASK [/stigforge/roles/cs9_stig : Declare found syscalls] **********************
skipping: [localhost]

TASK [/stigforge/roles/cs9_stig : Declare missing syscalls] ********************
skipping: [localhost]

TASK [/stigforge/roles/cs9_stig : Replace the audit rule in {{ audit_file }}] ***
skipping: [localhost]

TASK [/stigforge/roles/cs9_stig : Add the audit rule to {{ audit_file }}] ******
skipping: [localhost]

TASK [/stigforge/roles/cs9_stig : Set architecture for audit unlink tasks] *****
skipping: [localhost]

TASK [/stigforge/roles/cs9_stig : Declare list of syscalls] ********************
skipping: [localhost]

TASK [/stigforge/roles/cs9_stig : Check existence of unlink in /etc/audit/rules.d/] ***
skipping: [localhost]

TASK [/stigforge/roles/cs9_stig : Reset syscalls found per file] ***************
skipping: [localhost]

TASK [/stigforge/roles/cs9_stig : Declare syscalls found per file] *************
skipping: [localhost]

TASK [/stigforge/roles/cs9_stig : Declare files where syscalls were found] *****
skipping: [localhost]

TASK [/stigforge/roles/cs9_stig : Count occurrences of syscalls in paths] ******
skipping: [localhost]

TASK [/stigforge/roles/cs9_stig : Get path with most syscalls] *****************
skipping: [localhost]

TASK [/stigforge/roles/cs9_stig : No file with syscall found, set path to /etc/audit/rules.d/delete.rules] ***
skipping: [localhost]

TASK [/stigforge/roles/cs9_stig : Declare found syscalls] **********************
skipping: [localhost]

TASK [/stigforge/roles/cs9_stig : Declare missing syscalls] ********************
skipping: [localhost]

TASK [/stigforge/roles/cs9_stig : Replace the audit rule in {{ audit_file }}] ***
skipping: [localhost]

TASK [/stigforge/roles/cs9_stig : Add the audit rule to {{ audit_file }}] ******
skipping: [localhost]

TASK [/stigforge/roles/cs9_stig : Declare list of syscalls] ********************
skipping: [localhost]

TASK [/stigforge/roles/cs9_stig : Check existence of unlink in /etc/audit/audit.rules] ***
skipping: [localhost]

TASK [/stigforge/roles/cs9_stig : Set path to /etc/audit/audit.rules] **********
skipping: [localhost]

TASK [/stigforge/roles/cs9_stig : Declare found syscalls] **********************
skipping: [localhost]

TASK [/stigforge/roles/cs9_stig : Declare missing syscalls] ********************
skipping: [localhost]

TASK [/stigforge/roles/cs9_stig : Replace the audit rule in {{ audit_file }}] ***
skipping: [localhost]

TASK [/stigforge/roles/cs9_stig : Add the audit rule to {{ audit_file }}] ******
skipping: [localhost]

TASK [/stigforge/roles/cs9_stig : Declare list of syscalls] ********************
skipping: [localhost]

TASK [/stigforge/roles/cs9_stig : Check existence of unlink in /etc/audit/rules.d/] ***
skipping: [localhost]

TASK [/stigforge/roles/cs9_stig : Reset syscalls found per file] ***************
skipping: [localhost]

TASK [/stigforge/roles/cs9_stig : Declare syscalls found per file] *************
skipping: [localhost]

TASK [/stigforge/roles/cs9_stig : Declare files where syscalls were found] *****
skipping: [localhost]

TASK [/stigforge/roles/cs9_stig : Count occurrences of syscalls in paths] ******
skipping: [localhost]

TASK [/stigforge/roles/cs9_stig : Get path with most syscalls] *****************
skipping: [localhost]

TASK [/stigforge/roles/cs9_stig : No file with syscall found, set path to /etc/audit/rules.d/delete.rules] ***
skipping: [localhost]

TASK [/stigforge/roles/cs9_stig : Declare found syscalls] **********************
skipping: [localhost]

TASK [/stigforge/roles/cs9_stig : Declare missing syscalls] ********************
skipping: [localhost]

TASK [/stigforge/roles/cs9_stig : Replace the audit rule in {{ audit_file }}] ***
skipping: [localhost]

TASK [/stigforge/roles/cs9_stig : Add the audit rule to {{ audit_file }}] ******
skipping: [localhost]

TASK [/stigforge/roles/cs9_stig : Declare list of syscalls] ********************
skipping: [localhost]

TASK [/stigforge/roles/cs9_stig : Check existence of unlink in /etc/audit/audit.rules] ***
skipping: [localhost]

TASK [/stigforge/roles/cs9_stig : Set path to /etc/audit/audit.rules] **********
skipping: [localhost]

TASK [/stigforge/roles/cs9_stig : Declare found syscalls] **********************
skipping: [localhost]

TASK [/stigforge/roles/cs9_stig : Declare missing syscalls] ********************
skipping: [localhost]

TASK [/stigforge/roles/cs9_stig : Replace the audit rule in {{ audit_file }}] ***
skipping: [localhost]

TASK [/stigforge/roles/cs9_stig : Add the audit rule to {{ audit_file }}] ******
skipping: [localhost]

TASK [/stigforge/roles/cs9_stig : Set architecture for audit unlinkat tasks] ***
skipping: [localhost]

TASK [/stigforge/roles/cs9_stig : Declare list of syscalls] ********************
skipping: [localhost]

TASK [/stigforge/roles/cs9_stig : Check existence of unlinkat in /etc/audit/rules.d/] ***
skipping: [localhost]

TASK [/stigforge/roles/cs9_stig : Reset syscalls found per file] ***************
skipping: [localhost]

TASK [/stigforge/roles/cs9_stig : Declare syscalls found per file] *************
skipping: [localhost]

TASK [/stigforge/roles/cs9_stig : Declare files where syscalls were found] *****
skipping: [localhost]

TASK [/stigforge/roles/cs9_stig : Count occurrences of syscalls in paths] ******
skipping: [localhost]

TASK [/stigforge/roles/cs9_stig : Get path with most syscalls] *****************
skipping: [localhost]

TASK [/stigforge/roles/cs9_stig : No file with syscall found, set path to /etc/audit/rules.d/delete.rules] ***
skipping: [localhost]

TASK [/stigforge/roles/cs9_stig : Declare found syscalls] **********************
skipping: [localhost]

TASK [/stigforge/roles/cs9_stig : Declare missing syscalls] ********************
skipping: [localhost]

TASK [/stigforge/roles/cs9_stig : Replace the audit rule in {{ audit_file }}] ***
skipping: [localhost]

TASK [/stigforge/roles/cs9_stig : Add the audit rule to {{ audit_file }}] ******
skipping: [localhost]

TASK [/stigforge/roles/cs9_stig : Declare list of syscalls] ********************
skipping: [localhost]

TASK [/stigforge/roles/cs9_stig : Check existence of unlinkat in /etc/audit/audit.rules] ***
skipping: [localhost]

TASK [/stigforge/roles/cs9_stig : Set path to /etc/audit/audit.rules] **********
skipping: [localhost]

TASK [/stigforge/roles/cs9_stig : Declare found syscalls] **********************
skipping: [localhost]

TASK [/stigforge/roles/cs9_stig : Declare missing syscalls] ********************
skipping: [localhost]

TASK [/stigforge/roles/cs9_stig : Replace the audit rule in {{ audit_file }}] ***
skipping: [localhost]

TASK [/stigforge/roles/cs9_stig : Add the audit rule to {{ audit_file }}] ******
skipping: [localhost]

TASK [/stigforge/roles/cs9_stig : Declare list of syscalls] ********************
skipping: [localhost]

TASK [/stigforge/roles/cs9_stig : Check existence of unlinkat in /etc/audit/rules.d/] ***
skipping: [localhost]

TASK [/stigforge/roles/cs9_stig : Reset syscalls found per file] ***************
skipping: [localhost]

TASK [/stigforge/roles/cs9_stig : Declare syscalls found per file] *************
skipping: [localhost]

TASK [/stigforge/roles/cs9_stig : Declare files where syscalls were found] *****
skipping: [localhost]

TASK [/stigforge/roles/cs9_stig : Count occurrences of syscalls in paths] ******
skipping: [localhost]

TASK [/stigforge/roles/cs9_stig : Get path with most syscalls] *****************
skipping: [localhost]

TASK [/stigforge/roles/cs9_stig : No file with syscall found, set path to /etc/audit/rules.d/delete.rules] ***
skipping: [localhost]

TASK [/stigforge/roles/cs9_stig : Declare found syscalls] **********************
skipping: [localhost]

TASK [/stigforge/roles/cs9_stig : Declare missing syscalls] ********************
skipping: [localhost]

TASK [/stigforge/roles/cs9_stig : Replace the audit rule in {{ audit_file }}] ***
skipping: [localhost]

TASK [/stigforge/roles/cs9_stig : Add the audit rule to {{ audit_file }}] ******
skipping: [localhost]

TASK [/stigforge/roles/cs9_stig : Declare list of syscalls] ********************
skipping: [localhost]

TASK [/stigforge/roles/cs9_stig : Check existence of unlinkat in /etc/audit/audit.rules] ***
skipping: [localhost]

TASK [/stigforge/roles/cs9_stig : Set path to /etc/audit/audit.rules] **********
skipping: [localhost]

TASK [/stigforge/roles/cs9_stig : Declare found syscalls] **********************
skipping: [localhost]

TASK [/stigforge/roles/cs9_stig : Declare missing syscalls] ********************
skipping: [localhost]

TASK [/stigforge/roles/cs9_stig : Replace the audit rule in {{ audit_file }}] ***
skipping: [localhost]

TASK [/stigforge/roles/cs9_stig : Add the audit rule to {{ audit_file }}] ******
skipping: [localhost]

TASK [/stigforge/roles/cs9_stig : Set architecture for audit creat tasks] ******
skipping: [localhost]

TASK [/stigforge/roles/cs9_stig : Declare list of syscalls] ********************
skipping: [localhost]

TASK [/stigforge/roles/cs9_stig : Check existence of creat in /etc/audit/rules.d/] ***
skipping: [localhost]

TASK [/stigforge/roles/cs9_stig : Reset syscalls found per file] ***************
skipping: [localhost]

TASK [/stigforge/roles/cs9_stig : Declare syscalls found per file] *************
skipping: [localhost]

TASK [/stigforge/roles/cs9_stig : Declare files where syscalls were found] *****
skipping: [localhost]

TASK [/stigforge/roles/cs9_stig : Count occurrences of syscalls in paths] ******
skipping: [localhost]

TASK [/stigforge/roles/cs9_stig : Get path with most syscalls] *****************
skipping: [localhost]

TASK [/stigforge/roles/cs9_stig : No file with syscall found, set path to /etc/audit/rules.d/access.rules] ***
skipping: [localhost]

TASK [/stigforge/roles/cs9_stig : Declare found syscalls] **********************
skipping: [localhost]

TASK [/stigforge/roles/cs9_stig : Declare missing syscalls] ********************
skipping: [localhost]

TASK [/stigforge/roles/cs9_stig : Replace the audit rule in {{ audit_file }}] ***
skipping: [localhost]

TASK [/stigforge/roles/cs9_stig : Add the audit rule to {{ audit_file }}] ******
skipping: [localhost]

TASK [/stigforge/roles/cs9_stig : Declare list of syscalls] ********************
skipping: [localhost]

TASK [/stigforge/roles/cs9_stig : Check existence of creat in /etc/audit/audit.rules] ***
skipping: [localhost]

TASK [/stigforge/roles/cs9_stig : Set path to /etc/audit/audit.rules] **********
skipping: [localhost]

TASK [/stigforge/roles/cs9_stig : Declare found syscalls] **********************
skipping: [localhost]

TASK [/stigforge/roles/cs9_stig : Declare missing syscalls] ********************
skipping: [localhost]

TASK [/stigforge/roles/cs9_stig : Replace the audit rule in {{ audit_file }}] ***
skipping: [localhost]

TASK [/stigforge/roles/cs9_stig : Add the audit rule to {{ audit_file }}] ******
skipping: [localhost]

TASK [/stigforge/roles/cs9_stig : Declare list of syscalls] ********************
skipping: [localhost]

TASK [/stigforge/roles/cs9_stig : Check existence of creat in /etc/audit/rules.d/] ***
skipping: [localhost]

TASK [/stigforge/roles/cs9_stig : Reset syscalls found per file] ***************
skipping: [localhost]

TASK [/stigforge/roles/cs9_stig : Declare syscalls found per file] *************
skipping: [localhost]

TASK [/stigforge/roles/cs9_stig : Declare files where syscalls were found] *****
skipping: [localhost]

TASK [/stigforge/roles/cs9_stig : Count occurrences of syscalls in paths] ******
skipping: [localhost]

TASK [/stigforge/roles/cs9_stig : Get path with most syscalls] *****************
skipping: [localhost]

TASK [/stigforge/roles/cs9_stig : No file with syscall found, set path to /etc/audit/rules.d/access.rules] ***
skipping: [localhost]

TASK [/stigforge/roles/cs9_stig : Declare found syscalls] **********************
skipping: [localhost]

TASK [/stigforge/roles/cs9_stig : Declare missing syscalls] ********************
skipping: [localhost]

TASK [/stigforge/roles/cs9_stig : Replace the audit rule in {{ audit_file }}] ***
skipping: [localhost]

TASK [/stigforge/roles/cs9_stig : Add the audit rule to {{ audit_file }}] ******
skipping: [localhost]

TASK [/stigforge/roles/cs9_stig : Declare list of syscalls] ********************
skipping: [localhost]

TASK [/stigforge/roles/cs9_stig : Check existence of creat in /etc/audit/audit.rules] ***
skipping: [localhost]

TASK [/stigforge/roles/cs9_stig : Set path to /etc/audit/audit.rules] **********
skipping: [localhost]

TASK [/stigforge/roles/cs9_stig : Declare found syscalls] **********************
skipping: [localhost]

TASK [/stigforge/roles/cs9_stig : Declare missing syscalls] ********************
skipping: [localhost]

TASK [/stigforge/roles/cs9_stig : Replace the audit rule in {{ audit_file }}] ***
skipping: [localhost]

TASK [/stigforge/roles/cs9_stig : Add the audit rule to {{ audit_file }}] ******
skipping: [localhost]

TASK [/stigforge/roles/cs9_stig : Declare list of syscalls] ********************
skipping: [localhost]

TASK [/stigforge/roles/cs9_stig : Check existence of creat in /etc/audit/rules.d/] ***
skipping: [localhost]

TASK [/stigforge/roles/cs9_stig : Reset syscalls found per file] ***************
skipping: [localhost]

TASK [/stigforge/roles/cs9_stig : Declare syscalls found per file] *************
skipping: [localhost]

TASK [/stigforge/roles/cs9_stig : Declare files where syscalls were found] *****
skipping: [localhost]

TASK [/stigforge/roles/cs9_stig : Count occurrences of syscalls in paths] ******
skipping: [localhost]

TASK [/stigforge/roles/cs9_stig : Get path with most syscalls] *****************
skipping: [localhost]

TASK [/stigforge/roles/cs9_stig : No file with syscall found, set path to /etc/audit/rules.d/access.rules] ***
skipping: [localhost]

TASK [/stigforge/roles/cs9_stig : Declare found syscalls] **********************
skipping: [localhost]

TASK [/stigforge/roles/cs9_stig : Declare missing syscalls] ********************
skipping: [localhost]

TASK [/stigforge/roles/cs9_stig : Replace the audit rule in {{ audit_file }}] ***
skipping: [localhost]

TASK [/stigforge/roles/cs9_stig : Add the audit rule to {{ audit_file }}] ******
skipping: [localhost]

TASK [/stigforge/roles/cs9_stig : Declare list of syscalls] ********************
skipping: [localhost]

TASK [/stigforge/roles/cs9_stig : Check existence of creat in /etc/audit/audit.rules] ***
skipping: [localhost]

TASK [/stigforge/roles/cs9_stig : Set path to /etc/audit/audit.rules] **********
skipping: [localhost]

TASK [/stigforge/roles/cs9_stig : Declare found syscalls] **********************
skipping: [localhost]

TASK [/stigforge/roles/cs9_stig : Declare missing syscalls] ********************
skipping: [localhost]

TASK [/stigforge/roles/cs9_stig : Replace the audit rule in {{ audit_file }}] ***
skipping: [localhost]

TASK [/stigforge/roles/cs9_stig : Add the audit rule to {{ audit_file }}] ******
skipping: [localhost]

TASK [/stigforge/roles/cs9_stig : Declare list of syscalls] ********************
skipping: [localhost]

TASK [/stigforge/roles/cs9_stig : Check existence of creat in /etc/audit/rules.d/] ***
skipping: [localhost]

TASK [/stigforge/roles/cs9_stig : Reset syscalls found per file] ***************
skipping: [localhost]

TASK [/stigforge/roles/cs9_stig : Declare syscalls found per file] *************
skipping: [localhost]

TASK [/stigforge/roles/cs9_stig : Declare files where syscalls were found] *****
skipping: [localhost]

TASK [/stigforge/roles/cs9_stig : Count occurrences of syscalls in paths] ******
skipping: [localhost]

TASK [/stigforge/roles/cs9_stig : Get path with most syscalls] *****************
skipping: [localhost]

TASK [/stigforge/roles/cs9_stig : No file with syscall found, set path to /etc/audit/rules.d/access.rules] ***
skipping: [localhost]

TASK [/stigforge/roles/cs9_stig : Declare found syscalls] **********************
skipping: [localhost]

TASK [/stigforge/roles/cs9_stig : Declare missing syscalls] ********************
skipping: [localhost]

TASK [/stigforge/roles/cs9_stig : Replace the audit rule in {{ audit_file }}] ***
skipping: [localhost]

TASK [/stigforge/roles/cs9_stig : Add the audit rule to {{ audit_file }}] ******
skipping: [localhost]

TASK [/stigforge/roles/cs9_stig : Declare list of syscalls] ********************
skipping: [localhost]

TASK [/stigforge/roles/cs9_stig : Check existence of creat in /etc/audit/audit.rules] ***
skipping: [localhost]

TASK [/stigforge/roles/cs9_stig : Set path to /etc/audit/audit.rules] **********
skipping: [localhost]

TASK [/stigforge/roles/cs9_stig : Declare found syscalls] **********************
skipping: [localhost]

TASK [/stigforge/roles/cs9_stig : Declare missing syscalls] ********************
skipping: [localhost]

TASK [/stigforge/roles/cs9_stig : Replace the audit rule in {{ audit_file }}] ***
skipping: [localhost]

TASK [/stigforge/roles/cs9_stig : Add the audit rule to {{ audit_file }}] ******
skipping: [localhost]

TASK [/stigforge/roles/cs9_stig : Set architecture for audit ftruncate tasks] ***
skipping: [localhost]

TASK [/stigforge/roles/cs9_stig : Declare list of syscalls] ********************
skipping: [localhost]

TASK [/stigforge/roles/cs9_stig : Check existence of ftruncate in /etc/audit/rules.d/] ***
skipping: [localhost]

TASK [/stigforge/roles/cs9_stig : Reset syscalls found per file] ***************
skipping: [localhost]

TASK [/stigforge/roles/cs9_stig : Declare syscalls found per file] *************
skipping: [localhost]

TASK [/stigforge/roles/cs9_stig : Declare files where syscalls were found] *****
skipping: [localhost]

TASK [/stigforge/roles/cs9_stig : Count occurrences of syscalls in paths] ******
skipping: [localhost]

TASK [/stigforge/roles/cs9_stig : Get path with most syscalls] *****************
skipping: [localhost]

TASK [/stigforge/roles/cs9_stig : No file with syscall found, set path to /etc/audit/rules.d/access.rules] ***
skipping: [localhost]

TASK [/stigforge/roles/cs9_stig : Declare found syscalls] **********************
skipping: [localhost]

TASK [/stigforge/roles/cs9_stig : Declare missing syscalls] ********************
skipping: [localhost]

TASK [/stigforge/roles/cs9_stig : Replace the audit rule in {{ audit_file }}] ***
skipping: [localhost]

TASK [/stigforge/roles/cs9_stig : Add the audit rule to {{ audit_file }}] ******
skipping: [localhost]

TASK [/stigforge/roles/cs9_stig : Declare list of syscalls] ********************
skipping: [localhost]

TASK [/stigforge/roles/cs9_stig : Check existence of ftruncate in /etc/audit/audit.rules] ***
skipping: [localhost]

TASK [/stigforge/roles/cs9_stig : Set path to /etc/audit/audit.rules] **********
skipping: [localhost]

TASK [/stigforge/roles/cs9_stig : Declare found syscalls] **********************
skipping: [localhost]

TASK [/stigforge/roles/cs9_stig : Declare missing syscalls] ********************
skipping: [localhost]

TASK [/stigforge/roles/cs9_stig : Replace the audit rule in {{ audit_file }}] ***
skipping: [localhost]

TASK [/stigforge/roles/cs9_stig : Add the audit rule to {{ audit_file }}] ******
skipping: [localhost]

TASK [/stigforge/roles/cs9_stig : Declare list of syscalls] ********************
skipping: [localhost]

TASK [/stigforge/roles/cs9_stig : Check existence of ftruncate in /etc/audit/rules.d/] ***
skipping: [localhost]

TASK [/stigforge/roles/cs9_stig : Reset syscalls found per file] ***************
skipping: [localhost]

TASK [/stigforge/roles/cs9_stig : Declare syscalls found per file] *************
skipping: [localhost]

TASK [/stigforge/roles/cs9_stig : Declare files where syscalls were found] *****
skipping: [localhost]

TASK [/stigforge/roles/cs9_stig : Count occurrences of syscalls in paths] ******
skipping: [localhost]

TASK [/stigforge/roles/cs9_stig : Get path with most syscalls] *****************
skipping: [localhost]

TASK [/stigforge/roles/cs9_stig : No file with syscall found, set path to /etc/audit/rules.d/access.rules] ***
skipping: [localhost]

TASK [/stigforge/roles/cs9_stig : Declare found syscalls] **********************
skipping: [localhost]

TASK [/stigforge/roles/cs9_stig : Declare missing syscalls] ********************
skipping: [localhost]

TASK [/stigforge/roles/cs9_stig : Replace the audit rule in {{ audit_file }}] ***
skipping: [localhost]

TASK [/stigforge/roles/cs9_stig : Add the audit rule to {{ audit_file }}] ******
skipping: [localhost]

TASK [/stigforge/roles/cs9_stig : Declare list of syscalls] ********************
skipping: [localhost]

TASK [/stigforge/roles/cs9_stig : Check existence of ftruncate in /etc/audit/audit.rules] ***
skipping: [localhost]

TASK [/stigforge/roles/cs9_stig : Set path to /etc/audit/audit.rules] **********
skipping: [localhost]

TASK [/stigforge/roles/cs9_stig : Declare found syscalls] **********************
skipping: [localhost]

TASK [/stigforge/roles/cs9_stig : Declare missing syscalls] ********************
skipping: [localhost]

TASK [/stigforge/roles/cs9_stig : Replace the audit rule in {{ audit_file }}] ***
skipping: [localhost]

TASK [/stigforge/roles/cs9_stig : Add the audit rule to {{ audit_file }}] ******
skipping: [localhost]

TASK [/stigforge/roles/cs9_stig : Declare list of syscalls] ********************
skipping: [localhost]

TASK [/stigforge/roles/cs9_stig : Check existence of ftruncate in /etc/audit/rules.d/] ***
skipping: [localhost]

TASK [/stigforge/roles/cs9_stig : Reset syscalls found per file] ***************
skipping: [localhost]

TASK [/stigforge/roles/cs9_stig : Declare syscalls found per file] *************
skipping: [localhost]

TASK [/stigforge/roles/cs9_stig : Declare files where syscalls were found] *****
skipping: [localhost]

TASK [/stigforge/roles/cs9_stig : Count occurrences of syscalls in paths] ******
skipping: [localhost]

TASK [/stigforge/roles/cs9_stig : Get path with most syscalls] *****************
skipping: [localhost]

TASK [/stigforge/roles/cs9_stig : No file with syscall found, set path to /etc/audit/rules.d/access.rules] ***
skipping: [localhost]

TASK [/stigforge/roles/cs9_stig : Declare found syscalls] **********************
skipping: [localhost]

TASK [/stigforge/roles/cs9_stig : Declare missing syscalls] ********************
skipping: [localhost]

TASK [/stigforge/roles/cs9_stig : Replace the audit rule in {{ audit_file }}] ***
skipping: [localhost]

TASK [/stigforge/roles/cs9_stig : Add the audit rule to {{ audit_file }}] ******
skipping: [localhost]

TASK [/stigforge/roles/cs9_stig : Declare list of syscalls] ********************
skipping: [localhost]

TASK [/stigforge/roles/cs9_stig : Check existence of ftruncate in /etc/audit/audit.rules] ***
skipping: [localhost]

TASK [/stigforge/roles/cs9_stig : Set path to /etc/audit/audit.rules] **********
skipping: [localhost]

TASK [/stigforge/roles/cs9_stig : Declare found syscalls] **********************
skipping: [localhost]

TASK [/stigforge/roles/cs9_stig : Declare missing syscalls] ********************
skipping: [localhost]

TASK [/stigforge/roles/cs9_stig : Replace the audit rule in {{ audit_file }}] ***
skipping: [localhost]

TASK [/stigforge/roles/cs9_stig : Add the audit rule to {{ audit_file }}] ******
skipping: [localhost]

TASK [/stigforge/roles/cs9_stig : Declare list of syscalls] ********************
skipping: [localhost]

TASK [/stigforge/roles/cs9_stig : Check existence of ftruncate in /etc/audit/rules.d/] ***
skipping: [localhost]

TASK [/stigforge/roles/cs9_stig : Reset syscalls found per file] ***************
skipping: [localhost]

TASK [/stigforge/roles/cs9_stig : Declare syscalls found per file] *************
skipping: [localhost]

TASK [/stigforge/roles/cs9_stig : Declare files where syscalls were found] *****
skipping: [localhost]

TASK [/stigforge/roles/cs9_stig : Count occurrences of syscalls in paths] ******
skipping: [localhost]

TASK [/stigforge/roles/cs9_stig : Get path with most syscalls] *****************
skipping: [localhost]

TASK [/stigforge/roles/cs9_stig : No file with syscall found, set path to /etc/audit/rules.d/access.rules] ***
skipping: [localhost]

TASK [/stigforge/roles/cs9_stig : Declare found syscalls] **********************
skipping: [localhost]

TASK [/stigforge/roles/cs9_stig : Declare missing syscalls] ********************
skipping: [localhost]

TASK [/stigforge/roles/cs9_stig : Replace the audit rule in {{ audit_file }}] ***
skipping: [localhost]

TASK [/stigforge/roles/cs9_stig : Add the audit rule to {{ audit_file }}] ******
skipping: [localhost]

TASK [/stigforge/roles/cs9_stig : Declare list of syscalls] ********************
skipping: [localhost]

TASK [/stigforge/roles/cs9_stig : Check existence of ftruncate in /etc/audit/audit.rules] ***
skipping: [localhost]

TASK [/stigforge/roles/cs9_stig : Set path to /etc/audit/audit.rules] **********
skipping: [localhost]

TASK [/stigforge/roles/cs9_stig : Declare found syscalls] **********************
skipping: [localhost]

TASK [/stigforge/roles/cs9_stig : Declare missing syscalls] ********************
skipping: [localhost]

TASK [/stigforge/roles/cs9_stig : Replace the audit rule in {{ audit_file }}] ***
skipping: [localhost]

TASK [/stigforge/roles/cs9_stig : Add the audit rule to {{ audit_file }}] ******
skipping: [localhost]

TASK [/stigforge/roles/cs9_stig : Set architecture for audit open tasks] *******
skipping: [localhost]

TASK [/stigforge/roles/cs9_stig : Declare list of syscalls] ********************
skipping: [localhost]

TASK [/stigforge/roles/cs9_stig : Check existence of open in /etc/audit/rules.d/] ***
skipping: [localhost]

TASK [/stigforge/roles/cs9_stig : Reset syscalls found per file] ***************
skipping: [localhost]

TASK [/stigforge/roles/cs9_stig : Declare syscalls found per file] *************
skipping: [localhost]

TASK [/stigforge/roles/cs9_stig : Declare files where syscalls were found] *****
skipping: [localhost]

TASK [/stigforge/roles/cs9_stig : Count occurrences of syscalls in paths] ******
skipping: [localhost]

TASK [/stigforge/roles/cs9_stig : Get path with most syscalls] *****************
skipping: [localhost]

TASK [/stigforge/roles/cs9_stig : No file with syscall found, set path to /etc/audit/rules.d/access.rules] ***
skipping: [localhost]

TASK [/stigforge/roles/cs9_stig : Declare found syscalls] **********************
skipping: [localhost]

TASK [/stigforge/roles/cs9_stig : Declare missing syscalls] ********************
skipping: [localhost]

TASK [/stigforge/roles/cs9_stig : Replace the audit rule in {{ audit_file }}] ***
skipping: [localhost]

TASK [/stigforge/roles/cs9_stig : Add the audit rule to {{ audit_file }}] ******
skipping: [localhost]

TASK [/stigforge/roles/cs9_stig : Declare list of syscalls] ********************
skipping: [localhost]

TASK [/stigforge/roles/cs9_stig : Check existence of open in /etc/audit/audit.rules] ***
skipping: [localhost]

TASK [/stigforge/roles/cs9_stig : Set path to /etc/audit/audit.rules] **********
skipping: [localhost]

TASK [/stigforge/roles/cs9_stig : Declare found syscalls] **********************
skipping: [localhost]

TASK [/stigforge/roles/cs9_stig : Declare missing syscalls] ********************
skipping: [localhost]

TASK [/stigforge/roles/cs9_stig : Replace the audit rule in {{ audit_file }}] ***
skipping: [localhost]

TASK [/stigforge/roles/cs9_stig : Add the audit rule to {{ audit_file }}] ******
skipping: [localhost]

TASK [/stigforge/roles/cs9_stig : Declare list of syscalls] ********************
skipping: [localhost]

TASK [/stigforge/roles/cs9_stig : Check existence of open in /etc/audit/rules.d/] ***
skipping: [localhost]

TASK [/stigforge/roles/cs9_stig : Reset syscalls found per file] ***************
skipping: [localhost]

TASK [/stigforge/roles/cs9_stig : Declare syscalls found per file] *************
skipping: [localhost]

TASK [/stigforge/roles/cs9_stig : Declare files where syscalls were found] *****
skipping: [localhost]

TASK [/stigforge/roles/cs9_stig : Count occurrences of syscalls in paths] ******
skipping: [localhost]

TASK [/stigforge/roles/cs9_stig : Get path with most syscalls] *****************
skipping: [localhost]

TASK [/stigforge/roles/cs9_stig : No file with syscall found, set path to /etc/audit/rules.d/access.rules] ***
skipping: [localhost]

TASK [/stigforge/roles/cs9_stig : Declare found syscalls] **********************
skipping: [localhost]

TASK [/stigforge/roles/cs9_stig : Declare missing syscalls] ********************
skipping: [localhost]

TASK [/stigforge/roles/cs9_stig : Replace the audit rule in {{ audit_file }}] ***
skipping: [localhost]

TASK [/stigforge/roles/cs9_stig : Add the audit rule to {{ audit_file }}] ******
skipping: [localhost]

TASK [/stigforge/roles/cs9_stig : Declare list of syscalls] ********************
skipping: [localhost]

TASK [/stigforge/roles/cs9_stig : Check existence of open in /etc/audit/audit.rules] ***
skipping: [localhost]

TASK [/stigforge/roles/cs9_stig : Set path to /etc/audit/audit.rules] **********
skipping: [localhost]

TASK [/stigforge/roles/cs9_stig : Declare found syscalls] **********************
skipping: [localhost]

TASK [/stigforge/roles/cs9_stig : Declare missing syscalls] ********************
skipping: [localhost]

TASK [/stigforge/roles/cs9_stig : Replace the audit rule in {{ audit_file }}] ***
skipping: [localhost]

TASK [/stigforge/roles/cs9_stig : Add the audit rule to {{ audit_file }}] ******
skipping: [localhost]

TASK [/stigforge/roles/cs9_stig : Declare list of syscalls] ********************
skipping: [localhost]

TASK [/stigforge/roles/cs9_stig : Check existence of open in /etc/audit/rules.d/] ***
skipping: [localhost]

TASK [/stigforge/roles/cs9_stig : Reset syscalls found per file] ***************
skipping: [localhost]

TASK [/stigforge/roles/cs9_stig : Declare syscalls found per file] *************
skipping: [localhost]

TASK [/stigforge/roles/cs9_stig : Declare files where syscalls were found] *****
skipping: [localhost]

TASK [/stigforge/roles/cs9_stig : Count occurrences of syscalls in paths] ******
skipping: [localhost]

TASK [/stigforge/roles/cs9_stig : Get path with most syscalls] *****************
skipping: [localhost]

TASK [/stigforge/roles/cs9_stig : No file with syscall found, set path to /etc/audit/rules.d/access.rules] ***
skipping: [localhost]

TASK [/stigforge/roles/cs9_stig : Declare found syscalls] **********************
skipping: [localhost]

TASK [/stigforge/roles/cs9_stig : Declare missing syscalls] ********************
skipping: [localhost]

TASK [/stigforge/roles/cs9_stig : Replace the audit rule in {{ audit_file }}] ***
skipping: [localhost]

TASK [/stigforge/roles/cs9_stig : Add the audit rule to {{ audit_file }}] ******
skipping: [localhost]

TASK [/stigforge/roles/cs9_stig : Declare list of syscalls] ********************
skipping: [localhost]

TASK [/stigforge/roles/cs9_stig : Check existence of open in /etc/audit/audit.rules] ***
skipping: [localhost]

TASK [/stigforge/roles/cs9_stig : Set path to /etc/audit/audit.rules] **********
skipping: [localhost]

TASK [/stigforge/roles/cs9_stig : Declare found syscalls] **********************
skipping: [localhost]

TASK [/stigforge/roles/cs9_stig : Declare missing syscalls] ********************
skipping: [localhost]

TASK [/stigforge/roles/cs9_stig : Replace the audit rule in {{ audit_file }}] ***
skipping: [localhost]

TASK [/stigforge/roles/cs9_stig : Add the audit rule to {{ audit_file }}] ******
skipping: [localhost]

TASK [/stigforge/roles/cs9_stig : Declare list of syscalls] ********************
skipping: [localhost]

TASK [/stigforge/roles/cs9_stig : Check existence of open in /etc/audit/rules.d/] ***
skipping: [localhost]

TASK [/stigforge/roles/cs9_stig : Reset syscalls found per file] ***************
skipping: [localhost]

TASK [/stigforge/roles/cs9_stig : Declare syscalls found per file] *************
skipping: [localhost]

TASK [/stigforge/roles/cs9_stig : Declare files where syscalls were found] *****
skipping: [localhost]

TASK [/stigforge/roles/cs9_stig : Count occurrences of syscalls in paths] ******
skipping: [localhost]

TASK [/stigforge/roles/cs9_stig : Get path with most syscalls] *****************
skipping: [localhost]

TASK [/stigforge/roles/cs9_stig : No file with syscall found, set path to /etc/audit/rules.d/access.rules] ***
skipping: [localhost]

TASK [/stigforge/roles/cs9_stig : Declare found syscalls] **********************
skipping: [localhost]

TASK [/stigforge/roles/cs9_stig : Declare missing syscalls] ********************
skipping: [localhost]

TASK [/stigforge/roles/cs9_stig : Replace the audit rule in {{ audit_file }}] ***
skipping: [localhost]

TASK [/stigforge/roles/cs9_stig : Add the audit rule to {{ audit_file }}] ******
skipping: [localhost]

TASK [/stigforge/roles/cs9_stig : Declare list of syscalls] ********************
skipping: [localhost]

TASK [/stigforge/roles/cs9_stig : Check existence of open in /etc/audit/audit.rules] ***
skipping: [localhost]

TASK [/stigforge/roles/cs9_stig : Set path to /etc/audit/audit.rules] **********
skipping: [localhost]

TASK [/stigforge/roles/cs9_stig : Declare found syscalls] **********************
skipping: [localhost]

TASK [/stigforge/roles/cs9_stig : Declare missing syscalls] ********************
skipping: [localhost]

TASK [/stigforge/roles/cs9_stig : Replace the audit rule in {{ audit_file }}] ***
skipping: [localhost]

TASK [/stigforge/roles/cs9_stig : Add the audit rule to {{ audit_file }}] ******
skipping: [localhost]

TASK [/stigforge/roles/cs9_stig : Set architecture for audit open_by_handle_at tasks] ***
skipping: [localhost]

TASK [/stigforge/roles/cs9_stig : Declare list of syscalls] ********************
skipping: [localhost]

TASK [/stigforge/roles/cs9_stig : Check existence of open_by_handle_at in /etc/audit/rules.d/] ***
skipping: [localhost]

TASK [/stigforge/roles/cs9_stig : Reset syscalls found per file] ***************
skipping: [localhost]

TASK [/stigforge/roles/cs9_stig : Declare syscalls found per file] *************
skipping: [localhost]

TASK [/stigforge/roles/cs9_stig : Declare files where syscalls were found] *****
skipping: [localhost]

TASK [/stigforge/roles/cs9_stig : Count occurrences of syscalls in paths] ******
skipping: [localhost]

TASK [/stigforge/roles/cs9_stig : Get path with most syscalls] *****************
skipping: [localhost]

TASK [/stigforge/roles/cs9_stig : No file with syscall found, set path to /etc/audit/rules.d/access.rules] ***
skipping: [localhost]

TASK [/stigforge/roles/cs9_stig : Declare found syscalls] **********************
skipping: [localhost]

TASK [/stigforge/roles/cs9_stig : Declare missing syscalls] ********************
skipping: [localhost]

TASK [/stigforge/roles/cs9_stig : Replace the audit rule in {{ audit_file }}] ***
skipping: [localhost]

TASK [/stigforge/roles/cs9_stig : Add the audit rule to {{ audit_file }}] ******
skipping: [localhost]

TASK [/stigforge/roles/cs9_stig : Declare list of syscalls] ********************
skipping: [localhost]

TASK [/stigforge/roles/cs9_stig : Check existence of open_by_handle_at in /etc/audit/audit.rules] ***
skipping: [localhost]

TASK [/stigforge/roles/cs9_stig : Set path to /etc/audit/audit.rules] **********
skipping: [localhost]

TASK [/stigforge/roles/cs9_stig : Declare found syscalls] **********************
skipping: [localhost]

TASK [/stigforge/roles/cs9_stig : Declare missing syscalls] ********************
skipping: [localhost]

TASK [/stigforge/roles/cs9_stig : Replace the audit rule in {{ audit_file }}] ***
skipping: [localhost]

TASK [/stigforge/roles/cs9_stig : Add the audit rule to {{ audit_file }}] ******
skipping: [localhost]

TASK [/stigforge/roles/cs9_stig : Declare list of syscalls] ********************
skipping: [localhost]

TASK [/stigforge/roles/cs9_stig : Check existence of open_by_handle_at in /etc/audit/rules.d/] ***
skipping: [localhost]

TASK [/stigforge/roles/cs9_stig : Reset syscalls found per file] ***************
skipping: [localhost]

TASK [/stigforge/roles/cs9_stig : Declare syscalls found per file] *************
skipping: [localhost]

TASK [/stigforge/roles/cs9_stig : Declare files where syscalls were found] *****
skipping: [localhost]

TASK [/stigforge/roles/cs9_stig : Count occurrences of syscalls in paths] ******
skipping: [localhost]

TASK [/stigforge/roles/cs9_stig : Get path with most syscalls] *****************
skipping: [localhost]

TASK [/stigforge/roles/cs9_stig : No file with syscall found, set path to /etc/audit/rules.d/access.rules] ***
skipping: [localhost]

TASK [/stigforge/roles/cs9_stig : Declare found syscalls] **********************
skipping: [localhost]

TASK [/stigforge/roles/cs9_stig : Declare missing syscalls] ********************
skipping: [localhost]

TASK [/stigforge/roles/cs9_stig : Replace the audit rule in {{ audit_file }}] ***
skipping: [localhost]

TASK [/stigforge/roles/cs9_stig : Add the audit rule to {{ audit_file }}] ******
skipping: [localhost]

TASK [/stigforge/roles/cs9_stig : Declare list of syscalls] ********************
skipping: [localhost]

TASK [/stigforge/roles/cs9_stig : Check existence of open_by_handle_at in /etc/audit/audit.rules] ***
skipping: [localhost]

TASK [/stigforge/roles/cs9_stig : Set path to /etc/audit/audit.rules] **********
skipping: [localhost]

TASK [/stigforge/roles/cs9_stig : Declare found syscalls] **********************
skipping: [localhost]

TASK [/stigforge/roles/cs9_stig : Declare missing syscalls] ********************
skipping: [localhost]

TASK [/stigforge/roles/cs9_stig : Replace the audit rule in {{ audit_file }}] ***
skipping: [localhost]

TASK [/stigforge/roles/cs9_stig : Add the audit rule to {{ audit_file }}] ******
skipping: [localhost]

TASK [/stigforge/roles/cs9_stig : Declare list of syscalls] ********************
skipping: [localhost]

TASK [/stigforge/roles/cs9_stig : Check existence of open_by_handle_at in /etc/audit/rules.d/] ***
skipping: [localhost]

TASK [/stigforge/roles/cs9_stig : Reset syscalls found per file] ***************
skipping: [localhost]

TASK [/stigforge/roles/cs9_stig : Declare syscalls found per file] *************
skipping: [localhost]

TASK [/stigforge/roles/cs9_stig : Declare files where syscalls were found] *****
skipping: [localhost]

TASK [/stigforge/roles/cs9_stig : Count occurrences of syscalls in paths] ******
skipping: [localhost]

TASK [/stigforge/roles/cs9_stig : Get path with most syscalls] *****************
skipping: [localhost]

TASK [/stigforge/roles/cs9_stig : No file with syscall found, set path to /etc/audit/rules.d/access.rules] ***
skipping: [localhost]

TASK [/stigforge/roles/cs9_stig : Declare found syscalls] **********************
skipping: [localhost]

TASK [/stigforge/roles/cs9_stig : Declare missing syscalls] ********************
skipping: [localhost]

TASK [/stigforge/roles/cs9_stig : Replace the audit rule in {{ audit_file }}] ***
skipping: [localhost]

TASK [/stigforge/roles/cs9_stig : Add the audit rule to {{ audit_file }}] ******
skipping: [localhost]

TASK [/stigforge/roles/cs9_stig : Declare list of syscalls] ********************
skipping: [localhost]

TASK [/stigforge/roles/cs9_stig : Check existence of open_by_handle_at in /etc/audit/audit.rules] ***
skipping: [localhost]

TASK [/stigforge/roles/cs9_stig : Set path to /etc/audit/audit.rules] **********
skipping: [localhost]

TASK [/stigforge/roles/cs9_stig : Declare found syscalls] **********************
skipping: [localhost]

TASK [/stigforge/roles/cs9_stig : Declare missing syscalls] ********************
skipping: [localhost]

TASK [/stigforge/roles/cs9_stig : Replace the audit rule in {{ audit_file }}] ***
skipping: [localhost]

TASK [/stigforge/roles/cs9_stig : Add the audit rule to {{ audit_file }}] ******
skipping: [localhost]

TASK [/stigforge/roles/cs9_stig : Declare list of syscalls] ********************
skipping: [localhost]

TASK [/stigforge/roles/cs9_stig : Check existence of open_by_handle_at in /etc/audit/rules.d/] ***
skipping: [localhost]

TASK [/stigforge/roles/cs9_stig : Reset syscalls found per file] ***************
skipping: [localhost]

TASK [/stigforge/roles/cs9_stig : Declare syscalls found per file] *************
skipping: [localhost]

TASK [/stigforge/roles/cs9_stig : Declare files where syscalls were found] *****
skipping: [localhost]

TASK [/stigforge/roles/cs9_stig : Count occurrences of syscalls in paths] ******
skipping: [localhost]

TASK [/stigforge/roles/cs9_stig : Get path with most syscalls] *****************
skipping: [localhost]

TASK [/stigforge/roles/cs9_stig : No file with syscall found, set path to /etc/audit/rules.d/access.rules] ***
skipping: [localhost]

TASK [/stigforge/roles/cs9_stig : Declare found syscalls] **********************
skipping: [localhost]

TASK [/stigforge/roles/cs9_stig : Declare missing syscalls] ********************
skipping: [localhost]

TASK [/stigforge/roles/cs9_stig : Replace the audit rule in {{ audit_file }}] ***
skipping: [localhost]

TASK [/stigforge/roles/cs9_stig : Add the audit rule to {{ audit_file }}] ******
skipping: [localhost]

TASK [/stigforge/roles/cs9_stig : Declare list of syscalls] ********************
skipping: [localhost]

TASK [/stigforge/roles/cs9_stig : Check existence of open_by_handle_at in /etc/audit/audit.rules] ***
skipping: [localhost]

TASK [/stigforge/roles/cs9_stig : Set path to /etc/audit/audit.rules] **********
skipping: [localhost]

TASK [/stigforge/roles/cs9_stig : Declare found syscalls] **********************
skipping: [localhost]

TASK [/stigforge/roles/cs9_stig : Declare missing syscalls] ********************
skipping: [localhost]

TASK [/stigforge/roles/cs9_stig : Replace the audit rule in {{ audit_file }}] ***
skipping: [localhost]

TASK [/stigforge/roles/cs9_stig : Add the audit rule to {{ audit_file }}] ******
skipping: [localhost]

TASK [/stigforge/roles/cs9_stig : Set architecture for audit openat tasks] *****
skipping: [localhost]

TASK [/stigforge/roles/cs9_stig : Declare list of syscalls] ********************
skipping: [localhost]

TASK [/stigforge/roles/cs9_stig : Check existence of openat in /etc/audit/rules.d/] ***
skipping: [localhost]

TASK [/stigforge/roles/cs9_stig : Reset syscalls found per file] ***************
skipping: [localhost]

TASK [/stigforge/roles/cs9_stig : Declare syscalls found per file] *************
skipping: [localhost]

TASK [/stigforge/roles/cs9_stig : Declare files where syscalls were found] *****
skipping: [localhost]

TASK [/stigforge/roles/cs9_stig : Count occurrences of syscalls in paths] ******
skipping: [localhost]

TASK [/stigforge/roles/cs9_stig : Get path with most syscalls] *****************
skipping: [localhost]

TASK [/stigforge/roles/cs9_stig : No file with syscall found, set path to /etc/audit/rules.d/access.rules] ***
skipping: [localhost]

TASK [/stigforge/roles/cs9_stig : Declare found syscalls] **********************
skipping: [localhost]

TASK [/stigforge/roles/cs9_stig : Declare missing syscalls] ********************
skipping: [localhost]

TASK [/stigforge/roles/cs9_stig : Replace the audit rule in {{ audit_file }}] ***
skipping: [localhost]

TASK [/stigforge/roles/cs9_stig : Add the audit rule to {{ audit_file }}] ******
skipping: [localhost]

TASK [/stigforge/roles/cs9_stig : Declare list of syscalls] ********************
skipping: [localhost]

TASK [/stigforge/roles/cs9_stig : Check existence of openat in /etc/audit/audit.rules] ***
skipping: [localhost]

TASK [/stigforge/roles/cs9_stig : Set path to /etc/audit/audit.rules] **********
skipping: [localhost]

TASK [/stigforge/roles/cs9_stig : Declare found syscalls] **********************
skipping: [localhost]

TASK [/stigforge/roles/cs9_stig : Declare missing syscalls] ********************
skipping: [localhost]

TASK [/stigforge/roles/cs9_stig : Replace the audit rule in {{ audit_file }}] ***
skipping: [localhost]

TASK [/stigforge/roles/cs9_stig : Add the audit rule to {{ audit_file }}] ******
skipping: [localhost]

TASK [/stigforge/roles/cs9_stig : Declare list of syscalls] ********************
skipping: [localhost]

TASK [/stigforge/roles/cs9_stig : Check existence of openat in /etc/audit/rules.d/] ***
skipping: [localhost]

TASK [/stigforge/roles/cs9_stig : Reset syscalls found per file] ***************
skipping: [localhost]

TASK [/stigforge/roles/cs9_stig : Declare syscalls found per file] *************
skipping: [localhost]

TASK [/stigforge/roles/cs9_stig : Declare files where syscalls were found] *****
skipping: [localhost]

TASK [/stigforge/roles/cs9_stig : Count occurrences of syscalls in paths] ******
skipping: [localhost]

TASK [/stigforge/roles/cs9_stig : Get path with most syscalls] *****************
skipping: [localhost]

TASK [/stigforge/roles/cs9_stig : No file with syscall found, set path to /etc/audit/rules.d/access.rules] ***
skipping: [localhost]

TASK [/stigforge/roles/cs9_stig : Declare found syscalls] **********************
skipping: [localhost]

TASK [/stigforge/roles/cs9_stig : Declare missing syscalls] ********************
skipping: [localhost]

TASK [/stigforge/roles/cs9_stig : Replace the audit rule in {{ audit_file }}] ***
skipping: [localhost]

TASK [/stigforge/roles/cs9_stig : Add the audit rule to {{ audit_file }}] ******
skipping: [localhost]

TASK [/stigforge/roles/cs9_stig : Declare list of syscalls] ********************
skipping: [localhost]

TASK [/stigforge/roles/cs9_stig : Check existence of openat in /etc/audit/audit.rules] ***
skipping: [localhost]

TASK [/stigforge/roles/cs9_stig : Set path to /etc/audit/audit.rules] **********
skipping: [localhost]

TASK [/stigforge/roles/cs9_stig : Declare found syscalls] **********************
skipping: [localhost]

TASK [/stigforge/roles/cs9_stig : Declare missing syscalls] ********************
skipping: [localhost]

TASK [/stigforge/roles/cs9_stig : Replace the audit rule in {{ audit_file }}] ***
skipping: [localhost]

TASK [/stigforge/roles/cs9_stig : Add the audit rule to {{ audit_file }}] ******
skipping: [localhost]

TASK [/stigforge/roles/cs9_stig : Declare list of syscalls] ********************
skipping: [localhost]

TASK [/stigforge/roles/cs9_stig : Check existence of openat in /etc/audit/rules.d/] ***
skipping: [localhost]

TASK [/stigforge/roles/cs9_stig : Reset syscalls found per file] ***************
skipping: [localhost]

TASK [/stigforge/roles/cs9_stig : Declare syscalls found per file] *************
skipping: [localhost]

TASK [/stigforge/roles/cs9_stig : Declare files where syscalls were found] *****
skipping: [localhost]

TASK [/stigforge/roles/cs9_stig : Count occurrences of syscalls in paths] ******
skipping: [localhost]

TASK [/stigforge/roles/cs9_stig : Get path with most syscalls] *****************
skipping: [localhost]

TASK [/stigforge/roles/cs9_stig : No file with syscall found, set path to /etc/audit/rules.d/access.rules] ***
skipping: [localhost]

TASK [/stigforge/roles/cs9_stig : Declare found syscalls] **********************
skipping: [localhost]

TASK [/stigforge/roles/cs9_stig : Declare missing syscalls] ********************
skipping: [localhost]

TASK [/stigforge/roles/cs9_stig : Replace the audit rule in {{ audit_file }}] ***
skipping: [localhost]

TASK [/stigforge/roles/cs9_stig : Add the audit rule to {{ audit_file }}] ******
skipping: [localhost]

TASK [/stigforge/roles/cs9_stig : Declare list of syscalls] ********************
skipping: [localhost]

TASK [/stigforge/roles/cs9_stig : Check existence of openat in /etc/audit/audit.rules] ***
skipping: [localhost]

TASK [/stigforge/roles/cs9_stig : Set path to /etc/audit/audit.rules] **********
skipping: [localhost]

TASK [/stigforge/roles/cs9_stig : Declare found syscalls] **********************
skipping: [localhost]

TASK [/stigforge/roles/cs9_stig : Declare missing syscalls] ********************
skipping: [localhost]

TASK [/stigforge/roles/cs9_stig : Replace the audit rule in {{ audit_file }}] ***
skipping: [localhost]

TASK [/stigforge/roles/cs9_stig : Add the audit rule to {{ audit_file }}] ******
skipping: [localhost]

TASK [/stigforge/roles/cs9_stig : Declare list of syscalls] ********************
skipping: [localhost]

TASK [/stigforge/roles/cs9_stig : Check existence of openat in /etc/audit/rules.d/] ***
skipping: [localhost]

TASK [/stigforge/roles/cs9_stig : Reset syscalls found per file] ***************
skipping: [localhost]

TASK [/stigforge/roles/cs9_stig : Declare syscalls found per file] *************
skipping: [localhost]

TASK [/stigforge/roles/cs9_stig : Declare files where syscalls were found] *****
skipping: [localhost]

TASK [/stigforge/roles/cs9_stig : Count occurrences of syscalls in paths] ******
skipping: [localhost]

TASK [/stigforge/roles/cs9_stig : Get path with most syscalls] *****************
skipping: [localhost]

TASK [/stigforge/roles/cs9_stig : No file with syscall found, set path to /etc/audit/rules.d/access.rules] ***
skipping: [localhost]

TASK [/stigforge/roles/cs9_stig : Declare found syscalls] **********************
skipping: [localhost]

TASK [/stigforge/roles/cs9_stig : Declare missing syscalls] ********************
skipping: [localhost]

TASK [/stigforge/roles/cs9_stig : Replace the audit rule in {{ audit_file }}] ***
skipping: [localhost]

TASK [/stigforge/roles/cs9_stig : Add the audit rule to {{ audit_file }}] ******
skipping: [localhost]

TASK [/stigforge/roles/cs9_stig : Declare list of syscalls] ********************
skipping: [localhost]

TASK [/stigforge/roles/cs9_stig : Check existence of openat in /etc/audit/audit.rules] ***
skipping: [localhost]

TASK [/stigforge/roles/cs9_stig : Set path to /etc/audit/audit.rules] **********
skipping: [localhost]

TASK [/stigforge/roles/cs9_stig : Declare found syscalls] **********************
skipping: [localhost]

TASK [/stigforge/roles/cs9_stig : Declare missing syscalls] ********************
skipping: [localhost]

TASK [/stigforge/roles/cs9_stig : Replace the audit rule in {{ audit_file }}] ***
skipping: [localhost]

TASK [/stigforge/roles/cs9_stig : Add the audit rule to {{ audit_file }}] ******
skipping: [localhost]

TASK [/stigforge/roles/cs9_stig : Set architecture for audit truncate tasks] ***
skipping: [localhost]

TASK [/stigforge/roles/cs9_stig : Declare list of syscalls] ********************
skipping: [localhost]

TASK [/stigforge/roles/cs9_stig : Check existence of truncate in /etc/audit/rules.d/] ***
skipping: [localhost]

TASK [/stigforge/roles/cs9_stig : Reset syscalls found per file] ***************
skipping: [localhost]

TASK [/stigforge/roles/cs9_stig : Declare syscalls found per file] *************
skipping: [localhost]

TASK [/stigforge/roles/cs9_stig : Declare files where syscalls were found] *****
skipping: [localhost]

TASK [/stigforge/roles/cs9_stig : Count occurrences of syscalls in paths] ******
skipping: [localhost]

TASK [/stigforge/roles/cs9_stig : Get path with most syscalls] *****************
skipping: [localhost]

TASK [/stigforge/roles/cs9_stig : No file with syscall found, set path to /etc/audit/rules.d/access.rules] ***
skipping: [localhost]

TASK [/stigforge/roles/cs9_stig : Declare found syscalls] **********************
skipping: [localhost]

TASK [/stigforge/roles/cs9_stig : Declare missing syscalls] ********************
skipping: [localhost]

TASK [/stigforge/roles/cs9_stig : Replace the audit rule in {{ audit_file }}] ***
skipping: [localhost]

TASK [/stigforge/roles/cs9_stig : Add the audit rule to {{ audit_file }}] ******
skipping: [localhost]

TASK [/stigforge/roles/cs9_stig : Declare list of syscalls] ********************
skipping: [localhost]

TASK [/stigforge/roles/cs9_stig : Check existence of truncate in /etc/audit/audit.rules] ***
skipping: [localhost]

TASK [/stigforge/roles/cs9_stig : Set path to /etc/audit/audit.rules] **********
skipping: [localhost]

TASK [/stigforge/roles/cs9_stig : Declare found syscalls] **********************
skipping: [localhost]

TASK [/stigforge/roles/cs9_stig : Declare missing syscalls] ********************
skipping: [localhost]

TASK [/stigforge/roles/cs9_stig : Replace the audit rule in {{ audit_file }}] ***
skipping: [localhost]

TASK [/stigforge/roles/cs9_stig : Add the audit rule to {{ audit_file }}] ******
skipping: [localhost]

TASK [/stigforge/roles/cs9_stig : Declare list of syscalls] ********************
skipping: [localhost]

TASK [/stigforge/roles/cs9_stig : Check existence of truncate in /etc/audit/rules.d/] ***
skipping: [localhost]

TASK [/stigforge/roles/cs9_stig : Reset syscalls found per file] ***************
skipping: [localhost]

TASK [/stigforge/roles/cs9_stig : Declare syscalls found per file] *************
skipping: [localhost]

TASK [/stigforge/roles/cs9_stig : Declare files where syscalls were found] *****
skipping: [localhost]

TASK [/stigforge/roles/cs9_stig : Count occurrences of syscalls in paths] ******
skipping: [localhost]

TASK [/stigforge/roles/cs9_stig : Get path with most syscalls] *****************
skipping: [localhost]

TASK [/stigforge/roles/cs9_stig : No file with syscall found, set path to /etc/audit/rules.d/access.rules] ***
skipping: [localhost]

TASK [/stigforge/roles/cs9_stig : Declare found syscalls] **********************
skipping: [localhost]

TASK [/stigforge/roles/cs9_stig : Declare missing syscalls] ********************
skipping: [localhost]

TASK [/stigforge/roles/cs9_stig : Replace the audit rule in {{ audit_file }}] ***
skipping: [localhost]

TASK [/stigforge/roles/cs9_stig : Add the audit rule to {{ audit_file }}] ******
skipping: [localhost]

TASK [/stigforge/roles/cs9_stig : Declare list of syscalls] ********************
skipping: [localhost]

TASK [/stigforge/roles/cs9_stig : Check existence of truncate in /etc/audit/audit.rules] ***
skipping: [localhost]

TASK [/stigforge/roles/cs9_stig : Set path to /etc/audit/audit.rules] **********
skipping: [localhost]

TASK [/stigforge/roles/cs9_stig : Declare found syscalls] **********************
skipping: [localhost]

TASK [/stigforge/roles/cs9_stig : Declare missing syscalls] ********************
skipping: [localhost]

TASK [/stigforge/roles/cs9_stig : Replace the audit rule in {{ audit_file }}] ***
skipping: [localhost]

TASK [/stigforge/roles/cs9_stig : Add the audit rule to {{ audit_file }}] ******
skipping: [localhost]

TASK [/stigforge/roles/cs9_stig : Declare list of syscalls] ********************
skipping: [localhost]

TASK [/stigforge/roles/cs9_stig : Check existence of truncate in /etc/audit/rules.d/] ***
skipping: [localhost]

TASK [/stigforge/roles/cs9_stig : Reset syscalls found per file] ***************
skipping: [localhost]

TASK [/stigforge/roles/cs9_stig : Declare syscalls found per file] *************
skipping: [localhost]

TASK [/stigforge/roles/cs9_stig : Declare files where syscalls were found] *****
skipping: [localhost]

TASK [/stigforge/roles/cs9_stig : Count occurrences of syscalls in paths] ******
skipping: [localhost]

TASK [/stigforge/roles/cs9_stig : Get path with most syscalls] *****************
skipping: [localhost]

TASK [/stigforge/roles/cs9_stig : No file with syscall found, set path to /etc/audit/rules.d/access.rules] ***
skipping: [localhost]

TASK [/stigforge/roles/cs9_stig : Declare found syscalls] **********************
skipping: [localhost]

TASK [/stigforge/roles/cs9_stig : Declare missing syscalls] ********************
skipping: [localhost]

TASK [/stigforge/roles/cs9_stig : Replace the audit rule in {{ audit_file }}] ***
skipping: [localhost]

TASK [/stigforge/roles/cs9_stig : Add the audit rule to {{ audit_file }}] ******
skipping: [localhost]

TASK [/stigforge/roles/cs9_stig : Declare list of syscalls] ********************
skipping: [localhost]

TASK [/stigforge/roles/cs9_stig : Check existence of truncate in /etc/audit/audit.rules] ***
skipping: [localhost]

TASK [/stigforge/roles/cs9_stig : Set path to /etc/audit/audit.rules] **********
skipping: [localhost]

TASK [/stigforge/roles/cs9_stig : Declare found syscalls] **********************
skipping: [localhost]

TASK [/stigforge/roles/cs9_stig : Declare missing syscalls] ********************
skipping: [localhost]

TASK [/stigforge/roles/cs9_stig : Replace the audit rule in {{ audit_file }}] ***
skipping: [localhost]

TASK [/stigforge/roles/cs9_stig : Add the audit rule to {{ audit_file }}] ******
skipping: [localhost]

TASK [/stigforge/roles/cs9_stig : Declare list of syscalls] ********************
skipping: [localhost]

TASK [/stigforge/roles/cs9_stig : Check existence of truncate in /etc/audit/rules.d/] ***
skipping: [localhost]

TASK [/stigforge/roles/cs9_stig : Reset syscalls found per file] ***************
skipping: [localhost]

TASK [/stigforge/roles/cs9_stig : Declare syscalls found per file] *************
skipping: [localhost]

TASK [/stigforge/roles/cs9_stig : Declare files where syscalls were found] *****
skipping: [localhost]

TASK [/stigforge/roles/cs9_stig : Count occurrences of syscalls in paths] ******
skipping: [localhost]

TASK [/stigforge/roles/cs9_stig : Get path with most syscalls] *****************
skipping: [localhost]

TASK [/stigforge/roles/cs9_stig : No file with syscall found, set path to /etc/audit/rules.d/access.rules] ***
skipping: [localhost]

TASK [/stigforge/roles/cs9_stig : Declare found syscalls] **********************
skipping: [localhost]

TASK [/stigforge/roles/cs9_stig : Declare missing syscalls] ********************
skipping: [localhost]

TASK [/stigforge/roles/cs9_stig : Replace the audit rule in {{ audit_file }}] ***
skipping: [localhost]

TASK [/stigforge/roles/cs9_stig : Add the audit rule to {{ audit_file }}] ******
skipping: [localhost]

TASK [/stigforge/roles/cs9_stig : Declare list of syscalls] ********************
skipping: [localhost]

TASK [/stigforge/roles/cs9_stig : Check existence of truncate in /etc/audit/audit.rules] ***
skipping: [localhost]

TASK [/stigforge/roles/cs9_stig : Set path to /etc/audit/audit.rules] **********
skipping: [localhost]

TASK [/stigforge/roles/cs9_stig : Declare found syscalls] **********************
skipping: [localhost]

TASK [/stigforge/roles/cs9_stig : Declare missing syscalls] ********************
skipping: [localhost]

TASK [/stigforge/roles/cs9_stig : Replace the audit rule in {{ audit_file }}] ***
skipping: [localhost]

TASK [/stigforge/roles/cs9_stig : Add the audit rule to {{ audit_file }}] ******
skipping: [localhost]

TASK [/stigforge/roles/cs9_stig : Ensure auditd Collects Information on Kernel Module Unloading - delete_module - Set architecture for audit ['delete_module'] tasks] ***
skipping: [localhost]

TASK [/stigforge/roles/cs9_stig : Declare list of syscalls] ********************
skipping: [localhost]

TASK [/stigforge/roles/cs9_stig : Check existence of delete_module in /etc/audit/rules.d/] ***
skipping: [localhost]

TASK [/stigforge/roles/cs9_stig : Reset syscalls found per file] ***************
skipping: [localhost]

TASK [/stigforge/roles/cs9_stig : Declare syscalls found per file] *************
skipping: [localhost]

TASK [/stigforge/roles/cs9_stig : Declare files where syscalls were found] *****
skipping: [localhost]

TASK [/stigforge/roles/cs9_stig : Count occurrences of syscalls in paths] ******
skipping: [localhost]

TASK [/stigforge/roles/cs9_stig : Get path with most syscalls] *****************
skipping: [localhost]

TASK [/stigforge/roles/cs9_stig : No file with syscall found, set path to /etc/audit/rules.d/modules.rules] ***
skipping: [localhost]

TASK [/stigforge/roles/cs9_stig : Declare found syscalls] **********************
skipping: [localhost]

TASK [/stigforge/roles/cs9_stig : Declare missing syscalls] ********************
skipping: [localhost]

TASK [/stigforge/roles/cs9_stig : Replace the audit rule in {{ audit_file }}] ***
skipping: [localhost]

TASK [/stigforge/roles/cs9_stig : Add the audit rule to {{ audit_file }}] ******
skipping: [localhost]

TASK [/stigforge/roles/cs9_stig : Declare list of syscalls] ********************
skipping: [localhost]

TASK [/stigforge/roles/cs9_stig : Check existence of delete_module in /etc/audit/audit.rules] ***
skipping: [localhost]

TASK [/stigforge/roles/cs9_stig : Set path to /etc/audit/audit.rules] **********
skipping: [localhost]

TASK [/stigforge/roles/cs9_stig : Declare found syscalls] **********************
skipping: [localhost]

TASK [/stigforge/roles/cs9_stig : Declare missing syscalls] ********************
skipping: [localhost]

TASK [/stigforge/roles/cs9_stig : Replace the audit rule in {{ audit_file }}] ***
skipping: [localhost]

TASK [/stigforge/roles/cs9_stig : Add the audit rule to {{ audit_file }}] ******
skipping: [localhost]

TASK [/stigforge/roles/cs9_stig : Declare list of syscalls] ********************
skipping: [localhost]

TASK [/stigforge/roles/cs9_stig : Check existence of delete_module in /etc/audit/rules.d/] ***
skipping: [localhost]

TASK [/stigforge/roles/cs9_stig : Reset syscalls found per file] ***************
skipping: [localhost]

TASK [/stigforge/roles/cs9_stig : Declare syscalls found per file] *************
skipping: [localhost]

TASK [/stigforge/roles/cs9_stig : Declare files where syscalls were found] *****
skipping: [localhost]

TASK [/stigforge/roles/cs9_stig : Count occurrences of syscalls in paths] ******
skipping: [localhost]

TASK [/stigforge/roles/cs9_stig : Get path with most syscalls] *****************
skipping: [localhost]

TASK [/stigforge/roles/cs9_stig : No file with syscall found, set path to /etc/audit/rules.d/modules.rules] ***
skipping: [localhost]

TASK [/stigforge/roles/cs9_stig : Declare found syscalls] **********************
skipping: [localhost]

TASK [/stigforge/roles/cs9_stig : Declare missing syscalls] ********************
skipping: [localhost]

TASK [/stigforge/roles/cs9_stig : Replace the audit rule in {{ audit_file }}] ***
skipping: [localhost]

TASK [/stigforge/roles/cs9_stig : Add the audit rule to {{ audit_file }}] ******
skipping: [localhost]

TASK [/stigforge/roles/cs9_stig : Declare list of syscalls] ********************
skipping: [localhost]

TASK [/stigforge/roles/cs9_stig : Check existence of delete_module in /etc/audit/audit.rules] ***
skipping: [localhost]

TASK [/stigforge/roles/cs9_stig : Set path to /etc/audit/audit.rules] **********
skipping: [localhost]

TASK [/stigforge/roles/cs9_stig : Declare found syscalls] **********************
skipping: [localhost]

TASK [/stigforge/roles/cs9_stig : Declare missing syscalls] ********************
skipping: [localhost]

TASK [/stigforge/roles/cs9_stig : Replace the audit rule in {{ audit_file }}] ***
skipping: [localhost]

TASK [/stigforge/roles/cs9_stig : Add the audit rule to {{ audit_file }}] ******
skipping: [localhost]

TASK [/stigforge/roles/cs9_stig : Ensure auditd Collects Information on Kernel Module Loading and Unloading - finit_module - Set architecture for audit ['finit_module'] tasks] ***
skipping: [localhost]

TASK [/stigforge/roles/cs9_stig : Declare list of syscalls] ********************
skipping: [localhost]

TASK [/stigforge/roles/cs9_stig : Check existence of finit_module in /etc/audit/rules.d/] ***
skipping: [localhost]

TASK [/stigforge/roles/cs9_stig : Reset syscalls found per file] ***************
skipping: [localhost]

TASK [/stigforge/roles/cs9_stig : Declare syscalls found per file] *************
skipping: [localhost]

TASK [/stigforge/roles/cs9_stig : Declare files where syscalls were found] *****
skipping: [localhost]

TASK [/stigforge/roles/cs9_stig : Count occurrences of syscalls in paths] ******
skipping: [localhost]

TASK [/stigforge/roles/cs9_stig : Get path with most syscalls] *****************
skipping: [localhost]

TASK [/stigforge/roles/cs9_stig : No file with syscall found, set path to /etc/audit/rules.d/modules.rules] ***
skipping: [localhost]

TASK [/stigforge/roles/cs9_stig : Declare found syscalls] **********************
skipping: [localhost]

TASK [/stigforge/roles/cs9_stig : Declare missing syscalls] ********************
skipping: [localhost]

TASK [/stigforge/roles/cs9_stig : Replace the audit rule in {{ audit_file }}] ***
skipping: [localhost]

TASK [/stigforge/roles/cs9_stig : Add the audit rule to {{ audit_file }}] ******
skipping: [localhost]

TASK [/stigforge/roles/cs9_stig : Declare list of syscalls] ********************
skipping: [localhost]

TASK [/stigforge/roles/cs9_stig : Check existence of finit_module in /etc/audit/audit.rules] ***
skipping: [localhost]

TASK [/stigforge/roles/cs9_stig : Set path to /etc/audit/audit.rules] **********
skipping: [localhost]

TASK [/stigforge/roles/cs9_stig : Declare found syscalls] **********************
skipping: [localhost]

TASK [/stigforge/roles/cs9_stig : Declare missing syscalls] ********************
skipping: [localhost]

TASK [/stigforge/roles/cs9_stig : Replace the audit rule in {{ audit_file }}] ***
skipping: [localhost]

TASK [/stigforge/roles/cs9_stig : Add the audit rule to {{ audit_file }}] ******
skipping: [localhost]

TASK [/stigforge/roles/cs9_stig : Declare list of syscalls] ********************
skipping: [localhost]

TASK [/stigforge/roles/cs9_stig : Check existence of finit_module in /etc/audit/rules.d/] ***
skipping: [localhost]

TASK [/stigforge/roles/cs9_stig : Reset syscalls found per file] ***************
skipping: [localhost]

TASK [/stigforge/roles/cs9_stig : Declare syscalls found per file] *************
skipping: [localhost]

TASK [/stigforge/roles/cs9_stig : Declare files where syscalls were found] *****
skipping: [localhost]

TASK [/stigforge/roles/cs9_stig : Count occurrences of syscalls in paths] ******
skipping: [localhost]

TASK [/stigforge/roles/cs9_stig : Get path with most syscalls] *****************
skipping: [localhost]

TASK [/stigforge/roles/cs9_stig : No file with syscall found, set path to /etc/audit/rules.d/modules.rules] ***
skipping: [localhost]

TASK [/stigforge/roles/cs9_stig : Declare found syscalls] **********************
skipping: [localhost]

TASK [/stigforge/roles/cs9_stig : Declare missing syscalls] ********************
skipping: [localhost]

TASK [/stigforge/roles/cs9_stig : Replace the audit rule in {{ audit_file }}] ***
skipping: [localhost]

TASK [/stigforge/roles/cs9_stig : Add the audit rule to {{ audit_file }}] ******
skipping: [localhost]

TASK [/stigforge/roles/cs9_stig : Declare list of syscalls] ********************
skipping: [localhost]

TASK [/stigforge/roles/cs9_stig : Check existence of finit_module in /etc/audit/audit.rules] ***
skipping: [localhost]

TASK [/stigforge/roles/cs9_stig : Set path to /etc/audit/audit.rules] **********
skipping: [localhost]

TASK [/stigforge/roles/cs9_stig : Declare found syscalls] **********************
skipping: [localhost]

TASK [/stigforge/roles/cs9_stig : Declare missing syscalls] ********************
skipping: [localhost]

TASK [/stigforge/roles/cs9_stig : Replace the audit rule in {{ audit_file }}] ***
skipping: [localhost]

TASK [/stigforge/roles/cs9_stig : Add the audit rule to {{ audit_file }}] ******
skipping: [localhost]

TASK [/stigforge/roles/cs9_stig : Ensure auditd Collects Information on Kernel Module Loading - init_module - Set architecture for audit ['init_module'] tasks] ***
skipping: [localhost]

TASK [/stigforge/roles/cs9_stig : Declare list of syscalls] ********************
skipping: [localhost]

TASK [/stigforge/roles/cs9_stig : Check existence of init_module in /etc/audit/rules.d/] ***
skipping: [localhost]

TASK [/stigforge/roles/cs9_stig : Reset syscalls found per file] ***************
skipping: [localhost]

TASK [/stigforge/roles/cs9_stig : Declare syscalls found per file] *************
skipping: [localhost]

TASK [/stigforge/roles/cs9_stig : Declare files where syscalls were found] *****
skipping: [localhost]

TASK [/stigforge/roles/cs9_stig : Count occurrences of syscalls in paths] ******
skipping: [localhost]

TASK [/stigforge/roles/cs9_stig : Get path with most syscalls] *****************
skipping: [localhost]

TASK [/stigforge/roles/cs9_stig : No file with syscall found, set path to /etc/audit/rules.d/modules.rules] ***
skipping: [localhost]

TASK [/stigforge/roles/cs9_stig : Declare found syscalls] **********************
skipping: [localhost]

TASK [/stigforge/roles/cs9_stig : Declare missing syscalls] ********************
skipping: [localhost]

TASK [/stigforge/roles/cs9_stig : Replace the audit rule in {{ audit_file }}] ***
skipping: [localhost]

TASK [/stigforge/roles/cs9_stig : Add the audit rule to {{ audit_file }}] ******
skipping: [localhost]

TASK [/stigforge/roles/cs9_stig : Declare list of syscalls] ********************
skipping: [localhost]

TASK [/stigforge/roles/cs9_stig : Check existence of init_module in /etc/audit/audit.rules] ***
skipping: [localhost]

TASK [/stigforge/roles/cs9_stig : Set path to /etc/audit/audit.rules] **********
skipping: [localhost]

TASK [/stigforge/roles/cs9_stig : Declare found syscalls] **********************
skipping: [localhost]

TASK [/stigforge/roles/cs9_stig : Declare missing syscalls] ********************
skipping: [localhost]

TASK [/stigforge/roles/cs9_stig : Replace the audit rule in {{ audit_file }}] ***
skipping: [localhost]

TASK [/stigforge/roles/cs9_stig : Add the audit rule to {{ audit_file }}] ******
skipping: [localhost]

TASK [/stigforge/roles/cs9_stig : Declare list of syscalls] ********************
skipping: [localhost]

TASK [/stigforge/roles/cs9_stig : Check existence of init_module in /etc/audit/rules.d/] ***
skipping: [localhost]

TASK [/stigforge/roles/cs9_stig : Reset syscalls found per file] ***************
skipping: [localhost]

TASK [/stigforge/roles/cs9_stig : Declare syscalls found per file] *************
skipping: [localhost]

TASK [/stigforge/roles/cs9_stig : Declare files where syscalls were found] *****
skipping: [localhost]

TASK [/stigforge/roles/cs9_stig : Count occurrences of syscalls in paths] ******
skipping: [localhost]

TASK [/stigforge/roles/cs9_stig : Get path with most syscalls] *****************
skipping: [localhost]

TASK [/stigforge/roles/cs9_stig : No file with syscall found, set path to /etc/audit/rules.d/modules.rules] ***
skipping: [localhost]

TASK [/stigforge/roles/cs9_stig : Declare found syscalls] **********************
skipping: [localhost]

TASK [/stigforge/roles/cs9_stig : Declare missing syscalls] ********************
skipping: [localhost]

TASK [/stigforge/roles/cs9_stig : Replace the audit rule in {{ audit_file }}] ***
skipping: [localhost]

TASK [/stigforge/roles/cs9_stig : Add the audit rule to {{ audit_file }}] ******
skipping: [localhost]

TASK [/stigforge/roles/cs9_stig : Declare list of syscalls] ********************
skipping: [localhost]

TASK [/stigforge/roles/cs9_stig : Check existence of init_module in /etc/audit/audit.rules] ***
skipping: [localhost]

TASK [/stigforge/roles/cs9_stig : Set path to /etc/audit/audit.rules] **********
skipping: [localhost]

TASK [/stigforge/roles/cs9_stig : Declare found syscalls] **********************
skipping: [localhost]

TASK [/stigforge/roles/cs9_stig : Declare missing syscalls] ********************
skipping: [localhost]

TASK [/stigforge/roles/cs9_stig : Replace the audit rule in {{ audit_file }}] ***
skipping: [localhost]

TASK [/stigforge/roles/cs9_stig : Add the audit rule to {{ audit_file }}] ******
skipping: [localhost]

TASK [/stigforge/roles/cs9_stig : Record Attempts to Alter Logon and Logout Events - faillock - Set faillock_audit_rules fact] ***
skipping: [localhost]

TASK [/stigforge/roles/cs9_stig : Record Attempts to Alter Logon and Logout Events - faillock - Update /etc/audit/rules.d/logins.rules to audit faillock] ***
skipping: [localhost]

TASK [/stigforge/roles/cs9_stig : Record Attempts to Alter Logon and Logout Events - faillock - Update /etc/audit/audit.rules to audit faillock] ***
skipping: [localhost]

TASK [/stigforge/roles/cs9_stig : Record Attempts to Alter Logon and Logout Events - faillock - Restart auditd] ***
skipping: [localhost]

TASK [/stigforge/roles/cs9_stig : Record Attempts to Alter Logon and Logout Events - lastlog - Set lastlog_audit_rules fact] ***
skipping: [localhost]

TASK [/stigforge/roles/cs9_stig : Record Attempts to Alter Logon and Logout Events - lastlog - Update /etc/audit/rules.d/logins.rules to audit lastlog] ***
skipping: [localhost]

TASK [/stigforge/roles/cs9_stig : Record Attempts to Alter Logon and Logout Events - lastlog - Update /etc/audit/audit.rules to audit lastlog] ***
skipping: [localhost]

TASK [/stigforge/roles/cs9_stig : Record Attempts to Alter Logon and Logout Events - lastlog - Restart auditd] ***
skipping: [localhost]

TASK [/stigforge/roles/cs9_stig : Declare list of syscalls] ********************
skipping: [localhost]

TASK [/stigforge/roles/cs9_stig : Check existence of  in /etc/audit/rules.d/] ***
skipping: [localhost]

TASK [/stigforge/roles/cs9_stig : Reset syscalls found per file] ***************
skipping: [localhost]

TASK [/stigforge/roles/cs9_stig : Declare syscalls found per file] *************
skipping: [localhost]

TASK [/stigforge/roles/cs9_stig : Declare files where syscalls were found] *****
skipping: [localhost]

TASK [/stigforge/roles/cs9_stig : Count occurrences of syscalls in paths] ******
skipping: [localhost]

TASK [/stigforge/roles/cs9_stig : Get path with most syscalls] *****************
skipping: [localhost]

TASK [/stigforge/roles/cs9_stig : No file with syscall found, set path to /etc/audit/rules.d/privileged.rules] ***
skipping: [localhost]

TASK [/stigforge/roles/cs9_stig : Declare found syscalls] **********************
skipping: [localhost]

TASK [/stigforge/roles/cs9_stig : Declare missing syscalls] ********************
skipping: [localhost]

TASK [/stigforge/roles/cs9_stig : Replace the audit rule in {{ audit_file }}] ***
skipping: [localhost]

TASK [/stigforge/roles/cs9_stig : Add the audit rule to {{ audit_file }}] ******
skipping: [localhost]

TASK [/stigforge/roles/cs9_stig : Declare list of syscalls] ********************
skipping: [localhost]

TASK [/stigforge/roles/cs9_stig : Check existence of  in /etc/audit/audit.rules] ***
skipping: [localhost]

TASK [/stigforge/roles/cs9_stig : Set path to /etc/audit/audit.rules] **********
skipping: [localhost]

TASK [/stigforge/roles/cs9_stig : Declare found syscalls] **********************
skipping: [localhost]

TASK [/stigforge/roles/cs9_stig : Declare missing syscalls] ********************
skipping: [localhost]

TASK [/stigforge/roles/cs9_stig : Replace the audit rule in {{ audit_file }}] ***
skipping: [localhost]

TASK [/stigforge/roles/cs9_stig : Add the audit rule to {{ audit_file }}] ******
skipping: [localhost]

TASK [/stigforge/roles/cs9_stig : Declare list of syscalls] ********************
skipping: [localhost]

TASK [/stigforge/roles/cs9_stig : Check existence of  in /etc/audit/rules.d/] ***
skipping: [localhost]

TASK [/stigforge/roles/cs9_stig : Reset syscalls found per file] ***************
skipping: [localhost]

TASK [/stigforge/roles/cs9_stig : Declare syscalls found per file] *************
skipping: [localhost]

TASK [/stigforge/roles/cs9_stig : Declare files where syscalls were found] *****
skipping: [localhost]

TASK [/stigforge/roles/cs9_stig : Count occurrences of syscalls in paths] ******
skipping: [localhost]

TASK [/stigforge/roles/cs9_stig : Get path with most syscalls] *****************
skipping: [localhost]

TASK [/stigforge/roles/cs9_stig : No file with syscall found, set path to /etc/audit/rules.d/privileged.rules] ***
skipping: [localhost]

TASK [/stigforge/roles/cs9_stig : Declare found syscalls] **********************
skipping: [localhost]

TASK [/stigforge/roles/cs9_stig : Declare missing syscalls] ********************
skipping: [localhost]

TASK [/stigforge/roles/cs9_stig : Replace the audit rule in {{ audit_file }}] ***
skipping: [localhost]

TASK [/stigforge/roles/cs9_stig : Add the audit rule to {{ audit_file }}] ******
skipping: [localhost]

TASK [/stigforge/roles/cs9_stig : Declare list of syscalls] ********************
skipping: [localhost]

TASK [/stigforge/roles/cs9_stig : Check existence of  in /etc/audit/audit.rules] ***
skipping: [localhost]

TASK [/stigforge/roles/cs9_stig : Set path to /etc/audit/audit.rules] **********
skipping: [localhost]

TASK [/stigforge/roles/cs9_stig : Declare found syscalls] **********************
skipping: [localhost]

TASK [/stigforge/roles/cs9_stig : Declare missing syscalls] ********************
skipping: [localhost]

TASK [/stigforge/roles/cs9_stig : Replace the audit rule in {{ audit_file }}] ***
skipping: [localhost]

TASK [/stigforge/roles/cs9_stig : Add the audit rule to {{ audit_file }}] ******
skipping: [localhost]

TASK [/stigforge/roles/cs9_stig : Declare list of syscalls] ********************
skipping: [localhost]

TASK [/stigforge/roles/cs9_stig : Check existence of  in /etc/audit/rules.d/] ***
skipping: [localhost]

TASK [/stigforge/roles/cs9_stig : Reset syscalls found per file] ***************
skipping: [localhost]

TASK [/stigforge/roles/cs9_stig : Declare syscalls found per file] *************
skipping: [localhost]

TASK [/stigforge/roles/cs9_stig : Declare files where syscalls were found] *****
skipping: [localhost]

TASK [/stigforge/roles/cs9_stig : Count occurrences of syscalls in paths] ******
skipping: [localhost]

TASK [/stigforge/roles/cs9_stig : Get path with most syscalls] *****************
skipping: [localhost]

TASK [/stigforge/roles/cs9_stig : No file with syscall found, set path to /etc/audit/rules.d/privileged.rules] ***
skipping: [localhost]

TASK [/stigforge/roles/cs9_stig : Declare found syscalls] **********************
skipping: [localhost]

TASK [/stigforge/roles/cs9_stig : Declare missing syscalls] ********************
skipping: [localhost]

TASK [/stigforge/roles/cs9_stig : Replace the audit rule in {{ audit_file }}] ***
skipping: [localhost]

TASK [/stigforge/roles/cs9_stig : Add the audit rule to {{ audit_file }}] ******
skipping: [localhost]

TASK [/stigforge/roles/cs9_stig : Declare list of syscalls] ********************
skipping: [localhost]

TASK [/stigforge/roles/cs9_stig : Check existence of  in /etc/audit/audit.rules] ***
skipping: [localhost]

TASK [/stigforge/roles/cs9_stig : Set path to /etc/audit/audit.rules] **********
skipping: [localhost]

TASK [/stigforge/roles/cs9_stig : Declare found syscalls] **********************
skipping: [localhost]

TASK [/stigforge/roles/cs9_stig : Declare missing syscalls] ********************
skipping: [localhost]

TASK [/stigforge/roles/cs9_stig : Replace the audit rule in {{ audit_file }}] ***
skipping: [localhost]

TASK [/stigforge/roles/cs9_stig : Add the audit rule to {{ audit_file }}] ******
skipping: [localhost]

TASK [/stigforge/roles/cs9_stig : Declare list of syscalls] ********************
skipping: [localhost]

TASK [/stigforge/roles/cs9_stig : Check existence of  in /etc/audit/rules.d/] ***
skipping: [localhost]

TASK [/stigforge/roles/cs9_stig : Reset syscalls found per file] ***************
skipping: [localhost]

TASK [/stigforge/roles/cs9_stig : Declare syscalls found per file] *************
skipping: [localhost]

TASK [/stigforge/roles/cs9_stig : Declare files where syscalls were found] *****
skipping: [localhost]

TASK [/stigforge/roles/cs9_stig : Count occurrences of syscalls in paths] ******
skipping: [localhost]

TASK [/stigforge/roles/cs9_stig : Get path with most syscalls] *****************
skipping: [localhost]

TASK [/stigforge/roles/cs9_stig : No file with syscall found, set path to /etc/audit/rules.d/privileged.rules] ***
skipping: [localhost]

TASK [/stigforge/roles/cs9_stig : Declare found syscalls] **********************
skipping: [localhost]

TASK [/stigforge/roles/cs9_stig : Declare missing syscalls] ********************
skipping: [localhost]

TASK [/stigforge/roles/cs9_stig : Replace the audit rule in {{ audit_file }}] ***
skipping: [localhost]

TASK [/stigforge/roles/cs9_stig : Add the audit rule to {{ audit_file }}] ******
skipping: [localhost]

TASK [/stigforge/roles/cs9_stig : Declare list of syscalls] ********************
skipping: [localhost]

TASK [/stigforge/roles/cs9_stig : Check existence of  in /etc/audit/audit.rules] ***
skipping: [localhost]

TASK [/stigforge/roles/cs9_stig : Set path to /etc/audit/audit.rules] **********
skipping: [localhost]

TASK [/stigforge/roles/cs9_stig : Declare found syscalls] **********************
skipping: [localhost]

TASK [/stigforge/roles/cs9_stig : Declare missing syscalls] ********************
skipping: [localhost]

TASK [/stigforge/roles/cs9_stig : Replace the audit rule in {{ audit_file }}] ***
skipping: [localhost]

TASK [/stigforge/roles/cs9_stig : Add the audit rule to {{ audit_file }}] ******
skipping: [localhost]

TASK [/stigforge/roles/cs9_stig : Declare list of syscalls] ********************
skipping: [localhost]

TASK [/stigforge/roles/cs9_stig : Check existence of  in /etc/audit/rules.d/] ***
skipping: [localhost]

TASK [/stigforge/roles/cs9_stig : Reset syscalls found per file] ***************
skipping: [localhost]

TASK [/stigforge/roles/cs9_stig : Declare syscalls found per file] *************
skipping: [localhost]

TASK [/stigforge/roles/cs9_stig : Declare files where syscalls were found] *****
skipping: [localhost]

TASK [/stigforge/roles/cs9_stig : Count occurrences of syscalls in paths] ******
skipping: [localhost]

TASK [/stigforge/roles/cs9_stig : Get path with most syscalls] *****************
skipping: [localhost]

TASK [/stigforge/roles/cs9_stig : No file with syscall found, set path to /etc/audit/rules.d/privileged.rules] ***
skipping: [localhost]

TASK [/stigforge/roles/cs9_stig : Declare found syscalls] **********************
skipping: [localhost]

TASK [/stigforge/roles/cs9_stig : Declare missing syscalls] ********************
skipping: [localhost]

TASK [/stigforge/roles/cs9_stig : Replace the audit rule in {{ audit_file }}] ***
skipping: [localhost]

TASK [/stigforge/roles/cs9_stig : Add the audit rule to {{ audit_file }}] ******
skipping: [localhost]

TASK [/stigforge/roles/cs9_stig : Declare list of syscalls] ********************
skipping: [localhost]

TASK [/stigforge/roles/cs9_stig : Check existence of  in /etc/audit/audit.rules] ***
skipping: [localhost]

TASK [/stigforge/roles/cs9_stig : Set path to /etc/audit/audit.rules] **********
skipping: [localhost]

TASK [/stigforge/roles/cs9_stig : Declare found syscalls] **********************
skipping: [localhost]

TASK [/stigforge/roles/cs9_stig : Declare missing syscalls] ********************
skipping: [localhost]

TASK [/stigforge/roles/cs9_stig : Replace the audit rule in {{ audit_file }}] ***
skipping: [localhost]

TASK [/stigforge/roles/cs9_stig : Add the audit rule to {{ audit_file }}] ******
skipping: [localhost]

TASK [/stigforge/roles/cs9_stig : Declare list of syscalls] ********************
skipping: [localhost]

TASK [/stigforge/roles/cs9_stig : Check existence of  in /etc/audit/rules.d/] ***
skipping: [localhost]

TASK [/stigforge/roles/cs9_stig : Reset syscalls found per file] ***************
skipping: [localhost]

TASK [/stigforge/roles/cs9_stig : Declare syscalls found per file] *************
skipping: [localhost]

TASK [/stigforge/roles/cs9_stig : Declare files where syscalls were found] *****
skipping: [localhost]

TASK [/stigforge/roles/cs9_stig : Count occurrences of syscalls in paths] ******
skipping: [localhost]

TASK [/stigforge/roles/cs9_stig : Get path with most syscalls] *****************
skipping: [localhost]

TASK [/stigforge/roles/cs9_stig : No file with syscall found, set path to /etc/audit/rules.d/privileged.rules] ***
skipping: [localhost]

TASK [/stigforge/roles/cs9_stig : Declare found syscalls] **********************
skipping: [localhost]

TASK [/stigforge/roles/cs9_stig : Declare missing syscalls] ********************
skipping: [localhost]

TASK [/stigforge/roles/cs9_stig : Replace the audit rule in {{ audit_file }}] ***
skipping: [localhost]

TASK [/stigforge/roles/cs9_stig : Add the audit rule to {{ audit_file }}] ******
skipping: [localhost]

TASK [/stigforge/roles/cs9_stig : Declare list of syscalls] ********************
skipping: [localhost]

TASK [/stigforge/roles/cs9_stig : Check existence of  in /etc/audit/audit.rules] ***
skipping: [localhost]

TASK [/stigforge/roles/cs9_stig : Set path to /etc/audit/audit.rules] **********
skipping: [localhost]

TASK [/stigforge/roles/cs9_stig : Declare found syscalls] **********************
skipping: [localhost]

TASK [/stigforge/roles/cs9_stig : Declare missing syscalls] ********************
skipping: [localhost]

TASK [/stigforge/roles/cs9_stig : Replace the audit rule in {{ audit_file }}] ***
skipping: [localhost]

TASK [/stigforge/roles/cs9_stig : Add the audit rule to {{ audit_file }}] ******
skipping: [localhost]

TASK [/stigforge/roles/cs9_stig : Declare list of syscalls] ********************
skipping: [localhost]

TASK [/stigforge/roles/cs9_stig : Check existence of  in /etc/audit/rules.d/] ***
skipping: [localhost]

TASK [/stigforge/roles/cs9_stig : Reset syscalls found per file] ***************
skipping: [localhost]

TASK [/stigforge/roles/cs9_stig : Declare syscalls found per file] *************
skipping: [localhost]

TASK [/stigforge/roles/cs9_stig : Declare files where syscalls were found] *****
skipping: [localhost]

TASK [/stigforge/roles/cs9_stig : Count occurrences of syscalls in paths] ******
skipping: [localhost]

TASK [/stigforge/roles/cs9_stig : Get path with most syscalls] *****************
skipping: [localhost]

TASK [/stigforge/roles/cs9_stig : No file with syscall found, set path to /etc/audit/rules.d/privileged.rules] ***
skipping: [localhost]

TASK [/stigforge/roles/cs9_stig : Declare found syscalls] **********************
skipping: [localhost]

TASK [/stigforge/roles/cs9_stig : Declare missing syscalls] ********************
skipping: [localhost]

TASK [/stigforge/roles/cs9_stig : Replace the audit rule in {{ audit_file }}] ***
skipping: [localhost]

TASK [/stigforge/roles/cs9_stig : Add the audit rule to {{ audit_file }}] ******
skipping: [localhost]

TASK [/stigforge/roles/cs9_stig : Declare list of syscalls] ********************
skipping: [localhost]

TASK [/stigforge/roles/cs9_stig : Check existence of  in /etc/audit/audit.rules] ***
skipping: [localhost]

TASK [/stigforge/roles/cs9_stig : Set path to /etc/audit/audit.rules] **********
skipping: [localhost]

TASK [/stigforge/roles/cs9_stig : Declare found syscalls] **********************
skipping: [localhost]

TASK [/stigforge/roles/cs9_stig : Declare missing syscalls] ********************
skipping: [localhost]

TASK [/stigforge/roles/cs9_stig : Replace the audit rule in {{ audit_file }}] ***
skipping: [localhost]

TASK [/stigforge/roles/cs9_stig : Add the audit rule to {{ audit_file }}] ******
skipping: [localhost]

TASK [/stigforge/roles/cs9_stig : Declare list of syscalls] ********************
skipping: [localhost]

TASK [/stigforge/roles/cs9_stig : Check existence of  in /etc/audit/rules.d/] ***
skipping: [localhost]

TASK [/stigforge/roles/cs9_stig : Reset syscalls found per file] ***************
skipping: [localhost]

TASK [/stigforge/roles/cs9_stig : Declare syscalls found per file] *************
skipping: [localhost]

TASK [/stigforge/roles/cs9_stig : Declare files where syscalls were found] *****
skipping: [localhost]

TASK [/stigforge/roles/cs9_stig : Count occurrences of syscalls in paths] ******
skipping: [localhost]

TASK [/stigforge/roles/cs9_stig : Get path with most syscalls] *****************
skipping: [localhost]

TASK [/stigforge/roles/cs9_stig : No file with syscall found, set path to /etc/audit/rules.d/privileged.rules] ***
skipping: [localhost]

TASK [/stigforge/roles/cs9_stig : Declare found syscalls] **********************
skipping: [localhost]

TASK [/stigforge/roles/cs9_stig : Declare missing syscalls] ********************
skipping: [localhost]

TASK [/stigforge/roles/cs9_stig : Replace the audit rule in {{ audit_file }}] ***
skipping: [localhost]

TASK [/stigforge/roles/cs9_stig : Add the audit rule to {{ audit_file }}] ******
skipping: [localhost]

TASK [/stigforge/roles/cs9_stig : Declare list of syscalls] ********************
skipping: [localhost]

TASK [/stigforge/roles/cs9_stig : Check existence of  in /etc/audit/audit.rules] ***
skipping: [localhost]

TASK [/stigforge/roles/cs9_stig : Set path to /etc/audit/audit.rules] **********
skipping: [localhost]

TASK [/stigforge/roles/cs9_stig : Declare found syscalls] **********************
skipping: [localhost]

TASK [/stigforge/roles/cs9_stig : Declare missing syscalls] ********************
skipping: [localhost]

TASK [/stigforge/roles/cs9_stig : Replace the audit rule in {{ audit_file }}] ***
skipping: [localhost]

TASK [/stigforge/roles/cs9_stig : Add the audit rule to {{ audit_file }}] ******
skipping: [localhost]

TASK [/stigforge/roles/cs9_stig : Declare list of syscalls] ********************
skipping: [localhost]

TASK [/stigforge/roles/cs9_stig : Check existence of  in /etc/audit/rules.d/] ***
skipping: [localhost]

TASK [/stigforge/roles/cs9_stig : Reset syscalls found per file] ***************
skipping: [localhost]

TASK [/stigforge/roles/cs9_stig : Declare syscalls found per file] *************
skipping: [localhost]

TASK [/stigforge/roles/cs9_stig : Declare files where syscalls were found] *****
skipping: [localhost]

TASK [/stigforge/roles/cs9_stig : Count occurrences of syscalls in paths] ******
skipping: [localhost]

TASK [/stigforge/roles/cs9_stig : Get path with most syscalls] *****************
skipping: [localhost]

TASK [/stigforge/roles/cs9_stig : No file with syscall found, set path to /etc/audit/rules.d/privileged.rules] ***
skipping: [localhost]

TASK [/stigforge/roles/cs9_stig : Declare found syscalls] **********************
skipping: [localhost]

TASK [/stigforge/roles/cs9_stig : Declare missing syscalls] ********************
skipping: [localhost]

TASK [/stigforge/roles/cs9_stig : Replace the audit rule in {{ audit_file }}] ***
skipping: [localhost]

TASK [/stigforge/roles/cs9_stig : Add the audit rule to {{ audit_file }}] ******
skipping: [localhost]

TASK [/stigforge/roles/cs9_stig : Declare list of syscalls] ********************
skipping: [localhost]

TASK [/stigforge/roles/cs9_stig : Check existence of  in /etc/audit/audit.rules] ***
skipping: [localhost]

TASK [/stigforge/roles/cs9_stig : Set path to /etc/audit/audit.rules] **********
skipping: [localhost]

TASK [/stigforge/roles/cs9_stig : Declare found syscalls] **********************
skipping: [localhost]

TASK [/stigforge/roles/cs9_stig : Declare missing syscalls] ********************
skipping: [localhost]

TASK [/stigforge/roles/cs9_stig : Replace the audit rule in {{ audit_file }}] ***
skipping: [localhost]

TASK [/stigforge/roles/cs9_stig : Add the audit rule to {{ audit_file }}] ******
skipping: [localhost]

TASK [/stigforge/roles/cs9_stig : Declare list of syscalls] ********************
skipping: [localhost]

TASK [/stigforge/roles/cs9_stig : Check existence of  in /etc/audit/rules.d/] ***
skipping: [localhost]

TASK [/stigforge/roles/cs9_stig : Reset syscalls found per file] ***************
skipping: [localhost]

TASK [/stigforge/roles/cs9_stig : Declare syscalls found per file] *************
skipping: [localhost]

TASK [/stigforge/roles/cs9_stig : Declare files where syscalls were found] *****
skipping: [localhost]

TASK [/stigforge/roles/cs9_stig : Count occurrences of syscalls in paths] ******
skipping: [localhost]

TASK [/stigforge/roles/cs9_stig : Get path with most syscalls] *****************
skipping: [localhost]

TASK [/stigforge/roles/cs9_stig : No file with syscall found, set path to /etc/audit/rules.d/privileged.rules] ***
skipping: [localhost]

TASK [/stigforge/roles/cs9_stig : Declare found syscalls] **********************
skipping: [localhost]

TASK [/stigforge/roles/cs9_stig : Declare missing syscalls] ********************
skipping: [localhost]

TASK [/stigforge/roles/cs9_stig : Replace the audit rule in {{ audit_file }}] ***
skipping: [localhost]

TASK [/stigforge/roles/cs9_stig : Add the audit rule to {{ audit_file }}] ******
skipping: [localhost]

TASK [/stigforge/roles/cs9_stig : Declare list of syscalls] ********************
skipping: [localhost]

TASK [/stigforge/roles/cs9_stig : Check existence of  in /etc/audit/audit.rules] ***
skipping: [localhost]

TASK [/stigforge/roles/cs9_stig : Set path to /etc/audit/audit.rules] **********
skipping: [localhost]

TASK [/stigforge/roles/cs9_stig : Declare found syscalls] **********************
skipping: [localhost]

TASK [/stigforge/roles/cs9_stig : Declare missing syscalls] ********************
skipping: [localhost]

TASK [/stigforge/roles/cs9_stig : Replace the audit rule in {{ audit_file }}] ***
skipping: [localhost]

TASK [/stigforge/roles/cs9_stig : Add the audit rule to {{ audit_file }}] ******
skipping: [localhost]

TASK [/stigforge/roles/cs9_stig : Declare list of syscalls] ********************
skipping: [localhost]

TASK [/stigforge/roles/cs9_stig : Check existence of  in /etc/audit/rules.d/] ***
skipping: [localhost]

TASK [/stigforge/roles/cs9_stig : Reset syscalls found per file] ***************
skipping: [localhost]

TASK [/stigforge/roles/cs9_stig : Declare syscalls found per file] *************
skipping: [localhost]

TASK [/stigforge/roles/cs9_stig : Declare files where syscalls were found] *****
skipping: [localhost]

TASK [/stigforge/roles/cs9_stig : Count occurrences of syscalls in paths] ******
skipping: [localhost]

TASK [/stigforge/roles/cs9_stig : Get path with most syscalls] *****************
skipping: [localhost]

TASK [/stigforge/roles/cs9_stig : No file with syscall found, set path to /etc/audit/rules.d/privileged.rules] ***
skipping: [localhost]

TASK [/stigforge/roles/cs9_stig : Declare found syscalls] **********************
skipping: [localhost]

TASK [/stigforge/roles/cs9_stig : Declare missing syscalls] ********************
skipping: [localhost]

TASK [/stigforge/roles/cs9_stig : Replace the audit rule in {{ audit_file }}] ***
skipping: [localhost]

TASK [/stigforge/roles/cs9_stig : Add the audit rule to {{ audit_file }}] ******
skipping: [localhost]

TASK [/stigforge/roles/cs9_stig : Declare list of syscalls] ********************
skipping: [localhost]

TASK [/stigforge/roles/cs9_stig : Check existence of  in /etc/audit/audit.rules] ***
skipping: [localhost]

TASK [/stigforge/roles/cs9_stig : Set path to /etc/audit/audit.rules] **********
skipping: [localhost]

TASK [/stigforge/roles/cs9_stig : Declare found syscalls] **********************
skipping: [localhost]

TASK [/stigforge/roles/cs9_stig : Declare missing syscalls] ********************
skipping: [localhost]

TASK [/stigforge/roles/cs9_stig : Replace the audit rule in {{ audit_file }}] ***
skipping: [localhost]

TASK [/stigforge/roles/cs9_stig : Add the audit rule to {{ audit_file }}] ******
skipping: [localhost]

TASK [/stigforge/roles/cs9_stig : Declare list of syscalls] ********************
skipping: [localhost]

TASK [/stigforge/roles/cs9_stig : Check existence of  in /etc/audit/rules.d/] ***
skipping: [localhost]

TASK [/stigforge/roles/cs9_stig : Reset syscalls found per file] ***************
skipping: [localhost]

TASK [/stigforge/roles/cs9_stig : Declare syscalls found per file] *************
skipping: [localhost]

TASK [/stigforge/roles/cs9_stig : Declare files where syscalls were found] *****
skipping: [localhost]

TASK [/stigforge/roles/cs9_stig : Count occurrences of syscalls in paths] ******
skipping: [localhost]

TASK [/stigforge/roles/cs9_stig : Get path with most syscalls] *****************
skipping: [localhost]

TASK [/stigforge/roles/cs9_stig : No file with syscall found, set path to /etc/audit/rules.d/privileged.rules] ***
skipping: [localhost]

TASK [/stigforge/roles/cs9_stig : Declare found syscalls] **********************
skipping: [localhost]

TASK [/stigforge/roles/cs9_stig : Declare missing syscalls] ********************
skipping: [localhost]

TASK [/stigforge/roles/cs9_stig : Replace the audit rule in {{ audit_file }}] ***
skipping: [localhost]

TASK [/stigforge/roles/cs9_stig : Add the audit rule to {{ audit_file }}] ******
skipping: [localhost]

TASK [/stigforge/roles/cs9_stig : Declare list of syscalls] ********************
skipping: [localhost]

TASK [/stigforge/roles/cs9_stig : Check existence of  in /etc/audit/audit.rules] ***
skipping: [localhost]

TASK [/stigforge/roles/cs9_stig : Set path to /etc/audit/audit.rules] **********
skipping: [localhost]

TASK [/stigforge/roles/cs9_stig : Declare found syscalls] **********************
skipping: [localhost]

TASK [/stigforge/roles/cs9_stig : Declare missing syscalls] ********************
skipping: [localhost]

TASK [/stigforge/roles/cs9_stig : Replace the audit rule in {{ audit_file }}] ***
skipping: [localhost]

TASK [/stigforge/roles/cs9_stig : Add the audit rule to {{ audit_file }}] ******
skipping: [localhost]

TASK [/stigforge/roles/cs9_stig : Declare list of syscalls] ********************
skipping: [localhost]

TASK [/stigforge/roles/cs9_stig : Check existence of  in /etc/audit/rules.d/] ***
skipping: [localhost]

TASK [/stigforge/roles/cs9_stig : Reset syscalls found per file] ***************
skipping: [localhost]

TASK [/stigforge/roles/cs9_stig : Declare syscalls found per file] *************
skipping: [localhost]

TASK [/stigforge/roles/cs9_stig : Declare files where syscalls were found] *****
skipping: [localhost]

TASK [/stigforge/roles/cs9_stig : Count occurrences of syscalls in paths] ******
skipping: [localhost]

TASK [/stigforge/roles/cs9_stig : Get path with most syscalls] *****************
skipping: [localhost]

TASK [/stigforge/roles/cs9_stig : No file with syscall found, set path to /etc/audit/rules.d/privileged.rules] ***
skipping: [localhost]

TASK [/stigforge/roles/cs9_stig : Declare found syscalls] **********************
skipping: [localhost]

TASK [/stigforge/roles/cs9_stig : Declare missing syscalls] ********************
skipping: [localhost]

TASK [/stigforge/roles/cs9_stig : Replace the audit rule in {{ audit_file }}] ***
skipping: [localhost]

TASK [/stigforge/roles/cs9_stig : Add the audit rule to {{ audit_file }}] ******
skipping: [localhost]

TASK [/stigforge/roles/cs9_stig : Declare list of syscalls] ********************
skipping: [localhost]

TASK [/stigforge/roles/cs9_stig : Check existence of  in /etc/audit/audit.rules] ***
skipping: [localhost]

TASK [/stigforge/roles/cs9_stig : Set path to /etc/audit/audit.rules] **********
skipping: [localhost]

TASK [/stigforge/roles/cs9_stig : Declare found syscalls] **********************
skipping: [localhost]

TASK [/stigforge/roles/cs9_stig : Declare missing syscalls] ********************
skipping: [localhost]

TASK [/stigforge/roles/cs9_stig : Replace the audit rule in {{ audit_file }}] ***
skipping: [localhost]

TASK [/stigforge/roles/cs9_stig : Add the audit rule to {{ audit_file }}] ******
skipping: [localhost]

TASK [/stigforge/roles/cs9_stig : Declare list of syscalls] ********************
skipping: [localhost]

TASK [/stigforge/roles/cs9_stig : Check existence of  in /etc/audit/rules.d/] ***
skipping: [localhost]

TASK [/stigforge/roles/cs9_stig : Reset syscalls found per file] ***************
skipping: [localhost]

TASK [/stigforge/roles/cs9_stig : Declare syscalls found per file] *************
skipping: [localhost]

TASK [/stigforge/roles/cs9_stig : Declare files where syscalls were found] *****
skipping: [localhost]

TASK [/stigforge/roles/cs9_stig : Count occurrences of syscalls in paths] ******
skipping: [localhost]

TASK [/stigforge/roles/cs9_stig : Get path with most syscalls] *****************
skipping: [localhost]

TASK [/stigforge/roles/cs9_stig : No file with syscall found, set path to /etc/audit/rules.d/privileged.rules] ***
skipping: [localhost]

TASK [/stigforge/roles/cs9_stig : Declare found syscalls] **********************
skipping: [localhost]

TASK [/stigforge/roles/cs9_stig : Declare missing syscalls] ********************
skipping: [localhost]

TASK [/stigforge/roles/cs9_stig : Replace the audit rule in {{ audit_file }}] ***
skipping: [localhost]

TASK [/stigforge/roles/cs9_stig : Add the audit rule to {{ audit_file }}] ******
skipping: [localhost]

TASK [/stigforge/roles/cs9_stig : Declare list of syscalls] ********************
skipping: [localhost]

TASK [/stigforge/roles/cs9_stig : Check existence of  in /etc/audit/audit.rules] ***
skipping: [localhost]

TASK [/stigforge/roles/cs9_stig : Set path to /etc/audit/audit.rules] **********
skipping: [localhost]

TASK [/stigforge/roles/cs9_stig : Declare found syscalls] **********************
skipping: [localhost]

TASK [/stigforge/roles/cs9_stig : Declare missing syscalls] ********************
skipping: [localhost]

TASK [/stigforge/roles/cs9_stig : Replace the audit rule in {{ audit_file }}] ***
skipping: [localhost]

TASK [/stigforge/roles/cs9_stig : Add the audit rule to {{ audit_file }}] ******
skipping: [localhost]

TASK [/stigforge/roles/cs9_stig : Declare list of syscalls] ********************
skipping: [localhost]

TASK [/stigforge/roles/cs9_stig : Check existence of  in /etc/audit/rules.d/] ***
skipping: [localhost]

TASK [/stigforge/roles/cs9_stig : Reset syscalls found per file] ***************
skipping: [localhost]

TASK [/stigforge/roles/cs9_stig : Declare syscalls found per file] *************
skipping: [localhost]

TASK [/stigforge/roles/cs9_stig : Declare files where syscalls were found] *****
skipping: [localhost]

TASK [/stigforge/roles/cs9_stig : Count occurrences of syscalls in paths] ******
skipping: [localhost]

TASK [/stigforge/roles/cs9_stig : Get path with most syscalls] *****************
skipping: [localhost]

TASK [/stigforge/roles/cs9_stig : No file with syscall found, set path to /etc/audit/rules.d/privileged.rules] ***
skipping: [localhost]

TASK [/stigforge/roles/cs9_stig : Declare found syscalls] **********************
skipping: [localhost]

TASK [/stigforge/roles/cs9_stig : Declare missing syscalls] ********************
skipping: [localhost]

TASK [/stigforge/roles/cs9_stig : Replace the audit rule in {{ audit_file }}] ***
skipping: [localhost]

TASK [/stigforge/roles/cs9_stig : Add the audit rule to {{ audit_file }}] ******
skipping: [localhost]

TASK [/stigforge/roles/cs9_stig : Declare list of syscalls] ********************
skipping: [localhost]

TASK [/stigforge/roles/cs9_stig : Check existence of  in /etc/audit/audit.rules] ***
skipping: [localhost]

TASK [/stigforge/roles/cs9_stig : Set path to /etc/audit/audit.rules] **********
skipping: [localhost]

TASK [/stigforge/roles/cs9_stig : Declare found syscalls] **********************
skipping: [localhost]

TASK [/stigforge/roles/cs9_stig : Declare missing syscalls] ********************
skipping: [localhost]

TASK [/stigforge/roles/cs9_stig : Replace the audit rule in {{ audit_file }}] ***
skipping: [localhost]

TASK [/stigforge/roles/cs9_stig : Add the audit rule to {{ audit_file }}] ******
skipping: [localhost]

TASK [/stigforge/roles/cs9_stig : Declare list of syscalls] ********************
skipping: [localhost]

TASK [/stigforge/roles/cs9_stig : Check existence of  in /etc/audit/rules.d/] ***
skipping: [localhost]

TASK [/stigforge/roles/cs9_stig : Reset syscalls found per file] ***************
skipping: [localhost]

TASK [/stigforge/roles/cs9_stig : Declare syscalls found per file] *************
skipping: [localhost]

TASK [/stigforge/roles/cs9_stig : Declare files where syscalls were found] *****
skipping: [localhost]

TASK [/stigforge/roles/cs9_stig : Count occurrences of syscalls in paths] ******
skipping: [localhost]

TASK [/stigforge/roles/cs9_stig : Get path with most syscalls] *****************
skipping: [localhost]

TASK [/stigforge/roles/cs9_stig : No file with syscall found, set path to /etc/audit/rules.d/privileged.rules] ***
skipping: [localhost]

TASK [/stigforge/roles/cs9_stig : Declare found syscalls] **********************
skipping: [localhost]

TASK [/stigforge/roles/cs9_stig : Declare missing syscalls] ********************
skipping: [localhost]

TASK [/stigforge/roles/cs9_stig : Replace the audit rule in {{ audit_file }}] ***
skipping: [localhost]

TASK [/stigforge/roles/cs9_stig : Add the audit rule to {{ audit_file }}] ******
skipping: [localhost]

TASK [/stigforge/roles/cs9_stig : Declare list of syscalls] ********************
skipping: [localhost]

TASK [/stigforge/roles/cs9_stig : Check existence of  in /etc/audit/audit.rules] ***
skipping: [localhost]

TASK [/stigforge/roles/cs9_stig : Set path to /etc/audit/audit.rules] **********
skipping: [localhost]

TASK [/stigforge/roles/cs9_stig : Declare found syscalls] **********************
skipping: [localhost]

TASK [/stigforge/roles/cs9_stig : Declare missing syscalls] ********************
skipping: [localhost]

TASK [/stigforge/roles/cs9_stig : Replace the audit rule in {{ audit_file }}] ***
skipping: [localhost]

TASK [/stigforge/roles/cs9_stig : Add the audit rule to {{ audit_file }}] ******
skipping: [localhost]

TASK [/stigforge/roles/cs9_stig : Declare list of syscalls] ********************
skipping: [localhost]

TASK [/stigforge/roles/cs9_stig : Check existence of  in /etc/audit/rules.d/] ***
skipping: [localhost]

TASK [/stigforge/roles/cs9_stig : Reset syscalls found per file] ***************
skipping: [localhost]

TASK [/stigforge/roles/cs9_stig : Declare syscalls found per file] *************
skipping: [localhost]

TASK [/stigforge/roles/cs9_stig : Declare files where syscalls were found] *****
skipping: [localhost]

TASK [/stigforge/roles/cs9_stig : Count occurrences of syscalls in paths] ******
skipping: [localhost]

TASK [/stigforge/roles/cs9_stig : Get path with most syscalls] *****************
skipping: [localhost]

TASK [/stigforge/roles/cs9_stig : No file with syscall found, set path to /etc/audit/rules.d/privileged.rules] ***
skipping: [localhost]

TASK [/stigforge/roles/cs9_stig : Declare found syscalls] **********************
skipping: [localhost]

TASK [/stigforge/roles/cs9_stig : Declare missing syscalls] ********************
skipping: [localhost]

TASK [/stigforge/roles/cs9_stig : Replace the audit rule in {{ audit_file }}] ***
skipping: [localhost]

TASK [/stigforge/roles/cs9_stig : Add the audit rule to {{ audit_file }}] ******
skipping: [localhost]

TASK [/stigforge/roles/cs9_stig : Declare list of syscalls] ********************
skipping: [localhost]

TASK [/stigforge/roles/cs9_stig : Check existence of  in /etc/audit/audit.rules] ***
skipping: [localhost]

TASK [/stigforge/roles/cs9_stig : Set path to /etc/audit/audit.rules] **********
skipping: [localhost]

TASK [/stigforge/roles/cs9_stig : Declare found syscalls] **********************
skipping: [localhost]

TASK [/stigforge/roles/cs9_stig : Declare missing syscalls] ********************
skipping: [localhost]

TASK [/stigforge/roles/cs9_stig : Replace the audit rule in {{ audit_file }}] ***
skipping: [localhost]

TASK [/stigforge/roles/cs9_stig : Add the audit rule to {{ audit_file }}] ******
skipping: [localhost]

TASK [/stigforge/roles/cs9_stig : Declare list of syscalls] ********************
skipping: [localhost]

TASK [/stigforge/roles/cs9_stig : Check existence of  in /etc/audit/rules.d/] ***
skipping: [localhost]

TASK [/stigforge/roles/cs9_stig : Reset syscalls found per file] ***************
skipping: [localhost]

TASK [/stigforge/roles/cs9_stig : Declare syscalls found per file] *************
skipping: [localhost]

TASK [/stigforge/roles/cs9_stig : Declare files where syscalls were found] *****
skipping: [localhost]

TASK [/stigforge/roles/cs9_stig : Count occurrences of syscalls in paths] ******
skipping: [localhost]

TASK [/stigforge/roles/cs9_stig : Get path with most syscalls] *****************
skipping: [localhost]

TASK [/stigforge/roles/cs9_stig : No file with syscall found, set path to /etc/audit/rules.d/privileged.rules] ***
skipping: [localhost]

TASK [/stigforge/roles/cs9_stig : Declare found syscalls] **********************
skipping: [localhost]

TASK [/stigforge/roles/cs9_stig : Declare missing syscalls] ********************
skipping: [localhost]

TASK [/stigforge/roles/cs9_stig : Replace the audit rule in {{ audit_file }}] ***
skipping: [localhost]

TASK [/stigforge/roles/cs9_stig : Add the audit rule to {{ audit_file }}] ******
skipping: [localhost]

TASK [/stigforge/roles/cs9_stig : Declare list of syscalls] ********************
skipping: [localhost]

TASK [/stigforge/roles/cs9_stig : Check existence of  in /etc/audit/audit.rules] ***
skipping: [localhost]

TASK [/stigforge/roles/cs9_stig : Set path to /etc/audit/audit.rules] **********
skipping: [localhost]

TASK [/stigforge/roles/cs9_stig : Declare found syscalls] **********************
skipping: [localhost]

TASK [/stigforge/roles/cs9_stig : Declare missing syscalls] ********************
skipping: [localhost]

TASK [/stigforge/roles/cs9_stig : Replace the audit rule in {{ audit_file }}] ***
skipping: [localhost]

TASK [/stigforge/roles/cs9_stig : Add the audit rule to {{ audit_file }}] ******
skipping: [localhost]

TASK [/stigforge/roles/cs9_stig : Declare list of syscalls] ********************
skipping: [localhost]

TASK [/stigforge/roles/cs9_stig : Check existence of  in /etc/audit/rules.d/] ***
skipping: [localhost]

TASK [/stigforge/roles/cs9_stig : Reset syscalls found per file] ***************
skipping: [localhost]

TASK [/stigforge/roles/cs9_stig : Declare syscalls found per file] *************
skipping: [localhost]

TASK [/stigforge/roles/cs9_stig : Declare files where syscalls were found] *****
skipping: [localhost]

TASK [/stigforge/roles/cs9_stig : Count occurrences of syscalls in paths] ******
skipping: [localhost]

TASK [/stigforge/roles/cs9_stig : Get path with most syscalls] *****************
skipping: [localhost]

TASK [/stigforge/roles/cs9_stig : No file with syscall found, set path to /etc/audit/rules.d/privileged.rules] ***
skipping: [localhost]

TASK [/stigforge/roles/cs9_stig : Declare found syscalls] **********************
skipping: [localhost]

TASK [/stigforge/roles/cs9_stig : Declare missing syscalls] ********************
skipping: [localhost]

TASK [/stigforge/roles/cs9_stig : Replace the audit rule in {{ audit_file }}] ***
skipping: [localhost]

TASK [/stigforge/roles/cs9_stig : Add the audit rule to {{ audit_file }}] ******
skipping: [localhost]

TASK [/stigforge/roles/cs9_stig : Declare list of syscalls] ********************
skipping: [localhost]

TASK [/stigforge/roles/cs9_stig : Check existence of  in /etc/audit/audit.rules] ***
skipping: [localhost]

TASK [/stigforge/roles/cs9_stig : Set path to /etc/audit/audit.rules] **********
skipping: [localhost]

TASK [/stigforge/roles/cs9_stig : Declare found syscalls] **********************
skipping: [localhost]

TASK [/stigforge/roles/cs9_stig : Declare missing syscalls] ********************
skipping: [localhost]

TASK [/stigforge/roles/cs9_stig : Replace the audit rule in {{ audit_file }}] ***
skipping: [localhost]

TASK [/stigforge/roles/cs9_stig : Add the audit rule to {{ audit_file }}] ******
skipping: [localhost]

TASK [/stigforge/roles/cs9_stig : Declare list of syscalls] ********************
skipping: [localhost]

TASK [/stigforge/roles/cs9_stig : Check existence of  in /etc/audit/rules.d/] ***
skipping: [localhost]

TASK [/stigforge/roles/cs9_stig : Reset syscalls found per file] ***************
skipping: [localhost]

TASK [/stigforge/roles/cs9_stig : Declare syscalls found per file] *************
skipping: [localhost]

TASK [/stigforge/roles/cs9_stig : Declare files where syscalls were found] *****
skipping: [localhost]

TASK [/stigforge/roles/cs9_stig : Count occurrences of syscalls in paths] ******
skipping: [localhost]

TASK [/stigforge/roles/cs9_stig : Get path with most syscalls] *****************
skipping: [localhost]

TASK [/stigforge/roles/cs9_stig : No file with syscall found, set path to /etc/audit/rules.d/privileged.rules] ***
skipping: [localhost]

TASK [/stigforge/roles/cs9_stig : Declare found syscalls] **********************
skipping: [localhost]

TASK [/stigforge/roles/cs9_stig : Declare missing syscalls] ********************
skipping: [localhost]

TASK [/stigforge/roles/cs9_stig : Replace the audit rule in {{ audit_file }}] ***
skipping: [localhost]

TASK [/stigforge/roles/cs9_stig : Add the audit rule to {{ audit_file }}] ******
skipping: [localhost]

TASK [/stigforge/roles/cs9_stig : Declare list of syscalls] ********************
skipping: [localhost]

TASK [/stigforge/roles/cs9_stig : Check existence of  in /etc/audit/audit.rules] ***
skipping: [localhost]

TASK [/stigforge/roles/cs9_stig : Set path to /etc/audit/audit.rules] **********
skipping: [localhost]

TASK [/stigforge/roles/cs9_stig : Declare found syscalls] **********************
skipping: [localhost]

TASK [/stigforge/roles/cs9_stig : Declare missing syscalls] ********************
skipping: [localhost]

TASK [/stigforge/roles/cs9_stig : Replace the audit rule in {{ audit_file }}] ***
skipping: [localhost]

TASK [/stigforge/roles/cs9_stig : Add the audit rule to {{ audit_file }}] ******
skipping: [localhost]

TASK [/stigforge/roles/cs9_stig : Declare list of syscalls] ********************
skipping: [localhost]

TASK [/stigforge/roles/cs9_stig : Check existence of  in /etc/audit/rules.d/] ***
skipping: [localhost]

TASK [/stigforge/roles/cs9_stig : Reset syscalls found per file] ***************
skipping: [localhost]

TASK [/stigforge/roles/cs9_stig : Declare syscalls found per file] *************
skipping: [localhost]

TASK [/stigforge/roles/cs9_stig : Declare files where syscalls were found] *****
skipping: [localhost]

TASK [/stigforge/roles/cs9_stig : Count occurrences of syscalls in paths] ******
skipping: [localhost]

TASK [/stigforge/roles/cs9_stig : Get path with most syscalls] *****************
skipping: [localhost]

TASK [/stigforge/roles/cs9_stig : No file with syscall found, set path to /etc/audit/rules.d/privileged.rules] ***
skipping: [localhost]

TASK [/stigforge/roles/cs9_stig : Declare found syscalls] **********************
skipping: [localhost]

TASK [/stigforge/roles/cs9_stig : Declare missing syscalls] ********************
skipping: [localhost]

TASK [/stigforge/roles/cs9_stig : Replace the audit rule in {{ audit_file }}] ***
skipping: [localhost]

TASK [/stigforge/roles/cs9_stig : Add the audit rule to {{ audit_file }}] ******
skipping: [localhost]

TASK [/stigforge/roles/cs9_stig : Declare list of syscalls] ********************
skipping: [localhost]

TASK [/stigforge/roles/cs9_stig : Check existence of  in /etc/audit/audit.rules] ***
skipping: [localhost]

TASK [/stigforge/roles/cs9_stig : Set path to /etc/audit/audit.rules] **********
skipping: [localhost]

TASK [/stigforge/roles/cs9_stig : Declare found syscalls] **********************
skipping: [localhost]

TASK [/stigforge/roles/cs9_stig : Declare missing syscalls] ********************
skipping: [localhost]

TASK [/stigforge/roles/cs9_stig : Replace the audit rule in {{ audit_file }}] ***
skipping: [localhost]

TASK [/stigforge/roles/cs9_stig : Add the audit rule to {{ audit_file }}] ******
skipping: [localhost]

TASK [/stigforge/roles/cs9_stig : Declare list of syscalls] ********************
skipping: [localhost]

TASK [/stigforge/roles/cs9_stig : Check existence of  in /etc/audit/rules.d/] ***
skipping: [localhost]

TASK [/stigforge/roles/cs9_stig : Reset syscalls found per file] ***************
skipping: [localhost]

TASK [/stigforge/roles/cs9_stig : Declare syscalls found per file] *************
skipping: [localhost]

TASK [/stigforge/roles/cs9_stig : Declare files where syscalls were found] *****
skipping: [localhost]

TASK [/stigforge/roles/cs9_stig : Count occurrences of syscalls in paths] ******
skipping: [localhost]

TASK [/stigforge/roles/cs9_stig : Get path with most syscalls] *****************
skipping: [localhost]

TASK [/stigforge/roles/cs9_stig : No file with syscall found, set path to /etc/audit/rules.d/privileged.rules] ***
skipping: [localhost]

TASK [/stigforge/roles/cs9_stig : Declare found syscalls] **********************
skipping: [localhost]

TASK [/stigforge/roles/cs9_stig : Declare missing syscalls] ********************
skipping: [localhost]

TASK [/stigforge/roles/cs9_stig : Replace the audit rule in {{ audit_file }}] ***
skipping: [localhost]

TASK [/stigforge/roles/cs9_stig : Add the audit rule to {{ audit_file }}] ******
skipping: [localhost]

TASK [/stigforge/roles/cs9_stig : Declare list of syscalls] ********************
skipping: [localhost]

TASK [/stigforge/roles/cs9_stig : Check existence of  in /etc/audit/audit.rules] ***
skipping: [localhost]

TASK [/stigforge/roles/cs9_stig : Set path to /etc/audit/audit.rules] **********
skipping: [localhost]

TASK [/stigforge/roles/cs9_stig : Declare found syscalls] **********************
skipping: [localhost]

TASK [/stigforge/roles/cs9_stig : Declare missing syscalls] ********************
skipping: [localhost]

TASK [/stigforge/roles/cs9_stig : Replace the audit rule in {{ audit_file }}] ***
skipping: [localhost]

TASK [/stigforge/roles/cs9_stig : Add the audit rule to {{ audit_file }}] ******
skipping: [localhost]

TASK [/stigforge/roles/cs9_stig : Declare list of syscalls] ********************
skipping: [localhost]

TASK [/stigforge/roles/cs9_stig : Check existence of  in /etc/audit/rules.d/] ***
skipping: [localhost]

TASK [/stigforge/roles/cs9_stig : Reset syscalls found per file] ***************
skipping: [localhost]

TASK [/stigforge/roles/cs9_stig : Declare syscalls found per file] *************
skipping: [localhost]

TASK [/stigforge/roles/cs9_stig : Declare files where syscalls were found] *****
skipping: [localhost]

TASK [/stigforge/roles/cs9_stig : Count occurrences of syscalls in paths] ******
skipping: [localhost]

TASK [/stigforge/roles/cs9_stig : Get path with most syscalls] *****************
skipping: [localhost]

TASK [/stigforge/roles/cs9_stig : No file with syscall found, set path to /etc/audit/rules.d/privileged.rules] ***
skipping: [localhost]

TASK [/stigforge/roles/cs9_stig : Declare found syscalls] **********************
skipping: [localhost]

TASK [/stigforge/roles/cs9_stig : Declare missing syscalls] ********************
skipping: [localhost]

TASK [/stigforge/roles/cs9_stig : Replace the audit rule in {{ audit_file }}] ***
skipping: [localhost]

TASK [/stigforge/roles/cs9_stig : Add the audit rule to {{ audit_file }}] ******
skipping: [localhost]

TASK [/stigforge/roles/cs9_stig : Declare list of syscalls] ********************
skipping: [localhost]

TASK [/stigforge/roles/cs9_stig : Check existence of  in /etc/audit/audit.rules] ***
skipping: [localhost]

TASK [/stigforge/roles/cs9_stig : Set path to /etc/audit/audit.rules] **********
skipping: [localhost]

TASK [/stigforge/roles/cs9_stig : Declare found syscalls] **********************
skipping: [localhost]

TASK [/stigforge/roles/cs9_stig : Declare missing syscalls] ********************
skipping: [localhost]

TASK [/stigforge/roles/cs9_stig : Replace the audit rule in {{ audit_file }}] ***
skipping: [localhost]

TASK [/stigforge/roles/cs9_stig : Add the audit rule to {{ audit_file }}] ******
skipping: [localhost]

TASK [/stigforge/roles/cs9_stig : Declare list of syscalls] ********************
skipping: [localhost]

TASK [/stigforge/roles/cs9_stig : Check existence of  in /etc/audit/rules.d/] ***
skipping: [localhost]

TASK [/stigforge/roles/cs9_stig : Reset syscalls found per file] ***************
skipping: [localhost]

TASK [/stigforge/roles/cs9_stig : Declare syscalls found per file] *************
skipping: [localhost]

TASK [/stigforge/roles/cs9_stig : Declare files where syscalls were found] *****
skipping: [localhost]

TASK [/stigforge/roles/cs9_stig : Count occurrences of syscalls in paths] ******
skipping: [localhost]

TASK [/stigforge/roles/cs9_stig : Get path with most syscalls] *****************
skipping: [localhost]

TASK [/stigforge/roles/cs9_stig : No file with syscall found, set path to /etc/audit/rules.d/privileged.rules] ***
skipping: [localhost]

TASK [/stigforge/roles/cs9_stig : Declare found syscalls] **********************
skipping: [localhost]

TASK [/stigforge/roles/cs9_stig : Declare missing syscalls] ********************
skipping: [localhost]

TASK [/stigforge/roles/cs9_stig : Replace the audit rule in {{ audit_file }}] ***
skipping: [localhost]

TASK [/stigforge/roles/cs9_stig : Add the audit rule to {{ audit_file }}] ******
skipping: [localhost]

TASK [/stigforge/roles/cs9_stig : Declare list of syscalls] ********************
skipping: [localhost]

TASK [/stigforge/roles/cs9_stig : Check existence of  in /etc/audit/audit.rules] ***
skipping: [localhost]

TASK [/stigforge/roles/cs9_stig : Set path to /etc/audit/audit.rules] **********
skipping: [localhost]

TASK [/stigforge/roles/cs9_stig : Declare found syscalls] **********************
skipping: [localhost]

TASK [/stigforge/roles/cs9_stig : Declare missing syscalls] ********************
skipping: [localhost]

TASK [/stigforge/roles/cs9_stig : Replace the audit rule in {{ audit_file }}] ***
skipping: [localhost]

TASK [/stigforge/roles/cs9_stig : Add the audit rule to {{ audit_file }}] ******
skipping: [localhost]

TASK [/stigforge/roles/cs9_stig : Declare list of syscalls] ********************
skipping: [localhost]

TASK [/stigforge/roles/cs9_stig : Check existence of  in /etc/audit/rules.d/] ***
skipping: [localhost]

TASK [/stigforge/roles/cs9_stig : Reset syscalls found per file] ***************
skipping: [localhost]

TASK [/stigforge/roles/cs9_stig : Declare syscalls found per file] *************
skipping: [localhost]

TASK [/stigforge/roles/cs9_stig : Declare files where syscalls were found] *****
skipping: [localhost]

TASK [/stigforge/roles/cs9_stig : Count occurrences of syscalls in paths] ******
skipping: [localhost]

TASK [/stigforge/roles/cs9_stig : Get path with most syscalls] *****************
skipping: [localhost]

TASK [/stigforge/roles/cs9_stig : No file with syscall found, set path to /etc/audit/rules.d/privileged.rules] ***
skipping: [localhost]

TASK [/stigforge/roles/cs9_stig : Declare found syscalls] **********************
skipping: [localhost]

TASK [/stigforge/roles/cs9_stig : Declare missing syscalls] ********************
skipping: [localhost]

TASK [/stigforge/roles/cs9_stig : Replace the audit rule in {{ audit_file }}] ***
skipping: [localhost]

TASK [/stigforge/roles/cs9_stig : Add the audit rule to {{ audit_file }}] ******
skipping: [localhost]

TASK [/stigforge/roles/cs9_stig : Declare list of syscalls] ********************
skipping: [localhost]

TASK [/stigforge/roles/cs9_stig : Check existence of  in /etc/audit/audit.rules] ***
skipping: [localhost]

TASK [/stigforge/roles/cs9_stig : Set path to /etc/audit/audit.rules] **********
skipping: [localhost]

TASK [/stigforge/roles/cs9_stig : Declare found syscalls] **********************
skipping: [localhost]

TASK [/stigforge/roles/cs9_stig : Declare missing syscalls] ********************
skipping: [localhost]

TASK [/stigforge/roles/cs9_stig : Replace the audit rule in {{ audit_file }}] ***
skipping: [localhost]

TASK [/stigforge/roles/cs9_stig : Add the audit rule to {{ audit_file }}] ******
skipping: [localhost]

TASK [/stigforge/roles/cs9_stig : Configure auditd Disk Error Action on Disk Error] ***
skipping: [localhost]

TASK [/stigforge/roles/cs9_stig : Configure auditd Disk Full Action when Disk Space Is Full] ***
skipping: [localhost]

TASK [/stigforge/roles/cs9_stig : Configure auditd mail_acct Action on Low Disk Space - Configure auditd mail_acct Action on Low Disk Space] ***
skipping: [localhost]

TASK [/stigforge/roles/cs9_stig : Configure auditd admin_space_left Action on Low Disk Space] ***
skipping: [localhost]

TASK [/stigforge/roles/cs9_stig : Configure auditd admin_space_left on Low Disk Space] ***
skipping: [localhost]

TASK [/stigforge/roles/cs9_stig : Configure auditd max_log_file_action Upon Reaching Maximum Log Size] ***
skipping: [localhost]

TASK [/stigforge/roles/cs9_stig : Configure auditd space_left Action on Low Disk Space] ***
skipping: [localhost]

TASK [/stigforge/roles/cs9_stig : Configure auditd space_left on Low Disk Space] ***
skipping: [localhost]

TASK [/stigforge/roles/cs9_stig : Check for duplicate values] ******************
skipping: [localhost]

TASK [/stigforge/roles/cs9_stig : Deduplicate values from /etc/audit/auditd.conf] ***
skipping: [localhost]

TASK [/stigforge/roles/cs9_stig : Insert correct line to /etc/audit/auditd.conf] ***
skipping: [localhost]

TASK [/stigforge/roles/cs9_stig : Check for duplicate values] ******************
skipping: [localhost]

TASK [/stigforge/roles/cs9_stig : Deduplicate values from /etc/audit/auditd.conf] ***
skipping: [localhost]

TASK [/stigforge/roles/cs9_stig : Insert correct line to /etc/audit/auditd.conf] ***
skipping: [localhost]

TASK [/stigforge/roles/cs9_stig : Check for duplicate values] ******************
skipping: [localhost]

TASK [/stigforge/roles/cs9_stig : Deduplicate values from /etc/audit/auditd.conf] ***
skipping: [localhost]

TASK [/stigforge/roles/cs9_stig : Insert correct line to /etc/audit/auditd.conf] ***
skipping: [localhost]

TASK [/stigforge/roles/cs9_stig : Set type of computer node name logging in audit logs - Define Value to Be Used in the Remediation] ***
skipping: [localhost]

TASK [/stigforge/roles/cs9_stig : Check for duplicate values] ******************
skipping: [localhost]

TASK [/stigforge/roles/cs9_stig : Deduplicate values from /etc/audit/auditd.conf] ***
skipping: [localhost]

TASK [/stigforge/roles/cs9_stig : Insert correct line to /etc/audit/auditd.conf] ***
skipping: [localhost]

TASK [/stigforge/roles/cs9_stig : Check for duplicate values] ******************
skipping: [localhost]

TASK [/stigforge/roles/cs9_stig : Deduplicate values from /etc/audit/auditd.conf] ***
skipping: [localhost]

TASK [/stigforge/roles/cs9_stig : Insert correct line to /etc/audit/auditd.conf] ***
skipping: [localhost]

TASK [/stigforge/roles/cs9_stig : Check for duplicate values] ******************
skipping: [localhost]

TASK [/stigforge/roles/cs9_stig : Deduplicate values from /etc/audit/auditd.conf] ***
skipping: [localhost]

TASK [/stigforge/roles/cs9_stig : Insert correct line to /etc/audit/auditd.conf] ***
skipping: [localhost]

PLAY RECAP *********************************************************************
localhost                  : ok=170  changed=6    unreachable=0    failed=0    skipped=3990 rescued=1    ignored=0   

